dataset,seed,n_cal_fraud,resample,target,achieved,alert_pct,degenerate
K,42,10,0,0.8,0.8867,15.8278,False
K,42,10,0,0.9,0.8867,15.8278,False
K,42,10,0,0.95,0.8867,15.8278,False
K,42,10,1,0.8,0.8079,0.8425,False
K,42,10,1,0.9,0.8079,0.8425,False
K,42,10,1,0.95,0.8079,0.8425,False
K,42,10,2,0.8,0.8191,0.9188,False
K,42,10,2,0.9,0.8191,0.9188,False
K,42,10,2,0.95,0.8191,0.9188,False
K,42,10,3,0.8,1.0,100.0,True
K,42,10,3,0.9,1.0,100.0,True
K,42,10,3,0.95,1.0,100.0,True
K,42,10,4,0.8,0.8867,15.8278,False
K,42,10,4,0.9,0.8867,15.8278,False
K,42,10,4,0.95,0.8867,15.8278,False
K,42,10,5,0.8,0.8191,0.9188,False
K,42,10,5,0.9,0.8191,0.9188,False
K,42,10,5,0.95,0.8191,0.9188,False
K,42,10,6,0.8,0.9888,82.6905,True
K,42,10,6,0.9,0.9888,82.6905,True
K,42,10,6,0.95,0.9888,82.6905,True
K,42,10,7,0.8,0.8266,0.9906,False
K,42,10,7,0.9,0.8266,0.9906,False
K,42,10,7,0.95,0.8266,0.9906,False
K,42,10,8,0.8,0.9888,82.6905,True
K,42,10,8,0.9,0.9888,82.6905,True
K,42,10,8,0.95,0.9888,82.6905,True
K,42,10,9,0.8,0.834,1.0635,False
K,42,10,9,0.9,0.834,1.0635,False
K,42,10,9,0.95,0.834,1.0635,False
K,42,10,10,0.8,0.9417,41.3979,False
K,42,10,10,0.9,0.9417,41.3979,False
K,42,10,10,0.95,0.9417,41.3979,False
K,42,10,11,0.8,0.8191,0.9188,False
K,42,10,11,0.9,0.8191,0.9188,False
K,42,10,11,0.95,0.8191,0.9188,False
K,42,10,12,0.8,0.9888,82.6905,True
K,42,10,12,0.9,0.9888,82.6905,True
K,42,10,12,0.95,0.9888,82.6905,True
K,42,10,13,0.8,0.8867,15.8278,False
K,42,10,13,0.9,0.8867,15.8278,False
K,42,10,13,0.95,0.8867,15.8278,False
K,42,10,14,0.8,0.8867,15.8278,False
K,42,10,14,0.9,0.8867,15.8278,False
K,42,10,14,0.95,0.8867,15.8278,False
K,42,10,15,0.8,0.9888,82.6905,True
K,42,10,15,0.9,0.9888,82.6905,True
K,42,10,15,0.95,0.9888,82.6905,True
K,42,10,16,0.8,0.9417,41.3979,False
K,42,10,16,0.9,0.9417,41.3979,False
K,42,10,16,0.95,0.9417,41.3979,False
K,42,10,17,0.8,0.8079,0.8425,False
K,42,10,17,0.9,0.8079,0.8425,False
K,42,10,17,0.95,0.8079,0.8425,False
K,42,10,18,0.8,0.9888,82.6905,True
K,42,10,18,0.9,0.9888,82.6905,True
K,42,10,18,0.95,0.9888,82.6905,True
K,42,10,19,0.8,1.0,100.0,True
K,42,10,19,0.9,1.0,100.0,True
K,42,10,19,0.95,1.0,100.0,True
K,42,10,20,0.8,0.9417,41.3979,False
K,42,10,20,0.9,0.9417,41.3979,False
K,42,10,20,0.95,0.9417,41.3979,False
K,42,10,21,0.8,0.9888,82.6905,True
K,42,10,21,0.9,0.9888,82.6905,True
K,42,10,21,0.95,0.9888,82.6905,True
K,42,10,22,0.8,0.8079,0.8425,False
K,42,10,22,0.9,0.8079,0.8425,False
K,42,10,22,0.95,0.8079,0.8425,False
K,42,10,23,0.8,0.765,0.6932,False
K,42,10,23,0.9,0.765,0.6932,False
K,42,10,23,0.95,0.765,0.6932,False
K,42,10,24,0.8,0.8266,0.9906,False
K,42,10,24,0.9,0.8266,0.9906,False
K,42,10,24,0.95,0.8266,0.9906,False
K,42,10,25,0.8,0.7907,0.7806,False
K,42,10,25,0.9,0.7907,0.7806,False
K,42,10,25,0.95,0.7907,0.7806,False
K,42,10,26,0.8,0.9888,82.6905,True
K,42,10,26,0.9,0.9888,82.6905,True
K,42,10,26,0.95,0.9888,82.6905,True
K,42,10,27,0.8,0.9417,41.3979,False
K,42,10,27,0.9,0.9417,41.3979,False
K,42,10,27,0.95,0.9417,41.3979,False
K,42,10,28,0.8,0.8867,15.8278,False
K,42,10,28,0.9,0.8867,15.8278,False
K,42,10,28,0.95,0.8867,15.8278,False
K,42,10,29,0.8,0.9417,41.3979,False
K,42,10,29,0.9,0.9417,41.3979,False
K,42,10,29,0.95,0.9417,41.3979,False
K,42,10,30,0.8,1.0,100.0,True
K,42,10,30,0.9,1.0,100.0,True
K,42,10,30,0.95,1.0,100.0,True
K,42,10,31,0.8,0.9888,82.6905,True
K,42,10,31,0.9,0.9888,82.6905,True
K,42,10,31,0.95,0.9888,82.6905,True
K,42,10,32,0.8,0.8331,1.0505,False
K,42,10,32,0.9,0.8331,1.0505,False
K,42,10,32,0.95,0.8331,1.0505,False
K,42,10,33,0.8,0.8266,0.9906,False
K,42,10,33,0.9,0.8266,0.9906,False
K,42,10,33,0.95,0.8266,0.9906,False
K,42,10,34,0.8,0.9417,41.3979,False
K,42,10,34,0.9,0.9417,41.3979,False
K,42,10,34,0.95,0.9417,41.3979,False
K,42,10,35,0.8,0.9888,82.6905,True
K,42,10,35,0.9,0.9888,82.6905,True
K,42,10,35,0.95,0.9888,82.6905,True
K,42,10,36,0.8,0.7249,0.5882,False
K,42,10,36,0.9,0.7249,0.5882,False
K,42,10,36,0.95,0.7249,0.5882,False
K,42,10,37,0.8,0.8191,0.9188,False
K,42,10,37,0.9,0.8191,0.9188,False
K,42,10,37,0.95,0.8191,0.9188,False
K,42,10,38,0.8,0.7907,0.7806,False
K,42,10,38,0.9,0.7907,0.7806,False
K,42,10,38,0.95,0.7907,0.7806,False
K,42,10,39,0.8,0.9888,82.6905,True
K,42,10,39,0.9,0.9888,82.6905,True
K,42,10,39,0.95,0.9888,82.6905,True
K,42,15,0,0.8,0.8867,15.8278,False
K,42,15,0,0.9,0.9888,82.6905,True
K,42,15,0,0.95,0.9888,82.6905,True
K,42,15,1,0.8,0.8191,0.9188,False
K,42,15,1,0.9,0.9021,20.9475,False
K,42,15,1,0.95,0.9021,20.9475,False
K,42,15,2,0.8,0.8867,15.8278,False
K,42,15,2,0.9,0.9417,41.3979,False
K,42,15,2,0.95,0.9417,41.3979,False
K,42,15,3,0.8,0.8867,15.8278,False
K,42,15,3,0.9,0.8867,15.8278,False
K,42,15,3,0.95,0.8867,15.8278,False
K,42,15,4,0.8,0.9417,41.3979,False
K,42,15,4,0.9,0.9888,82.6905,True
K,42,15,4,0.95,0.9888,82.6905,True
K,42,15,5,0.8,0.7249,0.5882,False
K,42,15,5,0.9,0.9021,20.9475,False
K,42,15,5,0.95,0.9021,20.9475,False
K,42,15,6,0.8,0.8191,0.9188,False
K,42,15,6,0.9,0.8331,1.0505,False
K,42,15,6,0.95,0.8331,1.0505,False
K,42,15,7,0.8,0.8867,15.8278,False
K,42,15,7,0.9,0.8867,15.8278,False
K,42,15,7,0.95,0.8867,15.8278,False
K,42,15,8,0.8,0.8867,15.8278,False
K,42,15,8,0.9,0.9417,41.3979,False
K,42,15,8,0.95,0.9417,41.3979,False
K,42,15,9,0.8,0.7907,0.7806,False
K,42,15,9,0.9,0.8331,1.0505,False
K,42,15,9,0.95,0.8331,1.0505,False
K,42,15,10,0.8,0.9417,41.3979,False
K,42,15,10,0.9,0.9888,82.6905,True
K,42,15,10,0.95,0.9888,82.6905,True
K,42,15,11,0.8,0.8867,15.8278,False
K,42,15,11,0.9,0.9417,41.3979,False
K,42,15,11,0.95,0.9417,41.3979,False
K,42,15,12,0.8,0.8867,15.8278,False
K,42,15,12,0.9,0.8867,15.8278,False
K,42,15,12,0.95,0.8867,15.8278,False
K,42,15,13,0.8,0.7907,0.7806,False
K,42,15,13,0.9,0.8867,15.8278,False
K,42,15,13,0.95,0.8867,15.8278,False
K,42,15,14,0.8,0.9021,20.9475,False
K,42,15,14,0.9,0.9888,82.6905,True
K,42,15,14,0.95,0.9888,82.6905,True
K,42,15,15,0.8,0.7907,0.7806,False
K,42,15,15,0.9,0.9888,82.6905,True
K,42,15,15,0.95,0.9888,82.6905,True
K,42,15,16,0.8,0.765,0.6932,False
K,42,15,16,0.9,0.9417,41.3979,False
K,42,15,16,0.95,0.9417,41.3979,False
K,42,15,17,0.8,0.9888,82.6905,True
K,42,15,17,0.9,0.9888,82.6905,True
K,42,15,17,0.95,0.9888,82.6905,True
K,42,15,18,0.8,0.8331,1.0505,False
K,42,15,18,0.9,0.9888,82.6905,True
K,42,15,18,0.95,0.9888,82.6905,True
K,42,15,19,0.8,0.8867,15.8278,False
K,42,15,19,0.9,0.9417,41.3979,False
K,42,15,19,0.95,0.9417,41.3979,False
K,42,15,20,0.8,0.9888,82.6905,True
K,42,15,20,0.9,1.0,100.0,True
K,42,15,20,0.95,1.0,100.0,True
K,42,15,21,0.8,0.8359,1.0907,False
K,42,15,21,0.9,0.9888,82.6905,True
K,42,15,21,0.95,0.9888,82.6905,True
K,42,15,22,0.8,0.9026,21.0347,False
K,42,15,22,0.9,0.9888,82.6905,True
K,42,15,22,0.95,0.9888,82.6905,True
K,42,15,23,0.8,0.8266,0.9906,False
K,42,15,23,0.9,0.8867,15.8278,False
K,42,15,23,0.95,0.8867,15.8278,False
K,42,15,24,0.8,0.8867,15.8278,False
K,42,15,24,0.9,0.8867,15.8278,False
K,42,15,24,0.95,0.8867,15.8278,False
K,42,15,25,0.8,0.9888,82.6905,True
K,42,15,25,0.9,0.9888,82.6905,True
K,42,15,25,0.95,0.9888,82.6905,True
K,42,15,26,0.8,0.9888,82.6905,True
K,42,15,26,0.9,1.0,100.0,True
K,42,15,26,0.95,1.0,100.0,True
K,42,15,27,0.8,0.7907,0.7806,False
K,42,15,27,0.9,0.9417,41.3979,False
K,42,15,27,0.95,0.9417,41.3979,False
K,42,15,28,0.8,0.9417,41.3979,False
K,42,15,28,0.9,0.9888,82.6905,True
K,42,15,28,0.95,0.9888,82.6905,True
K,42,15,29,0.8,0.765,0.6932,False
K,42,15,29,0.9,0.9417,41.3979,False
K,42,15,29,0.95,0.9417,41.3979,False
K,42,15,30,0.8,0.7249,0.5882,False
K,42,15,30,0.9,0.8191,0.9188,False
K,42,15,30,0.95,0.8191,0.9188,False
K,42,15,31,0.8,0.8867,15.8278,False
K,42,15,31,0.9,0.9417,41.3979,False
K,42,15,31,0.95,0.9417,41.3979,False
K,42,15,32,0.8,0.8079,0.8425,False
K,42,15,32,0.9,0.9021,20.9475,False
K,42,15,32,0.95,0.9021,20.9475,False
K,42,15,33,0.8,0.9888,82.6905,True
K,42,15,33,0.9,0.9888,82.6905,True
K,42,15,33,0.95,0.9888,82.6905,True
K,42,15,34,0.8,0.9417,41.3979,False
K,42,15,34,0.9,0.9888,82.6905,True
K,42,15,34,0.95,0.9888,82.6905,True
K,42,15,35,0.8,0.9417,41.3979,False
K,42,15,35,0.9,0.9888,82.6905,True
K,42,15,35,0.95,0.9888,82.6905,True
K,42,15,36,0.8,0.9417,41.3979,False
K,42,15,36,0.9,0.9417,41.3979,False
K,42,15,36,0.95,0.9417,41.3979,False
K,42,15,37,0.8,0.8867,15.8278,False
K,42,15,37,0.9,0.9888,82.6905,True
K,42,15,37,0.95,0.9888,82.6905,True
K,42,15,38,0.8,0.8266,0.9906,False
K,42,15,38,0.9,0.9417,41.3979,False
K,42,15,38,0.95,0.9417,41.3979,False
K,42,15,39,0.8,0.7249,0.5882,False
K,42,15,39,0.9,0.9026,21.0347,False
K,42,15,39,0.95,0.9026,21.0347,False
K,42,20,0,0.8,0.7907,0.7806,False
K,42,20,0,0.9,0.8867,15.8278,False
K,42,20,0,0.95,0.8867,15.8278,False
K,42,20,1,0.8,0.8191,0.9188,False
K,42,20,1,0.9,0.9888,82.6905,True
K,42,20,1,0.95,0.9888,82.6905,True
K,42,20,2,0.8,0.8359,1.0907,False
K,42,20,2,0.9,0.9888,82.6905,True
K,42,20,2,0.95,0.9888,82.6905,True
K,42,20,3,0.8,0.8867,15.8278,False
K,42,20,3,0.9,0.9888,82.6905,True
K,42,20,3,0.95,0.9888,82.6905,True
K,42,20,4,0.8,0.8867,15.8278,False
K,42,20,4,0.9,0.9888,82.6905,True
K,42,20,4,0.95,0.9888,82.6905,True
K,42,20,5,0.8,0.8867,15.8278,False
K,42,20,5,0.9,0.9888,82.6905,True
K,42,20,5,0.95,0.9888,82.6905,True
K,42,20,6,0.8,0.8867,15.8278,False
K,42,20,6,0.9,0.9888,82.6905,True
K,42,20,6,0.95,0.9888,82.6905,True
K,42,20,7,0.8,0.7249,0.5882,False
K,42,20,7,0.9,0.9888,82.6905,True
K,42,20,7,0.95,0.9888,82.6905,True
K,42,20,8,0.8,0.8266,0.9906,False
K,42,20,8,0.9,0.8867,15.8278,False
K,42,20,8,0.95,0.8867,15.8278,False
K,42,20,9,0.8,0.7249,0.5882,False
K,42,20,9,0.9,0.9021,20.9475,False
K,42,20,9,0.95,0.9021,20.9475,False
K,42,20,10,0.8,0.8331,1.0505,False
K,42,20,10,0.9,0.9417,41.3979,False
K,42,20,10,0.95,0.9417,41.3979,False
K,42,20,11,0.8,0.7249,0.5882,False
K,42,20,11,0.9,0.8266,0.9906,False
K,42,20,11,0.95,0.8266,0.9906,False
K,42,20,12,0.8,0.765,0.6932,False
K,42,20,12,0.9,0.9888,82.6905,True
K,42,20,12,0.95,0.9888,82.6905,True
K,42,20,13,0.8,0.8867,15.8278,False
K,42,20,13,0.9,0.9888,82.6905,True
K,42,20,13,0.95,0.9888,82.6905,True
K,42,20,14,0.8,0.8079,0.8425,False
K,42,20,14,0.9,0.9888,82.6905,True
K,42,20,14,0.95,0.9888,82.6905,True
K,42,20,15,0.8,0.9417,41.3979,False
K,42,20,15,0.9,0.9888,82.6905,True
K,42,20,15,0.95,0.9888,82.6905,True
K,42,20,16,0.8,0.7907,0.7806,False
K,42,20,16,0.9,0.9888,82.6905,True
K,42,20,16,0.95,0.9888,82.6905,True
K,42,20,17,0.8,0.9417,41.3979,False
K,42,20,17,0.9,0.9888,82.6905,True
K,42,20,17,0.95,0.9888,82.6905,True
K,42,20,18,0.8,0.7907,0.7806,False
K,42,20,18,0.9,0.9888,82.6905,True
K,42,20,18,0.95,0.9888,82.6905,True
K,42,20,19,0.8,0.8867,15.8278,False
K,42,20,19,0.9,0.9888,82.6905,True
K,42,20,19,0.95,0.9888,82.6905,True
K,42,20,20,0.8,0.9417,41.3979,False
K,42,20,20,0.9,0.9888,82.6905,True
K,42,20,20,0.95,0.9888,82.6905,True
K,42,20,21,0.8,0.765,0.6932,False
K,42,20,21,0.9,0.9021,20.9475,False
K,42,20,21,0.95,0.9021,20.9475,False
K,42,20,22,0.8,0.765,0.6932,False
K,42,20,22,0.9,0.9021,20.9475,False
K,42,20,22,0.95,0.9021,20.9475,False
K,42,20,23,0.8,0.8867,15.8278,False
K,42,20,23,0.9,0.9417,41.3979,False
K,42,20,23,0.95,0.9417,41.3979,False
K,42,20,24,0.8,0.8191,0.9188,False
K,42,20,24,0.9,0.9021,20.9475,False
K,42,20,24,0.95,0.9021,20.9475,False
K,42,20,25,0.8,0.9888,82.6905,True
K,42,20,25,0.9,0.9888,82.6905,True
K,42,20,25,0.95,0.9888,82.6905,True
K,42,20,26,0.8,0.7907,0.7806,False
K,42,20,26,0.9,0.8867,15.8278,False
K,42,20,26,0.95,0.8867,15.8278,False
K,42,20,27,0.8,0.9021,20.9475,False
K,42,20,27,0.9,0.9888,82.6905,True
K,42,20,27,0.95,0.9888,82.6905,True
K,42,20,28,0.8,0.8867,15.8278,False
K,42,20,28,0.9,0.9417,41.3979,False
K,42,20,28,0.95,0.9417,41.3979,False
K,42,20,29,0.8,0.9417,41.3979,False
K,42,20,29,0.9,1.0,100.0,True
K,42,20,29,0.95,1.0,100.0,True
K,42,20,30,0.8,0.8867,15.8278,False
K,42,20,30,0.9,0.9417,41.3979,False
K,42,20,30,0.95,0.9417,41.3979,False
K,42,20,31,0.8,0.9417,41.3979,False
K,42,20,31,0.9,0.9888,82.6905,True
K,42,20,31,0.95,0.9888,82.6905,True
K,42,20,32,0.8,0.765,0.6932,False
K,42,20,32,0.9,0.9888,82.6905,True
K,42,20,32,0.95,0.9888,82.6905,True
K,42,20,33,0.8,0.8867,15.8278,False
K,42,20,33,0.9,0.9888,82.6905,True
K,42,20,33,0.95,0.9888,82.6905,True
K,42,20,34,0.8,0.8867,15.8278,False
K,42,20,34,0.9,0.9021,20.9475,False
K,42,20,34,0.95,0.9021,20.9475,False
K,42,20,35,0.8,0.8867,15.8278,False
K,42,20,35,0.9,1.0,100.0,True
K,42,20,35,0.95,1.0,100.0,True
K,42,20,36,0.8,0.8191,0.9188,False
K,42,20,36,0.9,0.9417,41.3979,False
K,42,20,36,0.95,0.9417,41.3979,False
K,42,20,37,0.8,0.765,0.6932,False
K,42,20,37,0.9,0.8191,0.9188,False
K,42,20,37,0.95,0.8191,0.9188,False
K,42,20,38,0.8,0.765,0.6932,False
K,42,20,38,0.9,0.8867,15.8278,False
K,42,20,38,0.95,0.8867,15.8278,False
K,42,20,39,0.8,0.765,0.6932,False
K,42,20,39,0.9,0.8191,0.9188,False
K,42,20,39,0.95,0.8191,0.9188,False
K,42,25,0,0.8,0.7907,0.7806,False
K,42,25,0,0.9,0.9888,82.6905,True
K,42,25,0,0.95,0.9888,82.6905,True
K,42,25,1,0.8,0.7907,0.7806,False
K,42,25,1,0.9,0.9417,41.3979,False
K,42,25,1,0.95,0.9417,41.3979,False
K,42,25,2,0.8,0.9417,41.3979,False
K,42,25,2,0.9,0.9888,82.6905,True
K,42,25,2,0.95,0.9888,82.6905,True
K,42,25,3,0.8,0.8331,1.0505,False
K,42,25,3,0.9,0.9888,82.6905,True
K,42,25,3,0.95,0.9888,82.6905,True
K,42,25,4,0.8,0.8867,15.8278,False
K,42,25,4,0.9,0.9888,82.6905,True
K,42,25,4,0.95,0.9888,82.6905,True
K,42,25,5,0.8,0.8079,0.8425,False
K,42,25,5,0.9,1.0,100.0,True
K,42,25,5,0.95,1.0,100.0,True
K,42,25,6,0.8,0.8266,0.9906,False
K,42,25,6,0.9,0.9417,41.3979,False
K,42,25,6,0.95,0.9417,41.3979,False
K,42,25,7,0.8,0.8867,15.8278,False
K,42,25,7,0.9,0.8867,15.8278,False
K,42,25,7,0.95,0.8867,15.8278,False
K,42,25,8,0.8,0.7907,0.7806,False
K,42,25,8,0.9,0.9888,82.6905,True
K,42,25,8,0.95,0.9888,82.6905,True
K,42,25,9,0.8,0.9417,41.3979,False
K,42,25,9,0.9,1.0,100.0,True
K,42,25,9,0.95,1.0,100.0,True
K,42,25,10,0.8,0.7249,0.5882,False
K,42,25,10,0.9,0.9888,82.6905,True
K,42,25,10,0.95,0.9888,82.6905,True
K,42,25,11,0.8,0.765,0.6932,False
K,42,25,11,0.9,0.9021,20.9475,False
K,42,25,11,0.95,0.9021,20.9475,False
K,42,25,12,0.8,0.765,0.6932,False
K,42,25,12,0.9,0.9888,82.6905,True
K,42,25,12,0.95,0.9888,82.6905,True
K,42,25,13,0.8,0.8191,0.9188,False
K,42,25,13,0.9,0.9417,41.3979,False
K,42,25,13,0.95,0.9417,41.3979,False
K,42,25,14,0.8,0.7907,0.7806,False
K,42,25,14,0.9,1.0,100.0,True
K,42,25,14,0.95,1.0,100.0,True
K,42,25,15,0.8,0.9417,41.3979,False
K,42,25,15,0.9,1.0,100.0,True
K,42,25,15,0.95,1.0,100.0,True
K,42,25,16,0.8,0.8867,15.8278,False
K,42,25,16,0.9,1.0,100.0,True
K,42,25,16,0.95,1.0,100.0,True
K,42,25,17,0.8,0.9021,20.9475,False
K,42,25,17,0.9,1.0,100.0,True
K,42,25,17,0.95,1.0,100.0,True
K,42,25,18,0.8,0.7907,0.7806,False
K,42,25,18,0.9,0.8867,15.8278,False
K,42,25,18,0.95,0.8867,15.8278,False
K,42,25,19,0.8,0.765,0.6932,False
K,42,25,19,0.9,1.0,100.0,True
K,42,25,19,0.95,1.0,100.0,True
K,42,25,20,0.8,0.8867,15.8278,False
K,42,25,20,0.9,0.9888,82.6905,True
K,42,25,20,0.95,0.9888,82.6905,True
K,42,25,21,0.8,0.8079,0.8425,False
K,42,25,21,0.9,0.9888,82.6905,True
K,42,25,21,0.95,0.9888,82.6905,True
K,42,25,22,0.8,0.8867,15.8278,False
K,42,25,22,0.9,0.9888,82.6905,True
K,42,25,22,0.95,0.9888,82.6905,True
K,42,25,23,0.8,0.765,0.6932,False
K,42,25,23,0.9,0.9888,82.6905,True
K,42,25,23,0.95,0.9888,82.6905,True
K,42,25,24,0.8,0.8266,0.9906,False
K,42,25,24,0.9,0.8867,15.8278,False
K,42,25,24,0.95,0.8867,15.8278,False
K,42,25,25,0.8,0.8867,15.8278,False
K,42,25,25,0.9,0.9417,41.3979,False
K,42,25,25,0.95,0.9417,41.3979,False
K,42,25,26,0.8,0.7907,0.7806,False
K,42,25,26,0.9,1.0,100.0,True
K,42,25,26,0.95,1.0,100.0,True
K,42,25,27,0.8,0.8867,15.8278,False
K,42,25,27,0.9,0.9888,82.6905,True
K,42,25,27,0.95,0.9888,82.6905,True
K,42,25,28,0.8,0.9417,41.3979,False
K,42,25,28,0.9,0.9888,82.6905,True
K,42,25,28,0.95,0.9888,82.6905,True
K,42,25,29,0.8,0.9417,41.3979,False
K,42,25,29,0.9,0.9888,82.6905,True
K,42,25,29,0.95,0.9888,82.6905,True
K,42,25,30,0.8,0.765,0.6932,False
K,42,25,30,0.9,0.8867,15.8278,False
K,42,25,30,0.95,0.8867,15.8278,False
K,42,25,31,0.8,0.8266,0.9906,False
K,42,25,31,0.9,0.9888,82.6905,True
K,42,25,31,0.95,0.9888,82.6905,True
K,42,25,32,0.8,0.7249,0.5882,False
K,42,25,32,0.9,0.9888,82.6905,True
K,42,25,32,0.95,0.9888,82.6905,True
K,42,25,33,0.8,0.8867,15.8278,False
K,42,25,33,0.9,0.9888,82.6905,True
K,42,25,33,0.95,0.9888,82.6905,True
K,42,25,34,0.8,0.8867,15.8278,False
K,42,25,34,0.9,0.9888,82.6905,True
K,42,25,34,0.95,0.9888,82.6905,True
K,42,25,35,0.8,0.9021,20.9475,False
K,42,25,35,0.9,0.9888,82.6905,True
K,42,25,35,0.95,0.9888,82.6905,True
K,42,25,36,0.8,0.7249,0.5882,False
K,42,25,36,0.9,0.8079,0.8425,False
K,42,25,36,0.95,0.8079,0.8425,False
K,42,25,37,0.8,0.9888,82.6905,True
K,42,25,37,0.9,1.0,100.0,True
K,42,25,37,0.95,1.0,100.0,True
K,42,25,38,0.8,0.9417,41.3979,False
K,42,25,38,0.9,1.0,100.0,True
K,42,25,38,0.95,1.0,100.0,True
K,42,25,39,0.8,0.8867,15.8278,False
K,42,25,39,0.9,0.9888,82.6905,True
K,42,25,39,0.95,0.9888,82.6905,True
K,42,30,0,0.8,0.7907,0.7806,False
K,42,30,0,0.9,0.9888,82.6905,True
K,42,30,0,0.95,1.0,100.0,True
K,42,30,1,0.8,0.765,0.6932,False
K,42,30,1,0.9,0.9888,82.6905,True
K,42,30,1,0.95,0.9888,82.6905,True
K,42,30,2,0.8,0.9021,20.9475,False
K,42,30,2,0.9,0.9888,82.6905,True
K,42,30,2,0.95,0.9888,82.6905,True
K,42,30,3,0.8,0.8191,0.9188,False
K,42,30,3,0.9,0.9021,20.9475,False
K,42,30,3,0.95,0.9888,82.6905,True
K,42,30,4,0.8,0.9021,20.9475,False
K,42,30,4,0.9,0.9888,82.6905,True
K,42,30,4,0.95,0.9888,82.6905,True
K,42,30,5,0.8,0.8331,1.0505,False
K,42,30,5,0.9,0.9417,41.3979,False
K,42,30,5,0.95,0.9417,41.3979,False
K,42,30,6,0.8,0.765,0.6932,False
K,42,30,6,0.9,0.9021,20.9475,False
K,42,30,6,0.95,0.9888,82.6905,True
K,42,30,7,0.8,0.8331,1.0505,False
K,42,30,7,0.9,0.8867,15.8278,False
K,42,30,7,0.95,0.9888,82.6905,True
K,42,30,8,0.8,0.9431,41.6869,False
K,42,30,8,0.9,0.9888,82.6905,True
K,42,30,8,0.95,1.0,100.0,True
K,42,30,9,0.8,0.8867,15.8278,False
K,42,30,9,0.9,0.9888,82.6905,True
K,42,30,9,0.95,0.9888,82.6905,True
K,42,30,10,0.8,0.7907,0.7806,False
K,42,30,10,0.9,0.9021,20.9475,False
K,42,30,10,0.95,0.9417,41.3979,False
K,42,30,11,0.8,0.7249,0.5882,False
K,42,30,11,0.9,0.9417,41.3979,False
K,42,30,11,0.95,0.9888,82.6905,True
K,42,30,12,0.8,0.8191,0.9188,False
K,42,30,12,0.9,0.9417,41.3979,False
K,42,30,12,0.95,0.9417,41.3979,False
K,42,30,13,0.8,0.9417,41.3979,False
K,42,30,13,0.9,0.9888,82.6905,True
K,42,30,13,0.95,0.9888,82.6905,True
K,42,30,14,0.8,0.7249,0.5882,False
K,42,30,14,0.9,0.8266,0.9906,False
K,42,30,14,0.95,0.9417,41.3979,False
K,42,30,15,0.8,0.765,0.6932,False
K,42,30,15,0.9,0.8266,0.9906,False
K,42,30,15,0.95,0.8867,15.8278,False
K,42,30,16,0.8,0.8191,0.9188,False
K,42,30,16,0.9,0.8867,15.8278,False
K,42,30,16,0.95,0.9888,82.6905,True
K,42,30,17,0.8,0.8079,0.8425,False
K,42,30,17,0.9,0.9888,82.6905,True
K,42,30,17,0.95,1.0,100.0,True
K,42,30,18,0.8,0.8079,0.8425,False
K,42,30,18,0.9,0.9888,82.6905,True
K,42,30,18,0.95,0.9888,82.6905,True
K,42,30,19,0.8,0.8867,15.8278,False
K,42,30,19,0.9,1.0,100.0,True
K,42,30,19,0.95,1.0,100.0,True
K,42,30,20,0.8,0.765,0.6932,False
K,42,30,20,0.9,0.8867,15.8278,False
K,42,30,20,0.95,0.9888,82.6905,True
K,42,30,21,0.8,0.765,0.6932,False
K,42,30,21,0.9,0.8191,0.9188,False
K,42,30,21,0.95,0.9888,82.6905,True
K,42,30,22,0.8,0.8079,0.8425,False
K,42,30,22,0.9,0.8867,15.8278,False
K,42,30,22,0.95,1.0,100.0,True
K,42,30,23,0.8,0.8266,0.9906,False
K,42,30,23,0.9,0.8867,15.8278,False
K,42,30,23,0.95,0.9888,82.6905,True
K,42,30,24,0.8,0.8191,0.9188,False
K,42,30,24,0.9,0.8867,15.8278,False
K,42,30,24,0.95,0.9888,82.6905,True
K,42,30,25,0.8,0.7249,0.5882,False
K,42,30,25,0.9,0.9021,20.9475,False
K,42,30,25,0.95,0.9888,82.6905,True
K,42,30,26,0.8,0.8079,0.8425,False
K,42,30,26,0.9,0.8867,15.8278,False
K,42,30,26,0.95,1.0,100.0,True
K,42,30,27,0.8,0.8079,0.8425,False
K,42,30,27,0.9,0.9888,82.6905,True
K,42,30,27,0.95,0.9888,82.8604,True
K,42,30,28,0.8,0.8079,0.8425,False
K,42,30,28,0.9,0.9417,41.3979,False
K,42,30,28,0.95,0.9888,82.6905,True
K,42,30,29,0.8,0.8079,0.8425,False
K,42,30,29,0.9,0.9888,82.6905,True
K,42,30,29,0.95,1.0,100.0,True
K,42,30,30,0.8,0.8867,15.8278,False
K,42,30,30,0.9,0.9888,82.6905,True
K,42,30,30,0.95,0.9888,82.8604,True
K,42,30,31,0.8,0.8867,15.8278,False
K,42,30,31,0.9,0.8867,15.8278,False
K,42,30,31,0.95,0.9417,41.3979,False
K,42,30,32,0.8,0.8191,0.9188,False
K,42,30,32,0.9,0.9888,82.6905,True
K,42,30,32,0.95,0.9888,82.6905,True
K,42,30,33,0.8,0.8191,0.9188,False
K,42,30,33,0.9,0.9888,82.6905,True
K,42,30,33,0.95,0.9888,82.6905,True
K,42,30,34,0.8,0.7907,0.7806,False
K,42,30,34,0.9,0.9888,82.6905,True
K,42,30,34,0.95,0.9888,82.6905,True
K,42,30,35,0.8,0.9021,20.9475,False
K,42,30,35,0.9,0.9888,82.6905,True
K,42,30,35,0.95,1.0,100.0,True
K,42,30,36,0.8,0.8191,0.9188,False
K,42,30,36,0.9,0.9888,82.6905,True
K,42,30,36,0.95,0.9888,82.6905,True
K,42,30,37,0.8,0.7907,0.7806,False
K,42,30,37,0.9,0.8867,15.8278,False
K,42,30,37,0.95,0.9417,41.3979,False
K,42,30,38,0.8,0.8867,15.8278,False
K,42,30,38,0.9,0.9888,82.6905,True
K,42,30,38,0.95,0.9888,82.6905,True
K,42,30,39,0.8,0.8266,0.9906,False
K,42,30,39,0.9,0.8867,15.8278,False
K,42,30,39,0.95,0.9417,41.3979,False
K,42,40,0,0.8,0.765,0.6932,False
K,42,40,0,0.9,0.9417,41.3979,False
K,42,40,0,0.95,0.9888,82.6905,True
K,42,40,1,0.8,0.765,0.6932,False
K,42,40,1,0.9,0.8867,15.8278,False
K,42,40,1,0.95,1.0,100.0,True
K,42,40,2,0.8,0.8867,15.8278,False
K,42,40,2,0.9,0.8867,15.8278,False
K,42,40,2,0.95,0.9417,41.3979,False
K,42,40,3,0.8,0.765,0.6932,False
K,42,40,3,0.9,0.8867,15.8278,False
K,42,40,3,0.95,0.9888,82.6905,True
K,42,40,4,0.8,0.8191,0.9188,False
K,42,40,4,0.9,0.9417,41.3979,False
K,42,40,4,0.95,0.9888,82.6905,True
K,42,40,5,0.8,0.8191,0.9188,False
K,42,40,5,0.9,0.8867,15.8278,False
K,42,40,5,0.95,0.8867,15.8278,False
K,42,40,6,0.8,0.8867,15.8278,False
K,42,40,6,0.9,0.9888,82.6905,True
K,42,40,6,0.95,1.0,100.0,True
K,42,40,7,0.8,0.7249,0.5882,False
K,42,40,7,0.9,0.8331,1.0505,False
K,42,40,7,0.95,0.8867,15.8278,False
K,42,40,8,0.8,0.765,0.6932,False
K,42,40,8,0.9,0.9417,41.3979,False
K,42,40,8,0.95,0.9417,41.3979,False
K,42,40,9,0.8,0.9417,41.3979,False
K,42,40,9,0.9,0.9888,82.6905,True
K,42,40,9,0.95,1.0,100.0,True
K,42,40,10,0.8,0.765,0.6932,False
K,42,40,10,0.9,0.9021,20.9475,False
K,42,40,10,0.95,0.9888,82.6905,True
K,42,40,11,0.8,0.834,1.0635,False
K,42,40,11,0.9,0.9888,82.6905,True
K,42,40,11,0.95,1.0,100.0,True
K,42,40,12,0.8,0.7249,0.5882,False
K,42,40,12,0.9,0.834,1.0635,False
K,42,40,12,0.95,1.0,100.0,True
K,42,40,13,0.8,0.7249,0.5882,False
K,42,40,13,0.9,0.8867,15.8278,False
K,42,40,13,0.95,0.9417,41.3979,False
K,42,40,14,0.8,0.7249,0.5882,False
K,42,40,14,0.9,0.9417,41.3979,False
K,42,40,14,0.95,0.9888,82.6905,True
K,42,40,15,0.8,0.8359,1.0907,False
K,42,40,15,0.9,0.9888,82.6905,True
K,42,40,15,0.95,1.0,100.0,True
K,42,40,16,0.8,0.8867,15.8278,False
K,42,40,16,0.9,0.9888,82.6905,True
K,42,40,16,0.95,1.0,100.0,True
K,42,40,17,0.8,0.8079,0.8425,False
K,42,40,17,0.9,0.9417,41.3979,False
K,42,40,17,0.95,0.9888,82.6905,True
K,42,40,18,0.8,0.765,0.6932,False
K,42,40,18,0.9,0.9021,20.9475,False
K,42,40,18,0.95,0.9417,41.3979,False
K,42,40,19,0.8,0.765,0.6932,False
K,42,40,19,0.9,0.9417,41.3979,False
K,42,40,19,0.95,0.9888,82.6905,True
K,42,40,20,0.8,0.8867,15.8278,False
K,42,40,20,0.9,0.9417,41.3979,False
K,42,40,20,0.95,0.9888,82.6905,True
K,42,40,21,0.8,0.765,0.6932,False
K,42,40,21,0.9,0.9417,41.3979,False
K,42,40,21,0.95,0.9888,82.6905,True
K,42,40,22,0.8,0.765,0.6932,False
K,42,40,22,0.9,0.9021,20.9475,False
K,42,40,22,0.95,1.0,100.0,True
K,42,40,23,0.8,0.8079,0.8425,False
K,42,40,23,0.9,0.8867,15.8278,False
K,42,40,23,0.95,0.9888,82.6905,True
K,42,40,24,0.8,0.7907,0.7806,False
K,42,40,24,0.9,0.9888,82.6905,True
K,42,40,24,0.95,0.9888,82.6905,True
K,42,40,25,0.8,0.765,0.6932,False
K,42,40,25,0.9,0.8266,0.9906,False
K,42,40,25,0.95,0.8867,15.8278,False
K,42,40,26,0.8,0.7907,0.7806,False
K,42,40,26,0.9,0.9888,82.6905,True
K,42,40,26,0.95,0.9888,82.6905,True
K,42,40,27,0.8,0.8191,0.9188,False
K,42,40,27,0.9,0.9888,82.8604,True
K,42,40,27,0.95,1.0,100.0,True
K,42,40,28,0.8,0.8191,0.9188,False
K,42,40,28,0.9,0.9417,41.3979,False
K,42,40,28,0.95,0.9888,82.6905,True
K,42,40,29,0.8,0.8079,0.8425,False
K,42,40,29,0.9,0.8867,15.8278,False
K,42,40,29,0.95,0.9417,41.3979,False
K,42,40,30,0.8,0.8266,0.9906,False
K,42,40,30,0.9,0.9417,41.3979,False
K,42,40,30,0.95,0.9888,82.6905,True
K,42,40,31,0.8,0.8191,0.9188,False
K,42,40,31,0.9,0.8867,15.8278,False
K,42,40,31,0.95,0.9888,82.6905,True
K,42,40,32,0.8,0.8867,15.8278,False
K,42,40,32,0.9,0.9417,41.3979,False
K,42,40,32,0.95,0.9888,82.6905,True
K,42,40,33,0.8,0.8359,1.0907,False
K,42,40,33,0.9,0.9888,82.6905,True
K,42,40,33,0.95,1.0,100.0,True
K,42,40,34,0.8,0.7249,0.5882,False
K,42,40,34,0.9,0.8359,1.0907,False
K,42,40,34,0.95,0.9888,82.6905,True
K,42,40,35,0.8,0.8867,15.8278,False
K,42,40,35,0.9,0.9431,41.6869,False
K,42,40,35,0.95,0.9888,82.6905,True
K,42,40,36,0.8,0.8867,15.8278,False
K,42,40,36,0.9,0.9888,82.6905,True
K,42,40,36,0.95,0.9888,82.8604,True
K,42,40,37,0.8,0.765,0.6932,False
K,42,40,37,0.9,0.9417,41.3979,False
K,42,40,37,0.95,0.9888,82.6905,True
K,42,40,38,0.8,0.8867,15.8278,False
K,42,40,38,0.9,0.9417,41.3979,False
K,42,40,38,0.95,0.9888,82.6905,True
K,42,40,39,0.8,0.9417,41.3979,False
K,42,40,39,0.9,0.9888,82.6905,True
K,42,40,39,0.95,1.0,100.0,True
K,42,50,0,0.8,0.8079,0.8425,False
K,42,50,0,0.9,0.8867,15.8278,False
K,42,50,0,0.95,0.8867,15.8278,False
K,42,50,1,0.8,0.7907,0.7806,False
K,42,50,1,0.9,0.9417,41.3979,False
K,42,50,1,0.95,0.9888,82.6905,True
K,42,50,2,0.8,0.7907,0.7806,False
K,42,50,2,0.9,0.8867,15.8278,False
K,42,50,2,0.95,1.0,100.0,True
K,42,50,3,0.8,0.9417,41.3979,False
K,42,50,3,0.9,0.9888,82.6905,True
K,42,50,3,0.95,0.9888,82.6905,True
K,42,50,4,0.8,0.8079,0.8425,False
K,42,50,4,0.9,0.8867,15.8278,False
K,42,50,4,0.95,0.9888,82.6905,True
K,42,50,5,0.8,0.8191,0.9188,False
K,42,50,5,0.9,0.9417,41.3979,False
K,42,50,5,0.95,0.9888,82.6905,True
K,42,50,6,0.8,0.765,0.6932,False
K,42,50,6,0.9,0.9417,41.3979,False
K,42,50,6,0.95,0.9888,82.6905,True
K,42,50,7,0.8,0.8266,0.9906,False
K,42,50,7,0.9,0.9417,41.3979,False
K,42,50,7,0.95,0.9888,82.6905,True
K,42,50,8,0.8,0.7249,0.5882,False
K,42,50,8,0.9,0.9417,41.3979,False
K,42,50,8,0.95,0.9888,82.6905,True
K,42,50,9,0.8,0.8867,15.8278,False
K,42,50,9,0.9,0.9417,41.3979,False
K,42,50,9,0.95,0.9888,82.6905,True
K,42,50,10,0.8,0.8079,0.8425,False
K,42,50,10,0.9,0.8867,15.8278,False
K,42,50,10,0.95,0.9888,82.6905,True
K,42,50,11,0.8,0.8079,0.8425,False
K,42,50,11,0.9,0.9026,21.0347,False
K,42,50,11,0.95,0.9888,82.6905,True
K,42,50,12,0.8,0.7907,0.7806,False
K,42,50,12,0.9,0.9417,41.3979,False
K,42,50,12,0.95,0.9888,82.6905,True
K,42,50,13,0.8,0.765,0.6932,False
K,42,50,13,0.9,0.8867,15.8278,False
K,42,50,13,0.95,0.9888,82.6905,True
K,42,50,14,0.8,0.8867,15.8278,False
K,42,50,14,0.9,0.9888,82.6905,True
K,42,50,14,0.95,0.9888,82.6905,True
K,42,50,15,0.8,0.834,1.0635,False
K,42,50,15,0.9,0.8867,15.8278,False
K,42,50,15,0.95,0.9888,82.6905,True
K,42,50,16,0.8,0.8079,0.8425,False
K,42,50,16,0.9,0.8867,15.8278,False
K,42,50,16,0.95,0.9888,82.6905,True
K,42,50,17,0.8,0.765,0.6932,False
K,42,50,17,0.9,0.8867,15.8278,False
K,42,50,17,0.95,0.9888,82.6905,True
K,42,50,18,0.8,0.8867,15.8278,False
K,42,50,18,0.9,0.9417,41.3979,False
K,42,50,18,0.95,0.9888,82.6905,True
K,42,50,19,0.8,0.8191,0.9188,False
K,42,50,19,0.9,0.9417,41.3979,False
K,42,50,19,0.95,0.9888,82.6905,True
K,42,50,20,0.8,0.7249,0.5882,False
K,42,50,20,0.9,0.8191,0.9188,False
K,42,50,20,0.95,1.0,100.0,True
K,42,50,21,0.8,0.765,0.6932,False
K,42,50,21,0.9,0.8867,15.8278,False
K,42,50,21,0.95,0.9888,82.6905,True
K,42,50,22,0.8,0.7249,0.5882,False
K,42,50,22,0.9,0.8266,0.9906,False
K,42,50,22,0.95,0.9888,82.6905,True
K,42,50,23,0.8,0.8266,0.9906,False
K,42,50,23,0.9,0.9417,41.3979,False
K,42,50,23,0.95,0.9888,82.6905,True
K,42,50,24,0.8,0.7249,0.5882,False
K,42,50,24,0.9,0.9417,41.3979,False
K,42,50,24,0.95,0.9888,82.8604,True
K,42,50,25,0.8,0.8867,15.8278,False
K,42,50,25,0.9,0.9888,82.6905,True
K,42,50,25,0.95,1.0,100.0,True
K,42,50,26,0.8,0.8867,15.8278,False
K,42,50,26,0.9,0.9888,82.6905,True
K,42,50,26,0.95,1.0,100.0,True
K,42,50,27,0.8,0.765,0.6932,False
K,42,50,27,0.9,0.9417,41.3979,False
K,42,50,27,0.95,0.9888,82.6905,True
K,42,50,28,0.8,0.8079,0.8425,False
K,42,50,28,0.9,0.9417,41.3979,False
K,42,50,28,0.95,0.9888,82.6905,True
K,42,50,29,0.8,0.8359,1.0907,False
K,42,50,29,0.9,0.9417,41.3979,False
K,42,50,29,0.95,0.9888,82.6905,True
K,42,50,30,0.8,0.8266,0.9906,False
K,42,50,30,0.9,0.9417,41.3979,False
K,42,50,30,0.95,0.9888,82.6905,True
K,42,50,31,0.8,0.8331,1.0505,False
K,42,50,31,0.9,0.9417,41.3979,False
K,42,50,31,0.95,1.0,100.0,True
K,42,50,32,0.8,0.8331,1.0505,False
K,42,50,32,0.9,0.9417,41.3979,False
K,42,50,32,0.95,0.9888,82.6905,True
K,42,50,33,0.8,0.7249,0.5882,False
K,42,50,33,0.9,0.8867,15.8278,False
K,42,50,33,0.95,0.9888,82.6905,True
K,42,50,34,0.8,0.7249,0.5882,False
K,42,50,34,0.9,0.8191,0.9188,False
K,42,50,34,0.95,0.9888,82.6905,True
K,42,50,35,0.8,0.7907,0.7806,False
K,42,50,35,0.9,0.9417,41.3979,False
K,42,50,35,0.95,0.9888,82.6905,True
K,42,50,36,0.8,0.8191,0.9188,False
K,42,50,36,0.9,0.9417,41.3979,False
K,42,50,36,0.95,0.9888,82.6905,True
K,42,50,37,0.8,0.8191,0.9188,False
K,42,50,37,0.9,0.9021,20.9475,False
K,42,50,37,0.95,0.9417,41.3979,False
K,42,50,38,0.8,0.8191,0.9188,False
K,42,50,38,0.9,0.9888,82.6905,True
K,42,50,38,0.95,1.0,100.0,True
K,42,50,39,0.8,0.8191,0.9188,False
K,42,50,39,0.9,0.9417,41.3979,False
K,42,50,39,0.95,1.0,100.0,True
K,42,75,0,0.8,0.765,0.6932,False
K,42,75,0,0.9,0.9888,82.6905,True
K,42,75,0,0.95,0.9888,82.6905,True
K,42,75,1,0.8,0.8191,0.9188,False
K,42,75,1,0.9,0.8867,15.8278,False
K,42,75,1,0.95,0.9417,41.3979,False
K,42,75,2,0.8,0.8867,15.8278,False
K,42,75,2,0.9,0.9417,41.3979,False
K,42,75,2,0.95,0.9888,82.6905,True
K,42,75,3,0.8,0.7249,0.5882,False
K,42,75,3,0.9,0.8867,15.8278,False
K,42,75,3,0.95,0.9888,82.6905,True
K,42,75,4,0.8,0.8191,0.9188,False
K,42,75,4,0.9,0.9417,41.3979,False
K,42,75,4,0.95,1.0,100.0,True
K,42,75,5,0.8,0.8266,0.9906,False
K,42,75,5,0.9,0.9888,82.6905,True
K,42,75,5,0.95,0.9888,82.6905,True
K,42,75,6,0.8,0.8079,0.8425,False
K,42,75,6,0.9,0.8867,15.8278,False
K,42,75,6,0.95,0.9021,20.9475,False
K,42,75,7,0.8,0.7249,0.5882,False
K,42,75,7,0.9,0.8867,15.8278,False
K,42,75,7,0.95,0.9417,41.3979,False
K,42,75,8,0.8,0.7907,0.7806,False
K,42,75,8,0.9,0.9021,20.9475,False
K,42,75,8,0.95,0.9888,82.6905,True
K,42,75,9,0.8,0.8191,0.9188,False
K,42,75,9,0.9,0.8867,15.8278,False
K,42,75,9,0.95,0.9888,82.6905,True
K,42,75,10,0.8,0.8079,0.8425,False
K,42,75,10,0.9,0.8867,15.8278,False
K,42,75,10,0.95,0.9888,82.6905,True
K,42,75,11,0.8,0.7907,0.7806,False
K,42,75,11,0.9,0.8867,15.8278,False
K,42,75,11,0.95,0.9888,82.6905,True
K,42,75,12,0.8,0.8191,0.9188,False
K,42,75,12,0.9,0.9417,41.3979,False
K,42,75,12,0.95,0.9888,82.6905,True
K,42,75,13,0.8,0.7907,0.7806,False
K,42,75,13,0.9,0.9417,41.3979,False
K,42,75,13,0.95,0.9888,82.6905,True
K,42,75,14,0.8,0.8079,0.8425,False
K,42,75,14,0.9,0.9417,41.3979,False
K,42,75,14,0.95,0.9888,82.6905,True
K,42,75,15,0.8,0.8867,15.8278,False
K,42,75,15,0.9,0.9417,41.3979,False
K,42,75,15,0.95,0.9888,82.6905,True
K,42,75,16,0.8,0.8079,0.8425,False
K,42,75,16,0.9,0.9417,41.3979,False
K,42,75,16,0.95,1.0,100.0,True
K,42,75,17,0.8,0.8191,0.9188,False
K,42,75,17,0.9,0.8867,15.8278,False
K,42,75,17,0.95,0.9888,82.6905,True
K,42,75,18,0.8,0.7907,0.7806,False
K,42,75,18,0.9,0.9417,41.3979,False
K,42,75,18,0.95,1.0,100.0,True
K,42,75,19,0.8,0.7907,0.7806,False
K,42,75,19,0.9,0.8359,1.0907,False
K,42,75,19,0.95,0.9021,20.9475,False
K,42,75,20,0.8,0.8359,1.0907,False
K,42,75,20,0.9,0.9417,41.3979,False
K,42,75,20,0.95,0.9888,82.6905,True
K,42,75,21,0.8,0.8079,0.8425,False
K,42,75,21,0.9,0.8867,15.8278,False
K,42,75,21,0.95,0.9888,82.6905,True
K,42,75,22,0.8,0.765,0.6932,False
K,42,75,22,0.9,0.8867,15.8278,False
K,42,75,22,0.95,0.9888,82.8604,True
K,42,75,23,0.8,0.8191,0.9188,False
K,42,75,23,0.9,0.9417,41.3979,False
K,42,75,23,0.95,1.0,100.0,True
K,42,75,24,0.8,0.765,0.6932,False
K,42,75,24,0.9,0.8867,15.8278,False
K,42,75,24,0.95,0.9888,82.6905,True
K,42,75,25,0.8,0.765,0.6932,False
K,42,75,25,0.9,0.8867,15.8278,False
K,42,75,25,0.95,0.9888,82.6905,True
K,42,75,26,0.8,0.765,0.6932,False
K,42,75,26,0.9,0.9021,20.9475,False
K,42,75,26,0.95,0.9417,41.3979,False
K,42,75,27,0.8,0.7907,0.7806,False
K,42,75,27,0.9,0.9417,41.3979,False
K,42,75,27,0.95,1.0,100.0,True
K,42,75,28,0.8,0.8079,0.8425,False
K,42,75,28,0.9,0.8867,15.8278,False
K,42,75,28,0.95,0.9888,82.6905,True
K,42,75,29,0.8,0.8191,0.9188,False
K,42,75,29,0.9,0.8359,1.0907,False
K,42,75,29,0.95,0.9888,82.6905,True
K,42,75,30,0.8,0.765,0.6932,False
K,42,75,30,0.9,0.8266,0.9906,False
K,42,75,30,0.95,0.9888,82.6905,True
K,42,75,31,0.8,0.765,0.6932,False
K,42,75,31,0.9,0.8867,15.8278,False
K,42,75,31,0.95,0.9888,82.6905,True
K,42,75,32,0.8,0.7907,0.7806,False
K,42,75,32,0.9,0.9021,20.9475,False
K,42,75,32,0.95,0.9888,82.6905,True
K,42,75,33,0.8,0.8331,1.0505,False
K,42,75,33,0.9,0.9417,41.3979,False
K,42,75,33,0.95,0.9888,82.6905,True
K,42,75,34,0.8,0.7249,0.5882,False
K,42,75,34,0.9,0.8867,15.8278,False
K,42,75,34,0.95,0.9888,82.6905,True
K,42,75,35,0.8,0.7249,0.5882,False
K,42,75,35,0.9,0.8867,15.8278,False
K,42,75,35,0.95,0.9417,41.3979,False
K,42,75,36,0.8,0.8867,15.8278,False
K,42,75,36,0.9,0.9888,82.6905,True
K,42,75,36,0.95,0.9888,82.6905,True
K,42,75,37,0.8,0.765,0.6932,False
K,42,75,37,0.9,0.8266,0.9906,False
K,42,75,37,0.95,0.9417,41.3979,False
K,42,75,38,0.8,0.8867,15.8278,False
K,42,75,38,0.9,0.9417,41.3979,False
K,42,75,38,0.95,0.9888,82.6905,True
K,42,75,39,0.8,0.7249,0.5882,False
K,42,75,39,0.9,0.8867,15.8278,False
K,42,75,39,0.95,0.9888,82.6905,True
K,42,100,0,0.8,0.8191,0.9188,False
K,42,100,0,0.9,0.8867,15.8278,False
K,42,100,0,0.95,0.9021,20.9475,False
K,42,100,1,0.8,0.8191,0.9188,False
K,42,100,1,0.9,0.8867,15.8278,False
K,42,100,1,0.95,0.9888,82.6905,True
K,42,100,2,0.8,0.7907,0.7806,False
K,42,100,2,0.9,0.9021,20.9475,False
K,42,100,2,0.95,0.9417,41.3979,False
K,42,100,3,0.8,0.7907,0.7806,False
K,42,100,3,0.9,0.9417,41.3979,False
K,42,100,3,0.95,0.9888,82.6905,True
K,42,100,4,0.8,0.8867,15.8278,False
K,42,100,4,0.9,0.9417,41.3979,False
K,42,100,4,0.95,0.9888,82.6905,True
K,42,100,5,0.8,0.7249,0.5882,False
K,42,100,5,0.9,0.834,1.0635,False
K,42,100,5,0.95,0.9888,82.6905,True
K,42,100,6,0.8,0.7907,0.7806,False
K,42,100,6,0.9,0.9026,21.0347,False
K,42,100,6,0.95,0.9888,82.6905,True
K,42,100,7,0.8,0.7907,0.7806,False
K,42,100,7,0.9,0.8867,15.8278,False
K,42,100,7,0.95,0.9888,82.6905,True
K,42,100,8,0.8,0.8191,0.9188,False
K,42,100,8,0.9,0.9021,20.9475,False
K,42,100,8,0.95,0.9888,82.6905,True
K,42,100,9,0.8,0.8191,0.9188,False
K,42,100,9,0.9,0.9417,41.3979,False
K,42,100,9,0.95,0.9888,82.6905,True
K,42,100,10,0.8,0.8266,0.9906,False
K,42,100,10,0.9,0.9021,20.9475,False
K,42,100,10,0.95,0.9417,41.3979,False
K,42,100,11,0.8,0.8331,1.0505,False
K,42,100,11,0.9,0.9417,41.3979,False
K,42,100,11,0.95,0.9888,82.6905,True
K,42,100,12,0.8,0.7907,0.7806,False
K,42,100,12,0.9,0.9021,20.9475,False
K,42,100,12,0.95,0.9888,82.6905,True
K,42,100,13,0.8,0.765,0.6932,False
K,42,100,13,0.9,0.8331,1.0505,False
K,42,100,13,0.95,0.9417,41.3979,False
K,42,100,14,0.8,0.765,0.6932,False
K,42,100,14,0.9,0.8867,15.8278,False
K,42,100,14,0.95,0.9417,41.3979,False
K,42,100,15,0.8,0.7907,0.7806,False
K,42,100,15,0.9,0.8867,15.8278,False
K,42,100,15,0.95,0.9888,82.6905,True
K,42,100,16,0.8,0.8266,0.9906,False
K,42,100,16,0.9,0.8867,15.8278,False
K,42,100,16,0.95,0.9888,82.6905,True
K,42,100,17,0.8,0.7249,0.5882,False
K,42,100,17,0.9,0.8331,1.0505,False
K,42,100,17,0.95,0.9417,41.3979,False
K,42,100,18,0.8,0.8331,1.0505,False
K,42,100,18,0.9,0.9417,41.3979,False
K,42,100,18,0.95,0.9888,82.6905,True
K,42,100,19,0.8,0.765,0.6932,False
K,42,100,19,0.9,0.9417,41.3979,False
K,42,100,19,0.95,0.9888,82.6905,True
K,42,100,20,0.8,0.8331,1.0505,False
K,42,100,20,0.9,0.9417,41.3979,False
K,42,100,20,0.95,0.9888,82.6905,True
K,42,100,21,0.8,0.765,0.6932,False
K,42,100,21,0.9,0.8867,15.8278,False
K,42,100,21,0.95,0.9417,41.3979,False
K,42,100,22,0.8,0.8266,0.9906,False
K,42,100,22,0.9,0.8867,15.8278,False
K,42,100,22,0.95,0.9888,82.6905,True
K,42,100,23,0.8,0.7907,0.7806,False
K,42,100,23,0.9,0.8867,15.8278,False
K,42,100,23,0.95,0.9417,41.3979,False
K,42,100,24,0.8,0.8191,0.9188,False
K,42,100,24,0.9,0.9021,20.9475,False
K,42,100,24,0.95,0.9888,82.6905,True
K,42,100,25,0.8,0.8331,1.0505,False
K,42,100,25,0.9,0.9417,41.3979,False
K,42,100,25,0.95,0.9888,82.6905,True
K,42,100,26,0.8,0.7907,0.7806,False
K,42,100,26,0.9,0.9026,21.0347,False
K,42,100,26,0.95,0.9888,82.6905,True
K,42,100,27,0.8,0.7907,0.7806,False
K,42,100,27,0.9,0.8867,15.8278,False
K,42,100,27,0.95,0.9888,82.6905,True
K,42,100,28,0.8,0.7907,0.7806,False
K,42,100,28,0.9,0.8867,15.8278,False
K,42,100,28,0.95,0.8867,15.8278,False
K,42,100,29,0.8,0.7907,0.7806,False
K,42,100,29,0.9,0.8867,15.8278,False
K,42,100,29,0.95,0.9888,82.6905,True
K,42,100,30,0.8,0.7907,0.7806,False
K,42,100,30,0.9,0.8867,15.8278,False
K,42,100,30,0.95,0.9431,41.6869,False
K,42,100,31,0.8,0.765,0.6932,False
K,42,100,31,0.9,0.8867,15.8278,False
K,42,100,31,0.95,0.9417,41.3979,False
K,42,100,32,0.8,0.8191,0.9188,False
K,42,100,32,0.9,0.9417,41.3979,False
K,42,100,32,0.95,0.9888,82.6905,True
K,42,100,33,0.8,0.765,0.6932,False
K,42,100,33,0.9,0.9417,41.3979,False
K,42,100,33,0.95,0.9888,82.6905,True
K,42,100,34,0.8,0.8266,0.9906,False
K,42,100,34,0.9,0.9417,41.3979,False
K,42,100,34,0.95,0.9888,82.6905,True
K,42,100,35,0.8,0.8079,0.8425,False
K,42,100,35,0.9,0.8867,15.8278,False
K,42,100,35,0.95,0.9417,41.3979,False
K,42,100,36,0.8,0.8867,15.8278,False
K,42,100,36,0.9,0.9888,82.6905,True
K,42,100,36,0.95,0.9888,82.6905,True
K,42,100,37,0.8,0.7907,0.7806,False
K,42,100,37,0.9,0.8359,1.0907,False
K,42,100,37,0.95,0.9888,82.6905,True
K,42,100,38,0.8,0.765,0.6932,False
K,42,100,38,0.9,0.9021,20.9475,False
K,42,100,38,0.95,0.9417,41.3979,False
K,42,100,39,0.8,0.8079,0.8425,False
K,42,100,39,0.9,0.8867,15.8278,False
K,42,100,39,0.95,0.9888,82.6905,True
K,42,150,0,0.8,0.8266,0.9906,False
K,42,150,0,0.9,0.9417,41.3979,False
K,42,150,0,0.95,0.9888,82.6905,True
K,42,150,1,0.8,0.8079,0.8425,False
K,42,150,1,0.9,0.9417,41.3979,False
K,42,150,1,0.95,0.9888,82.6905,True
K,42,150,2,0.8,0.7249,0.5882,False
K,42,150,2,0.9,0.8191,0.9188,False
K,42,150,2,0.95,0.9888,82.6905,True
K,42,150,3,0.8,0.765,0.6932,False
K,42,150,3,0.9,0.8867,15.8278,False
K,42,150,3,0.95,0.9417,41.3979,False
K,42,150,4,0.8,0.7249,0.5882,False
K,42,150,4,0.9,0.8867,15.8278,False
K,42,150,4,0.95,0.9431,41.6869,False
K,42,150,5,0.8,0.7907,0.7806,False
K,42,150,5,0.9,0.9021,20.9475,False
K,42,150,5,0.95,0.9888,82.6905,True
K,42,150,6,0.8,0.765,0.6932,False
K,42,150,6,0.9,0.8867,15.8278,False
K,42,150,6,0.95,0.9417,41.3979,False
K,42,150,7,0.8,0.8079,0.8425,False
K,42,150,7,0.9,0.8867,15.8278,False
K,42,150,7,0.95,0.9888,82.6905,True
K,42,150,8,0.8,0.8191,0.9188,False
K,42,150,8,0.9,0.8867,15.8278,False
K,42,150,8,0.95,0.9888,82.6905,True
K,42,150,9,0.8,0.8079,0.8425,False
K,42,150,9,0.9,0.9021,20.9475,False
K,42,150,9,0.95,0.9888,82.6905,True
K,42,150,10,0.8,0.765,0.6932,False
K,42,150,10,0.9,0.8867,15.8278,False
K,42,150,10,0.95,0.9888,82.6905,True
K,42,150,11,0.8,0.7907,0.7806,False
K,42,150,11,0.9,0.9417,41.3979,False
K,42,150,11,0.95,0.9888,82.6905,True
K,42,150,12,0.8,0.8079,0.8425,False
K,42,150,12,0.9,0.8867,15.8278,False
K,42,150,12,0.95,0.9888,82.6905,True
K,42,150,13,0.8,0.765,0.6932,False
K,42,150,13,0.9,0.8867,15.8278,False
K,42,150,13,0.95,0.9888,82.6905,True
K,42,150,14,0.8,0.7907,0.7806,False
K,42,150,14,0.9,0.8867,15.8278,False
K,42,150,14,0.95,0.9888,82.6905,True
K,42,150,15,0.8,0.765,0.6932,False
K,42,150,15,0.9,0.8331,1.0505,False
K,42,150,15,0.95,0.9417,41.3979,False
K,42,150,16,0.8,0.7907,0.7806,False
K,42,150,16,0.9,0.8867,15.8278,False
K,42,150,16,0.95,0.9417,41.3979,False
K,42,150,17,0.8,0.8079,0.8425,False
K,42,150,17,0.9,0.8867,15.8278,False
K,42,150,17,0.95,0.9888,82.6905,True
K,42,150,18,0.8,0.7907,0.7806,False
K,42,150,18,0.9,0.8867,15.8278,False
K,42,150,18,0.95,0.9888,82.6905,True
K,42,150,19,0.8,0.765,0.6932,False
K,42,150,19,0.9,0.8359,1.0907,False
K,42,150,19,0.95,0.9888,82.6905,True
K,42,150,20,0.8,0.7907,0.7806,False
K,42,150,20,0.9,0.9417,41.3979,False
K,42,150,20,0.95,0.9888,82.6905,True
K,42,150,21,0.8,0.8079,0.8425,False
K,42,150,21,0.9,0.8867,15.8278,False
K,42,150,21,0.95,0.9888,82.6905,True
K,42,150,22,0.8,0.8191,0.9188,False
K,42,150,22,0.9,0.9417,41.3979,False
K,42,150,22,0.95,0.9888,82.6905,True
K,42,150,23,0.8,0.7907,0.7806,False
K,42,150,23,0.9,0.8867,15.8278,False
K,42,150,23,0.95,0.9888,82.6905,True
K,42,150,24,0.8,0.7907,0.7806,False
K,42,150,24,0.9,0.8867,15.8278,False
K,42,150,24,0.95,0.9888,82.6905,True
K,42,150,25,0.8,0.8079,0.8425,False
K,42,150,25,0.9,0.8867,15.8278,False
K,42,150,25,0.95,0.9888,82.6905,True
K,42,150,26,0.8,0.7249,0.5882,False
K,42,150,26,0.9,0.8867,15.8278,False
K,42,150,26,0.95,0.9888,82.6905,True
K,42,150,27,0.8,0.7907,0.7806,False
K,42,150,27,0.9,0.8867,15.8278,False
K,42,150,27,0.95,0.9888,82.6905,True
K,42,150,28,0.8,0.8191,0.9188,False
K,42,150,28,0.9,0.9417,41.3979,False
K,42,150,28,0.95,0.9888,82.6905,True
K,42,150,29,0.8,0.8079,0.8425,False
K,42,150,29,0.9,0.8867,15.8278,False
K,42,150,29,0.95,0.9888,82.6905,True
K,42,150,30,0.8,0.7907,0.7806,False
K,42,150,30,0.9,0.8867,15.8278,False
K,42,150,30,0.95,0.9888,82.6905,True
K,42,150,31,0.8,0.8079,0.8425,False
K,42,150,31,0.9,0.8867,15.8278,False
K,42,150,31,0.95,0.9417,41.3979,False
K,42,150,32,0.8,0.8266,0.9906,False
K,42,150,32,0.9,0.9417,41.3979,False
K,42,150,32,0.95,0.9888,82.6905,True
K,42,150,33,0.8,0.765,0.6932,False
K,42,150,33,0.9,0.9021,20.9475,False
K,42,150,33,0.95,0.9888,82.6905,True
K,42,150,34,0.8,0.7907,0.7806,False
K,42,150,34,0.9,0.8867,15.8278,False
K,42,150,34,0.95,0.9888,82.6905,True
K,42,150,35,0.8,0.765,0.6932,False
K,42,150,35,0.9,0.8867,15.8278,False
K,42,150,35,0.95,0.9417,41.3979,False
K,42,150,36,0.8,0.7907,0.7806,False
K,42,150,36,0.9,0.8867,15.8278,False
K,42,150,36,0.95,0.9417,41.3979,False
K,42,150,37,0.8,0.7249,0.5882,False
K,42,150,37,0.9,0.8867,15.8278,False
K,42,150,37,0.95,0.9417,41.3979,False
K,42,150,38,0.8,0.8079,0.8425,False
K,42,150,38,0.9,0.8867,15.8278,False
K,42,150,38,0.95,0.9888,82.6905,True
K,42,150,39,0.8,0.8079,0.8425,False
K,42,150,39,0.9,0.8867,15.8278,False
K,42,150,39,0.95,0.9888,82.6905,True
K,42,250,0,0.8,0.8191,0.9188,False
K,42,250,0,0.9,0.8867,15.8278,False
K,42,250,0,0.95,0.9888,82.6905,True
K,42,250,1,0.8,0.7907,0.7806,False
K,42,250,1,0.9,0.8867,15.8278,False
K,42,250,1,0.95,0.9888,82.6905,True
K,42,250,2,0.8,0.8079,0.8425,False
K,42,250,2,0.9,0.9417,41.3979,False
K,42,250,2,0.95,0.9888,82.6905,True
K,42,250,3,0.8,0.765,0.6932,False
K,42,250,3,0.9,0.8867,15.8278,False
K,42,250,3,0.95,0.9021,20.9475,False
K,42,250,4,0.8,0.765,0.6932,False
K,42,250,4,0.9,0.8867,15.8278,False
K,42,250,4,0.95,0.9888,82.6905,True
K,42,250,5,0.8,0.8191,0.9188,False
K,42,250,5,0.9,0.9026,21.0347,False
K,42,250,5,0.95,0.9888,82.6905,True
K,42,250,6,0.8,0.765,0.6932,False
K,42,250,6,0.9,0.8867,15.8278,False
K,42,250,6,0.95,0.9888,82.6905,True
K,42,250,7,0.8,0.8079,0.8425,False
K,42,250,7,0.9,0.8867,15.8278,False
K,42,250,7,0.95,0.9888,82.6905,True
K,42,250,8,0.8,0.765,0.6932,False
K,42,250,8,0.9,0.8867,15.8278,False
K,42,250,8,0.95,0.9417,41.3979,False
K,42,250,9,0.8,0.7249,0.5882,False
K,42,250,9,0.9,0.8266,0.9906,False
K,42,250,9,0.95,0.8867,15.8278,False
K,42,250,10,0.8,0.8079,0.8425,False
K,42,250,10,0.9,0.8867,15.8278,False
K,42,250,10,0.95,0.9417,41.3979,False
K,42,250,11,0.8,0.765,0.6932,False
K,42,250,11,0.9,0.8867,15.8278,False
K,42,250,11,0.95,0.9417,41.3979,False
K,42,250,12,0.8,0.7249,0.5882,False
K,42,250,12,0.9,0.8867,15.8278,False
K,42,250,12,0.95,0.9888,82.6905,True
K,42,250,13,0.8,0.7907,0.7806,False
K,42,250,13,0.9,0.9021,20.9475,False
K,42,250,13,0.95,0.9888,82.6905,True
K,42,250,14,0.8,0.8191,0.9188,False
K,42,250,14,0.9,0.8867,15.8278,False
K,42,250,14,0.95,0.9888,82.6905,True
K,42,250,15,0.8,0.8079,0.8425,False
K,42,250,15,0.9,0.8867,15.8278,False
K,42,250,15,0.95,0.9888,82.6905,True
K,42,250,16,0.8,0.8191,0.9188,False
K,42,250,16,0.9,0.8867,15.8278,False
K,42,250,16,0.95,0.9888,82.6905,True
K,42,250,17,0.8,0.765,0.6932,False
K,42,250,17,0.9,0.8359,1.0907,False
K,42,250,17,0.95,0.9417,41.3979,False
K,42,250,18,0.8,0.8079,0.8425,False
K,42,250,18,0.9,0.9417,41.3979,False
K,42,250,18,0.95,0.9888,82.6905,True
K,42,250,19,0.8,0.765,0.6932,False
K,42,250,19,0.9,0.8867,15.8278,False
K,42,250,19,0.95,0.9888,82.6905,True
K,42,250,20,0.8,0.8079,0.8425,False
K,42,250,20,0.9,0.9021,20.9475,False
K,42,250,20,0.95,0.9888,82.6905,True
K,42,250,21,0.8,0.765,0.6932,False
K,42,250,21,0.9,0.8867,15.8278,False
K,42,250,21,0.95,0.9417,41.3979,False
K,42,250,22,0.8,0.7907,0.7806,False
K,42,250,22,0.9,0.8867,15.8278,False
K,42,250,22,0.95,0.9888,82.6905,True
K,42,250,23,0.8,0.7907,0.7806,False
K,42,250,23,0.9,0.9417,41.3979,False
K,42,250,23,0.95,0.9888,82.6905,True
K,42,250,24,0.8,0.765,0.6932,False
K,42,250,24,0.9,0.8359,1.0907,False
K,42,250,24,0.95,0.9417,41.3979,False
K,42,250,25,0.8,0.7907,0.7806,False
K,42,250,25,0.9,0.8867,15.8278,False
K,42,250,25,0.95,0.9888,82.6905,True
K,42,250,26,0.8,0.765,0.6932,False
K,42,250,26,0.9,0.8867,15.8278,False
K,42,250,26,0.95,0.9888,82.6905,True
K,42,250,27,0.8,0.7907,0.7806,False
K,42,250,27,0.9,0.8867,15.8278,False
K,42,250,27,0.95,0.9888,82.6905,True
K,42,250,28,0.8,0.8191,0.9188,False
K,42,250,28,0.9,0.9021,20.9475,False
K,42,250,28,0.95,0.9888,82.6905,True
K,42,250,29,0.8,0.765,0.6932,False
K,42,250,29,0.9,0.8867,15.8278,False
K,42,250,29,0.95,0.9417,41.3979,False
K,42,250,30,0.8,0.7907,0.7806,False
K,42,250,30,0.9,0.9417,41.3979,False
K,42,250,30,0.95,0.9888,82.6905,True
K,42,250,31,0.8,0.7907,0.7806,False
K,42,250,31,0.9,0.8867,15.8278,False
K,42,250,31,0.95,0.9888,82.6905,True
K,42,250,32,0.8,0.7907,0.7806,False
K,42,250,32,0.9,0.8867,15.8278,False
K,42,250,32,0.95,0.9888,82.6905,True
K,42,250,33,0.8,0.7907,0.7806,False
K,42,250,33,0.9,0.9417,41.3979,False
K,42,250,33,0.95,0.9888,82.6905,True
K,42,250,34,0.8,0.765,0.6932,False
K,42,250,34,0.9,0.8867,15.8278,False
K,42,250,34,0.95,0.9417,41.3979,False
K,42,250,35,0.8,0.8079,0.8425,False
K,42,250,35,0.9,0.8867,15.8278,False
K,42,250,35,0.95,0.9888,82.6905,True
K,42,250,36,0.8,0.7907,0.7806,False
K,42,250,36,0.9,0.8867,15.8278,False
K,42,250,36,0.95,0.9888,82.6905,True
K,42,250,37,0.8,0.7907,0.7806,False
K,42,250,37,0.9,0.8867,15.8278,False
K,42,250,37,0.95,0.9417,41.3979,False
K,42,250,38,0.8,0.765,0.6932,False
K,42,250,38,0.9,0.8867,15.8278,False
K,42,250,38,0.95,0.9888,82.6905,True
K,42,250,39,0.8,0.7907,0.7806,False
K,42,250,39,0.9,0.8867,15.8278,False
K,42,250,39,0.95,0.9417,41.3979,False
K,42,500,0,0.8,0.765,0.6932,False
K,42,500,0,0.9,0.8867,15.8278,False
K,42,500,0,0.95,0.9417,41.3979,False
K,42,500,1,0.8,0.8079,0.8425,False
K,42,500,1,0.9,0.8867,15.8278,False
K,42,500,1,0.95,0.9888,82.6905,True
K,42,500,2,0.8,0.765,0.6932,False
K,42,500,2,0.9,0.8867,15.8278,False
K,42,500,2,0.95,0.9417,41.3979,False
K,42,500,3,0.8,0.765,0.6932,False
K,42,500,3,0.9,0.8867,15.8278,False
K,42,500,3,0.95,0.9431,41.6869,False
K,42,500,4,0.8,0.7907,0.7806,False
K,42,500,4,0.9,0.8867,15.8278,False
K,42,500,4,0.95,0.9417,41.3979,False
K,42,500,5,0.8,0.7907,0.7806,False
K,42,500,5,0.9,0.8867,15.8278,False
K,42,500,5,0.95,0.9417,41.3979,False
K,42,500,6,0.8,0.765,0.6932,False
K,42,500,6,0.9,0.8867,15.8278,False
K,42,500,6,0.95,0.9417,41.3979,False
K,42,500,7,0.8,0.7907,0.7806,False
K,42,500,7,0.9,0.8867,15.8278,False
K,42,500,7,0.95,0.9417,41.3979,False
K,42,500,8,0.8,0.765,0.6932,False
K,42,500,8,0.9,0.8867,15.8278,False
K,42,500,8,0.95,0.9417,41.3979,False
K,42,500,9,0.8,0.7907,0.7806,False
K,42,500,9,0.9,0.8867,15.8278,False
K,42,500,9,0.95,0.9888,82.6905,True
K,42,500,10,0.8,0.7907,0.7806,False
K,42,500,10,0.9,0.8867,15.8278,False
K,42,500,10,0.95,0.9417,41.3979,False
K,42,500,11,0.8,0.8079,0.8425,False
K,42,500,11,0.9,0.8867,15.8278,False
K,42,500,11,0.95,0.9417,41.3979,False
K,42,500,12,0.8,0.7907,0.7806,False
K,42,500,12,0.9,0.8867,15.8278,False
K,42,500,12,0.95,0.9417,41.3979,False
K,42,500,13,0.8,0.8191,0.9188,False
K,42,500,13,0.9,0.8867,15.8278,False
K,42,500,13,0.95,0.9888,82.6905,True
K,42,500,14,0.8,0.7907,0.7806,False
K,42,500,14,0.9,0.8867,15.8278,False
K,42,500,14,0.95,0.9417,41.3979,False
K,42,500,15,0.8,0.8079,0.8425,False
K,42,500,15,0.9,0.8867,15.8278,False
K,42,500,15,0.95,0.9417,41.3979,False
K,42,500,16,0.8,0.7907,0.7806,False
K,42,500,16,0.9,0.8867,15.8278,False
K,42,500,16,0.95,0.9888,82.6905,True
K,42,500,17,0.8,0.765,0.6932,False
K,42,500,17,0.9,0.8867,15.8278,False
K,42,500,17,0.95,0.9888,82.6905,True
K,42,500,18,0.8,0.8079,0.8425,False
K,42,500,18,0.9,0.8867,15.8278,False
K,42,500,18,0.95,0.9888,82.6905,True
K,42,500,19,0.8,0.7907,0.7806,False
K,42,500,19,0.9,0.8867,15.8278,False
K,42,500,19,0.95,0.9417,41.3979,False
K,42,500,20,0.8,0.7907,0.7806,False
K,42,500,20,0.9,0.8867,15.8278,False
K,42,500,20,0.95,0.9888,82.6905,True
K,42,500,21,0.8,0.765,0.6932,False
K,42,500,21,0.9,0.8867,15.8278,False
K,42,500,21,0.95,0.9888,82.6905,True
K,42,500,22,0.8,0.7907,0.7806,False
K,42,500,22,0.9,0.8867,15.8278,False
K,42,500,22,0.95,0.9417,41.3979,False
K,42,500,23,0.8,0.765,0.6932,False
K,42,500,23,0.9,0.8867,15.8278,False
K,42,500,23,0.95,0.9417,41.3979,False
K,42,500,24,0.8,0.8079,0.8425,False
K,42,500,24,0.9,0.8867,15.8278,False
K,42,500,24,0.95,0.9888,82.6905,True
K,42,500,25,0.8,0.7907,0.7806,False
K,42,500,25,0.9,0.8867,15.8278,False
K,42,500,25,0.95,0.9888,82.6905,True
K,42,500,26,0.8,0.7907,0.7806,False
K,42,500,26,0.9,0.8867,15.8278,False
K,42,500,26,0.95,0.9888,82.6905,True
K,42,500,27,0.8,0.765,0.6932,False
K,42,500,27,0.9,0.8867,15.8278,False
K,42,500,27,0.95,0.9888,82.6905,True
K,42,500,28,0.8,0.765,0.6932,False
K,42,500,28,0.9,0.8867,15.8278,False
K,42,500,28,0.95,0.9417,41.3979,False
K,42,500,29,0.8,0.7907,0.7806,False
K,42,500,29,0.9,0.8867,15.8278,False
K,42,500,29,0.95,0.9417,41.3979,False
K,42,500,30,0.8,0.765,0.6932,False
K,42,500,30,0.9,0.8867,15.8278,False
K,42,500,30,0.95,0.9417,41.3979,False
K,42,500,31,0.8,0.7907,0.7806,False
K,42,500,31,0.9,0.8867,15.8278,False
K,42,500,31,0.95,0.9888,82.6905,True
K,42,500,32,0.8,0.765,0.6932,False
K,42,500,32,0.9,0.8867,15.8278,False
K,42,500,32,0.95,0.9417,41.3979,False
K,42,500,33,0.8,0.7907,0.7806,False
K,42,500,33,0.9,0.8867,15.8278,False
K,42,500,33,0.95,0.9417,41.3979,False
K,42,500,34,0.8,0.765,0.6932,False
K,42,500,34,0.9,0.8867,15.8278,False
K,42,500,34,0.95,0.9888,82.6905,True
K,42,500,35,0.8,0.765,0.6932,False
K,42,500,35,0.9,0.8867,15.8278,False
K,42,500,35,0.95,0.9417,41.3979,False
K,42,500,36,0.8,0.7907,0.7806,False
K,42,500,36,0.9,0.8867,15.8278,False
K,42,500,36,0.95,0.9417,41.3979,False
K,42,500,37,0.8,0.8079,0.8425,False
K,42,500,37,0.9,0.8867,15.8278,False
K,42,500,37,0.95,0.9888,82.6905,True
K,42,500,38,0.8,0.7907,0.7806,False
K,42,500,38,0.9,0.8867,15.8278,False
K,42,500,38,0.95,0.9417,41.3979,False
K,42,500,39,0.8,0.7907,0.7806,False
K,42,500,39,0.9,0.8867,15.8278,False
K,42,500,39,0.95,0.9888,82.6905,True
K,42,1000,0,0.8,0.7907,0.7806,False
K,42,1000,0,0.9,0.8867,15.8278,False
K,42,1000,0,0.95,0.9417,41.3979,False
K,42,1000,1,0.8,0.7907,0.7806,False
K,42,1000,1,0.9,0.8867,15.8278,False
K,42,1000,1,0.95,0.9417,41.3979,False
K,42,1000,2,0.8,0.7907,0.7806,False
K,42,1000,2,0.9,0.8867,15.8278,False
K,42,1000,2,0.95,0.9417,41.3979,False
K,42,1000,3,0.8,0.7907,0.7806,False
K,42,1000,3,0.9,0.8867,15.8278,False
K,42,1000,3,0.95,0.9888,82.6905,True
K,42,1000,4,0.8,0.7907,0.7806,False
K,42,1000,4,0.9,0.8867,15.8278,False
K,42,1000,4,0.95,0.9417,41.3979,False
K,42,1000,5,0.8,0.7907,0.7806,False
K,42,1000,5,0.9,0.8867,15.8278,False
K,42,1000,5,0.95,0.9417,41.3979,False
K,42,1000,6,0.8,0.7907,0.7806,False
K,42,1000,6,0.9,0.8867,15.8278,False
K,42,1000,6,0.95,0.9417,41.3979,False
K,42,1000,7,0.8,0.7907,0.7806,False
K,42,1000,7,0.9,0.8867,15.8278,False
K,42,1000,7,0.95,0.9417,41.3979,False
K,42,1000,8,0.8,0.7907,0.7806,False
K,42,1000,8,0.9,0.8867,15.8278,False
K,42,1000,8,0.95,0.9417,41.3979,False
K,42,1000,9,0.8,0.7907,0.7806,False
K,42,1000,9,0.9,0.8867,15.8278,False
K,42,1000,9,0.95,0.9888,82.6905,True
K,42,1000,10,0.8,0.765,0.6932,False
K,42,1000,10,0.9,0.8867,15.8278,False
K,42,1000,10,0.95,0.9417,41.3979,False
K,42,1000,11,0.8,0.7907,0.7806,False
K,42,1000,11,0.9,0.8867,15.8278,False
K,42,1000,11,0.95,0.9888,82.6905,True
K,42,1000,12,0.8,0.7907,0.7806,False
K,42,1000,12,0.9,0.8867,15.8278,False
K,42,1000,12,0.95,0.9888,82.6905,True
K,42,1000,13,0.8,0.7907,0.7806,False
K,42,1000,13,0.9,0.8867,15.8278,False
K,42,1000,13,0.95,0.9417,41.3979,False
K,42,1000,14,0.8,0.7907,0.7806,False
K,42,1000,14,0.9,0.8867,15.8278,False
K,42,1000,14,0.95,0.9417,41.3979,False
K,42,1000,15,0.8,0.7907,0.7806,False
K,42,1000,15,0.9,0.8867,15.8278,False
K,42,1000,15,0.95,0.9417,41.3979,False
K,42,1000,16,0.8,0.7907,0.7806,False
K,42,1000,16,0.9,0.8867,15.8278,False
K,42,1000,16,0.95,0.9417,41.3979,False
K,42,1000,17,0.8,0.7907,0.7806,False
K,42,1000,17,0.9,0.8867,15.8278,False
K,42,1000,17,0.95,0.9417,41.3979,False
K,42,1000,18,0.8,0.7907,0.7806,False
K,42,1000,18,0.9,0.8867,15.8278,False
K,42,1000,18,0.95,0.9888,82.6905,True
K,42,1000,19,0.8,0.765,0.6932,False
K,42,1000,19,0.9,0.8867,15.8278,False
K,42,1000,19,0.95,0.9888,82.6905,True
K,42,1000,20,0.8,0.7907,0.7806,False
K,42,1000,20,0.9,0.8867,15.8278,False
K,42,1000,20,0.95,0.9417,41.3979,False
K,42,1000,21,0.8,0.7907,0.7806,False
K,42,1000,21,0.9,0.8867,15.8278,False
K,42,1000,21,0.95,0.9888,82.6905,True
K,42,1000,22,0.8,0.7907,0.7806,False
K,42,1000,22,0.9,0.8867,15.8278,False
K,42,1000,22,0.95,0.9417,41.3979,False
K,42,1000,23,0.8,0.7907,0.7806,False
K,42,1000,23,0.9,0.8867,15.8278,False
K,42,1000,23,0.95,0.9417,41.3979,False
K,42,1000,24,0.8,0.7907,0.7806,False
K,42,1000,24,0.9,0.8867,15.8278,False
K,42,1000,24,0.95,0.9417,41.3979,False
K,42,1000,25,0.8,0.7907,0.7806,False
K,42,1000,25,0.9,0.8867,15.8278,False
K,42,1000,25,0.95,0.9417,41.3979,False
K,42,1000,26,0.8,0.7907,0.7806,False
K,42,1000,26,0.9,0.8867,15.8278,False
K,42,1000,26,0.95,0.9431,41.6869,False
K,42,1000,27,0.8,0.765,0.6932,False
K,42,1000,27,0.9,0.8867,15.8278,False
K,42,1000,27,0.95,0.9417,41.3979,False
K,42,1000,28,0.8,0.7907,0.7806,False
K,42,1000,28,0.9,0.8867,15.8278,False
K,42,1000,28,0.95,0.9417,41.3979,False
K,42,1000,29,0.8,0.7907,0.7806,False
K,42,1000,29,0.9,0.8867,15.8278,False
K,42,1000,29,0.95,0.9888,82.6905,True
K,42,1000,30,0.8,0.7907,0.7806,False
K,42,1000,30,0.9,0.8867,15.8278,False
K,42,1000,30,0.95,0.9888,82.6905,True
K,42,1000,31,0.8,0.7907,0.7806,False
K,42,1000,31,0.9,0.8867,15.8278,False
K,42,1000,31,0.95,0.9417,41.3979,False
K,42,1000,32,0.8,0.7907,0.7806,False
K,42,1000,32,0.9,0.8867,15.8278,False
K,42,1000,32,0.95,0.9888,82.6905,True
K,42,1000,33,0.8,0.765,0.6932,False
K,42,1000,33,0.9,0.8867,15.8278,False
K,42,1000,33,0.95,0.9417,41.3979,False
K,42,1000,34,0.8,0.7907,0.7806,False
K,42,1000,34,0.9,0.8867,15.8278,False
K,42,1000,34,0.95,0.9888,82.6905,True
K,42,1000,35,0.8,0.765,0.6932,False
K,42,1000,35,0.9,0.8867,15.8278,False
K,42,1000,35,0.95,0.9417,41.3979,False
K,42,1000,36,0.8,0.7907,0.7806,False
K,42,1000,36,0.9,0.8867,15.8278,False
K,42,1000,36,0.95,0.9417,41.3979,False
K,42,1000,37,0.8,0.765,0.6932,False
K,42,1000,37,0.9,0.8867,15.8278,False
K,42,1000,37,0.95,0.9417,41.3979,False
K,42,1000,38,0.8,0.7907,0.7806,False
K,42,1000,38,0.9,0.8867,15.8278,False
K,42,1000,38,0.95,0.9888,82.6905,True
K,42,1000,39,0.8,0.7907,0.7806,False
K,42,1000,39,0.9,0.8867,15.8278,False
K,42,1000,39,0.95,0.9417,41.3979,False
K,42,1252,0,0.8,0.7907,0.7806,False
K,42,1252,0,0.9,0.8867,15.8278,False
K,42,1252,0,0.95,0.9417,41.3979,False
K,43,10,0,0.8,0.993,89.5618,True
K,43,10,0,0.9,0.993,89.5618,True
K,43,10,0,0.95,0.993,89.5618,True
K,43,10,1,0.8,0.7958,0.8083,False
K,43,10,1,0.9,0.7958,0.8083,False
K,43,10,1,0.95,0.7958,0.8083,False
K,43,10,2,0.8,0.958,53.1371,True
K,43,10,2,0.9,0.958,53.1371,True
K,43,10,2,0.95,0.958,53.1371,True
K,43,10,3,0.8,0.993,89.5618,True
K,43,10,3,0.9,0.993,89.5618,True
K,43,10,3,0.95,0.993,89.5618,True
K,43,10,4,0.8,0.958,53.7793,True
K,43,10,4,0.9,0.958,53.7793,True
K,43,10,4,0.95,0.958,53.7793,True
K,43,10,5,0.8,0.958,53.1371,True
K,43,10,5,0.9,0.958,53.1371,True
K,43,10,5,0.95,0.958,53.1371,True
K,43,10,6,0.8,0.958,53.1371,True
K,43,10,6,0.9,0.958,53.1371,True
K,43,10,6,0.95,0.958,53.1371,True
K,43,10,7,0.8,0.958,53.1371,True
K,43,10,7,0.9,0.958,53.1371,True
K,43,10,7,0.95,0.958,53.1371,True
K,43,10,8,0.8,0.958,53.1371,True
K,43,10,8,0.9,0.958,53.1371,True
K,43,10,8,0.95,0.958,53.1371,True
K,43,10,9,0.8,0.958,53.1371,True
K,43,10,9,0.9,0.958,53.1371,True
K,43,10,9,0.95,0.958,53.1371,True
K,43,10,10,0.8,0.958,53.1371,True
K,43,10,10,0.9,0.958,53.1371,True
K,43,10,10,0.95,0.958,53.1371,True
K,43,10,11,0.8,0.993,89.5618,True
K,43,10,11,0.9,0.993,89.5618,True
K,43,10,11,0.95,0.993,89.5618,True
K,43,10,12,0.8,0.8695,15.7814,False
K,43,10,12,0.9,0.8695,15.7814,False
K,43,10,12,0.95,0.8695,15.7814,False
K,43,10,13,0.8,0.958,53.1371,True
K,43,10,13,0.9,0.958,53.1371,True
K,43,10,13,0.95,0.958,53.1371,True
K,43,10,14,0.8,0.8233,0.9667,False
K,43,10,14,0.9,0.8233,0.9667,False
K,43,10,14,0.95,0.8233,0.9667,False
K,43,10,15,0.8,0.993,89.5618,True
K,43,10,15,0.9,0.993,89.5618,True
K,43,10,15,0.95,0.993,89.5618,True
K,43,10,16,0.8,0.8233,0.9667,False
K,43,10,16,0.9,0.8233,0.9667,False
K,43,10,16,0.95,0.8233,0.9667,False
K,43,10,17,0.8,0.993,89.5618,True
K,43,10,17,0.9,0.993,89.5618,True
K,43,10,17,0.95,0.993,89.5618,True
K,43,10,18,0.8,0.993,89.5618,True
K,43,10,18,0.9,0.993,89.5618,True
K,43,10,18,0.95,0.993,89.5618,True
K,43,10,19,0.8,0.958,53.1371,True
K,43,10,19,0.9,0.958,53.1371,True
K,43,10,19,0.95,0.958,53.1371,True
K,43,10,20,0.8,0.958,53.1371,True
K,43,10,20,0.9,0.958,53.1371,True
K,43,10,20,0.95,0.958,53.1371,True
K,43,10,21,0.8,0.8308,1.028,False
K,43,10,21,0.9,0.8308,1.028,False
K,43,10,21,0.95,0.8308,1.028,False
K,43,10,22,0.8,0.8233,0.9667,False
K,43,10,22,0.9,0.8233,0.9667,False
K,43,10,22,0.95,0.8233,0.9667,False
K,43,10,23,0.8,1.0,99.8919,True
K,43,10,23,0.9,1.0,99.8919,True
K,43,10,23,0.95,1.0,99.8919,True
K,43,10,24,0.8,0.8233,0.9667,False
K,43,10,24,0.9,0.8233,0.9667,False
K,43,10,24,0.95,0.8233,0.9667,False
K,43,10,25,0.8,0.993,89.5618,True
K,43,10,25,0.9,0.993,89.5618,True
K,43,10,25,0.95,0.993,89.5618,True
K,43,10,26,0.8,0.993,89.5618,True
K,43,10,26,0.9,0.993,89.5618,True
K,43,10,26,0.95,0.993,89.5618,True
K,43,10,27,0.8,0.993,89.5618,True
K,43,10,27,0.9,0.993,89.5618,True
K,43,10,27,0.95,0.993,89.5618,True
K,43,10,28,0.8,0.993,89.5618,True
K,43,10,28,0.9,0.993,89.5618,True
K,43,10,28,0.95,0.993,89.5618,True
K,43,10,29,0.8,0.8308,1.028,False
K,43,10,29,0.9,0.8308,1.028,False
K,43,10,29,0.95,0.8308,1.028,False
K,43,10,30,0.8,0.5949,0.4166,False
K,43,10,30,0.9,0.5949,0.4166,False
K,43,10,30,0.95,0.5949,0.4166,False
K,43,10,31,0.8,0.993,89.5618,True
K,43,10,31,0.9,0.993,89.5618,True
K,43,10,31,0.95,0.993,89.5618,True
K,43,10,32,0.8,0.993,89.5618,True
K,43,10,32,0.9,0.993,89.5618,True
K,43,10,32,0.95,0.993,89.5618,True
K,43,10,33,0.8,0.7035,0.5924,False
K,43,10,33,0.9,0.7035,0.5924,False
K,43,10,33,0.95,0.7035,0.5924,False
K,43,10,34,0.8,0.8695,15.7814,False
K,43,10,34,0.9,0.8695,15.7814,False
K,43,10,34,0.95,0.8695,15.7814,False
K,43,10,35,0.8,0.993,89.5618,True
K,43,10,35,0.9,0.993,89.5618,True
K,43,10,35,0.95,0.993,89.5618,True
K,43,10,36,0.8,0.8629,13.708,False
K,43,10,36,0.9,0.8629,13.708,False
K,43,10,36,0.95,0.8629,13.708,False
K,43,10,37,0.8,0.7958,0.8083,False
K,43,10,37,0.9,0.7958,0.8083,False
K,43,10,37,0.95,0.7958,0.8083,False
K,43,10,38,0.8,0.958,53.1371,True
K,43,10,38,0.9,0.958,53.1371,True
K,43,10,38,0.95,0.958,53.1371,True
K,43,10,39,0.8,0.958,53.1371,True
K,43,10,39,0.9,0.958,53.1371,True
K,43,10,39,0.95,0.958,53.1371,True
K,43,15,0,0.8,0.958,53.1371,True
K,43,15,0,0.9,0.993,89.5618,True
K,43,15,0,0.95,0.993,89.5618,True
K,43,15,1,0.8,0.7958,0.8083,False
K,43,15,1,0.9,0.958,53.1371,True
K,43,15,1,0.95,0.958,53.1371,True
K,43,15,2,0.8,0.8629,13.708,False
K,43,15,2,0.9,0.958,53.1371,True
K,43,15,2,0.95,0.958,53.1371,True
K,43,15,3,0.8,0.7958,0.8083,False
K,43,15,3,0.9,0.958,53.1371,True
K,43,15,3,0.95,0.958,53.1371,True
K,43,15,4,0.8,0.958,53.1371,True
K,43,15,4,0.9,0.993,89.5618,True
K,43,15,4,0.95,0.993,89.5618,True
K,43,15,5,0.8,0.958,53.1371,True
K,43,15,5,0.9,0.958,53.1371,True
K,43,15,5,0.95,0.958,53.1371,True
K,43,15,6,0.8,0.958,53.1371,True
K,43,15,6,0.9,0.958,53.1371,True
K,43,15,6,0.95,0.958,53.1371,True
K,43,15,7,0.8,0.958,53.1371,True
K,43,15,7,0.9,0.993,89.5618,True
K,43,15,7,0.95,0.993,89.5618,True
K,43,15,8,0.8,0.993,89.5618,True
K,43,15,8,0.9,0.993,89.5618,True
K,43,15,8,0.95,0.993,89.5618,True
K,43,15,9,0.8,0.7035,0.5924,False
K,43,15,9,0.9,0.78,0.7374,False
K,43,15,9,0.95,0.78,0.7374,False
K,43,15,10,0.8,0.8629,13.708,False
K,43,15,10,0.9,0.958,53.1371,True
K,43,15,10,0.95,0.958,53.1371,True
K,43,15,11,0.8,0.78,0.7374,False
K,43,15,11,0.9,0.8233,0.9667,False
K,43,15,11,0.95,0.8233,0.9667,False
K,43,15,12,0.8,0.8858,21.389,False
K,43,15,12,0.9,0.958,53.1371,True
K,43,15,12,0.95,0.958,53.1371,True
K,43,15,13,0.8,0.7958,0.8083,False
K,43,15,13,0.9,0.958,53.1371,True
K,43,15,13,0.95,0.958,53.1371,True
K,43,15,14,0.8,0.78,0.7374,False
K,43,15,14,0.9,0.7958,0.8083,False
K,43,15,14,0.95,0.7958,0.8083,False
K,43,15,15,0.8,0.7958,0.8083,False
K,43,15,15,0.9,0.993,89.5618,True
K,43,15,15,0.95,0.993,89.5618,True
K,43,15,16,0.8,0.958,53.1371,True
K,43,15,16,0.9,0.993,89.5618,True
K,43,15,16,0.95,0.993,89.5618,True
K,43,15,17,0.8,0.7198,0.6221,False
K,43,15,17,0.9,0.958,53.1371,True
K,43,15,17,0.95,0.958,53.1371,True
K,43,15,18,0.8,0.958,53.1371,True
K,43,15,18,0.9,0.958,53.1371,True
K,43,15,18,0.95,0.958,53.1371,True
K,43,15,19,0.8,0.7035,0.5924,False
K,43,15,19,0.9,0.8233,0.9667,False
K,43,15,19,0.95,0.8233,0.9667,False
K,43,15,20,0.8,0.958,53.1371,True
K,43,15,20,0.9,0.993,89.5618,True
K,43,15,20,0.95,0.993,89.5618,True
K,43,15,21,0.8,0.958,53.1371,True
K,43,15,21,0.9,0.993,89.5618,True
K,43,15,21,0.95,0.993,89.5618,True
K,43,15,22,0.8,0.8695,15.7814,False
K,43,15,22,0.9,0.8858,21.389,False
K,43,15,22,0.95,0.8858,21.389,False
K,43,15,23,0.8,0.8233,0.9667,False
K,43,15,23,0.9,0.8308,1.028,False
K,43,15,23,0.95,0.8308,1.028,False
K,43,15,24,0.8,0.8308,1.028,False
K,43,15,24,0.9,0.8858,21.389,False
K,43,15,24,0.95,0.8858,21.389,False
K,43,15,25,0.8,0.8858,21.389,False
K,43,15,25,0.9,0.993,89.5618,True
K,43,15,25,0.95,0.993,89.5618,True
K,43,15,26,0.8,0.8629,13.708,False
K,43,15,26,0.9,0.8858,21.389,False
K,43,15,26,0.95,0.8858,21.389,False
K,43,15,27,0.8,0.993,89.5618,True
K,43,15,27,0.9,0.993,89.5618,True
K,43,15,27,0.95,0.993,89.5618,True
K,43,15,28,0.8,0.958,53.1371,True
K,43,15,28,0.9,0.958,53.1371,True
K,43,15,28,0.95,0.958,53.1371,True
K,43,15,29,0.8,0.8695,15.7814,False
K,43,15,29,0.9,0.8858,21.389,False
K,43,15,29,0.95,0.8858,21.389,False
K,43,15,30,0.8,0.958,53.1371,True
K,43,15,30,0.9,0.958,53.1371,True
K,43,15,30,0.95,0.958,53.1371,True
K,43,15,31,0.8,0.958,53.1371,True
K,43,15,31,0.9,0.993,89.5618,True
K,43,15,31,0.95,0.993,89.5618,True
K,43,15,32,0.8,0.8233,0.9667,False
K,43,15,32,0.9,0.958,53.1371,True
K,43,15,32,0.95,0.958,53.1371,True
K,43,15,33,0.8,0.958,53.1371,True
K,43,15,33,0.9,0.993,89.5618,True
K,43,15,33,0.95,0.993,89.5618,True
K,43,15,34,0.8,0.958,53.1371,True
K,43,15,34,0.9,0.958,53.1371,True
K,43,15,34,0.95,0.958,53.1371,True
K,43,15,35,0.8,0.8308,1.028,False
K,43,15,35,0.9,0.993,89.5618,True
K,43,15,35,0.95,0.993,89.5618,True
K,43,15,36,0.8,0.958,53.1371,True
K,43,15,36,0.9,0.993,89.5618,True
K,43,15,36,0.95,0.993,89.5618,True
K,43,15,37,0.8,0.958,53.1371,True
K,43,15,37,0.9,0.993,89.5618,True
K,43,15,37,0.95,0.993,89.5618,True
K,43,15,38,0.8,0.8629,13.7247,False
K,43,15,38,0.9,0.993,89.5618,True
K,43,15,38,0.95,0.993,89.5618,True
K,43,15,39,0.8,0.8858,21.389,False
K,43,15,39,0.9,0.958,53.1371,True
K,43,15,39,0.95,0.958,53.1371,True
K,43,20,0,0.8,0.958,53.1371,True
K,43,20,0,0.9,0.993,89.5618,True
K,43,20,0,0.95,0.993,89.5618,True
K,43,20,1,0.8,0.958,53.1371,True
K,43,20,1,0.9,0.993,89.5618,True
K,43,20,1,0.95,0.993,89.5618,True
K,43,20,2,0.8,0.7198,0.6221,False
K,43,20,2,0.9,0.993,89.5618,True
K,43,20,2,0.95,0.993,89.5618,True
K,43,20,3,0.8,0.8233,0.9667,False
K,43,20,3,0.9,0.958,53.1371,True
K,43,20,3,0.95,0.958,53.1371,True
K,43,20,4,0.8,0.8695,15.7814,False
K,43,20,4,0.9,0.958,53.1371,True
K,43,20,4,0.95,0.958,53.1371,True
K,43,20,5,0.8,0.958,53.1371,True
K,43,20,5,0.9,0.993,89.5618,True
K,43,20,5,0.95,0.993,89.5618,True
K,43,20,6,0.8,0.78,0.7374,False
K,43,20,6,0.9,0.8629,13.708,False
K,43,20,6,0.95,0.8629,13.708,False
K,43,20,7,0.8,0.8233,0.9667,False
K,43,20,7,0.9,0.993,89.5618,True
K,43,20,7,0.95,0.993,89.5618,True
K,43,20,8,0.8,0.993,89.5618,True
K,43,20,8,0.9,1.0,99.8919,True
K,43,20,8,0.95,1.0,99.8919,True
K,43,20,9,0.8,0.78,0.7374,False
K,43,20,9,0.9,0.958,53.1371,True
K,43,20,9,0.95,0.958,53.1371,True
K,43,20,10,0.8,0.7958,0.8083,False
K,43,20,10,0.9,0.958,53.1371,True
K,43,20,10,0.95,0.958,53.1371,True
K,43,20,11,0.8,0.958,53.1371,True
K,43,20,11,0.9,0.958,53.7793,True
K,43,20,11,0.95,0.958,53.7793,True
K,43,20,12,0.8,0.958,53.1371,True
K,43,20,12,0.9,0.958,53.1371,True
K,43,20,12,0.95,0.958,53.1371,True
K,43,20,13,0.8,0.7958,0.8083,False
K,43,20,13,0.9,0.8308,1.028,False
K,43,20,13,0.95,0.8308,1.028,False
K,43,20,14,0.8,0.7198,0.6221,False
K,43,20,14,0.9,0.8233,0.9667,False
K,43,20,14,0.95,0.8233,0.9667,False
K,43,20,15,0.8,0.958,53.1371,True
K,43,20,15,0.9,0.993,89.5618,True
K,43,20,15,0.95,0.993,89.5618,True
K,43,20,16,0.8,0.8308,1.028,False
K,43,20,16,0.9,0.993,89.5618,True
K,43,20,16,0.95,0.993,89.5618,True
K,43,20,17,0.8,0.8233,0.9667,False
K,43,20,17,0.9,0.993,89.5618,True
K,43,20,17,0.95,0.993,89.5618,True
K,43,20,18,0.8,0.958,53.1371,True
K,43,20,18,0.9,0.993,89.5618,True
K,43,20,18,0.95,0.993,89.5618,True
K,43,20,19,0.8,0.958,53.1371,True
K,43,20,19,0.9,1.0,99.8919,True
K,43,20,19,0.95,1.0,99.8919,True
K,43,20,20,0.8,0.78,0.7374,False
K,43,20,20,0.9,0.958,53.1371,True
K,43,20,20,0.95,0.958,53.1371,True
K,43,20,21,0.8,0.958,53.1371,True
K,43,20,21,0.9,0.9939,93.0456,True
K,43,20,21,0.95,0.9939,93.0456,True
K,43,20,22,0.8,0.958,53.1371,True
K,43,20,22,0.9,0.993,89.5618,True
K,43,20,22,0.95,0.993,89.5618,True
K,43,20,23,0.8,0.8308,1.028,False
K,43,20,23,0.9,0.8629,13.708,False
K,43,20,23,0.95,0.8629,13.708,False
K,43,20,24,0.8,0.7035,0.5924,False
K,43,20,24,0.9,0.8308,1.028,False
K,43,20,24,0.95,0.8308,1.028,False
K,43,20,25,0.8,0.8233,0.9667,False
K,43,20,25,0.9,0.993,89.5618,True
K,43,20,25,0.95,0.993,89.5618,True
K,43,20,26,0.8,0.7958,0.8083,False
K,43,20,26,0.9,0.958,53.7793,True
K,43,20,26,0.95,0.958,53.7793,True
K,43,20,27,0.8,0.78,0.7374,False
K,43,20,27,0.9,1.0,99.8919,True
K,43,20,27,0.95,1.0,99.8919,True
K,43,20,28,0.8,0.5949,0.4166,False
K,43,20,28,0.9,0.8695,15.7814,False
K,43,20,28,0.95,0.8695,15.7814,False
K,43,20,29,0.8,0.5949,0.4166,False
K,43,20,29,0.9,0.7035,0.5924,False
K,43,20,29,0.95,0.7035,0.5924,False
K,43,20,30,0.8,0.8308,1.028,False
K,43,20,30,0.9,0.993,89.5618,True
K,43,20,30,0.95,0.993,89.5618,True
K,43,20,31,0.8,0.8858,21.389,False
K,43,20,31,0.9,0.993,89.5618,True
K,43,20,31,0.95,0.993,89.5618,True
K,43,20,32,0.8,0.7035,0.5924,False
K,43,20,32,0.9,0.958,53.1371,True
K,43,20,32,0.95,0.958,53.1371,True
K,43,20,33,0.8,0.8233,0.9667,False
K,43,20,33,0.9,0.958,53.1371,True
K,43,20,33,0.95,0.958,53.1371,True
K,43,20,34,0.8,0.8233,0.9667,False
K,43,20,34,0.9,0.993,89.5618,True
K,43,20,34,0.95,0.993,89.5618,True
K,43,20,35,0.8,0.8308,1.028,False
K,43,20,35,0.9,0.993,89.5618,True
K,43,20,35,0.95,0.993,89.5618,True
K,43,20,36,0.8,0.993,89.5618,True
K,43,20,36,0.9,0.993,89.5618,True
K,43,20,36,0.95,0.993,89.5618,True
K,43,20,37,0.8,0.8233,0.9667,False
K,43,20,37,0.9,0.993,89.5618,True
K,43,20,37,0.95,0.993,89.5618,True
K,43,20,38,0.8,0.8308,1.028,False
K,43,20,38,0.9,0.993,89.5618,True
K,43,20,38,0.95,0.993,89.5618,True
K,43,20,39,0.8,0.78,0.7374,False
K,43,20,39,0.9,0.7958,0.8083,False
K,43,20,39,0.95,0.7958,0.8083,False
K,43,25,0,0.8,0.7958,0.8083,False
K,43,25,0,0.9,0.958,53.1371,True
K,43,25,0,0.95,0.958,53.1371,True
K,43,25,1,0.8,0.8233,0.9667,False
K,43,25,1,0.9,0.8858,21.389,False
K,43,25,1,0.95,0.8858,21.389,False
K,43,25,2,0.8,0.8308,1.028,False
K,43,25,2,0.9,0.993,89.5618,True
K,43,25,2,0.95,0.993,89.5618,True
K,43,25,3,0.8,0.8396,1.31,False
K,43,25,3,0.9,0.993,89.5618,True
K,43,25,3,0.95,0.993,89.5618,True
K,43,25,4,0.8,0.958,53.1371,True
K,43,25,4,0.9,0.993,89.5618,True
K,43,25,4,0.95,0.993,89.5618,True
K,43,25,5,0.8,0.7958,0.8083,False
K,43,25,5,0.9,0.958,53.1371,True
K,43,25,5,0.95,0.958,53.1371,True
K,43,25,6,0.8,0.958,53.1371,True
K,43,25,6,0.9,0.993,89.5618,True
K,43,25,6,0.95,0.993,89.5618,True
K,43,25,7,0.8,0.958,53.1371,True
K,43,25,7,0.9,0.993,89.5618,True
K,43,25,7,0.95,0.993,89.5618,True
K,43,25,8,0.8,0.7035,0.5924,False
K,43,25,8,0.9,0.958,53.1371,True
K,43,25,8,0.95,0.958,53.1371,True
K,43,25,9,0.8,0.8629,13.708,False
K,43,25,9,0.9,0.993,89.5618,True
K,43,25,9,0.95,0.993,89.5618,True
K,43,25,10,0.8,0.7958,0.8083,False
K,43,25,10,0.9,0.993,89.5618,True
K,43,25,10,0.95,0.993,89.5618,True
K,43,25,11,0.8,0.958,53.1371,True
K,43,25,11,0.9,0.993,89.5618,True
K,43,25,11,0.95,0.993,89.5618,True
K,43,25,12,0.8,0.7035,0.5924,False
K,43,25,12,0.9,0.958,53.1371,True
K,43,25,12,0.95,0.958,53.1371,True
K,43,25,13,0.8,0.958,53.1371,True
K,43,25,13,0.9,0.993,89.5618,True
K,43,25,13,0.95,0.993,89.5618,True
K,43,25,14,0.8,0.7198,0.6221,False
K,43,25,14,0.9,0.993,89.5618,True
K,43,25,14,0.95,0.993,89.5618,True
K,43,25,15,0.8,0.78,0.7374,False
K,43,25,15,0.9,0.993,89.5618,True
K,43,25,15,0.95,0.993,89.5618,True
K,43,25,16,0.8,0.7198,0.6221,False
K,43,25,16,0.9,0.958,53.1371,True
K,43,25,16,0.95,0.958,53.1371,True
K,43,25,17,0.8,0.8233,0.9667,False
K,43,25,17,0.9,0.993,89.5618,True
K,43,25,17,0.95,0.993,89.5618,True
K,43,25,18,0.8,0.958,53.1371,True
K,43,25,18,0.9,0.993,89.5618,True
K,43,25,18,0.95,0.993,89.5618,True
K,43,25,19,0.8,0.7198,0.6221,False
K,43,25,19,0.9,0.8629,13.708,False
K,43,25,19,0.95,0.8629,13.708,False
K,43,25,20,0.8,0.78,0.7374,False
K,43,25,20,0.9,0.8326,1.0601,False
K,43,25,20,0.95,0.8326,1.0601,False
K,43,25,21,0.8,0.8629,13.7247,False
K,43,25,21,0.9,0.993,89.5618,True
K,43,25,21,0.95,0.993,89.5618,True
K,43,25,22,0.8,0.7035,0.5924,False
K,43,25,22,0.9,0.993,89.5618,True
K,43,25,22,0.95,0.993,89.5618,True
K,43,25,23,0.8,0.958,53.1371,True
K,43,25,23,0.9,0.993,89.5618,True
K,43,25,23,0.95,0.993,89.5618,True
K,43,25,24,0.8,0.8308,1.028,False
K,43,25,24,0.9,0.958,53.1371,True
K,43,25,24,0.95,0.958,53.1371,True
K,43,25,25,0.8,0.7035,0.5924,False
K,43,25,25,0.9,0.78,0.7374,False
K,43,25,25,0.95,0.78,0.7374,False
K,43,25,26,0.8,0.8233,0.9667,False
K,43,25,26,0.9,0.958,53.1371,True
K,43,25,26,0.95,0.958,53.1371,True
K,43,25,27,0.8,0.78,0.7374,False
K,43,25,27,0.9,0.9939,93.0456,True
K,43,25,27,0.95,0.9939,93.0456,True
K,43,25,28,0.8,0.958,53.1371,True
K,43,25,28,0.9,0.993,89.5618,True
K,43,25,28,0.95,0.993,89.5618,True
K,43,25,29,0.8,0.8308,1.028,False
K,43,25,29,0.9,0.958,53.1371,True
K,43,25,29,0.95,0.958,53.1371,True
K,43,25,30,0.8,0.8629,13.7274,False
K,43,25,30,0.9,0.993,89.5618,True
K,43,25,30,0.95,0.993,89.5618,True
K,43,25,31,0.8,0.8629,13.708,False
K,43,25,31,0.9,0.958,53.1371,True
K,43,25,31,0.95,0.958,53.1371,True
K,43,25,32,0.8,0.78,0.7374,False
K,43,25,32,0.9,0.958,53.1371,True
K,43,25,32,0.95,0.958,53.1371,True
K,43,25,33,0.8,0.8396,1.31,False
K,43,25,33,0.9,0.993,89.5618,True
K,43,25,33,0.95,0.993,89.5618,True
K,43,25,34,0.8,0.8308,1.028,False
K,43,25,34,0.9,0.993,89.5618,True
K,43,25,34,0.95,0.993,89.5618,True
K,43,25,35,0.8,0.7035,0.5924,False
K,43,25,35,0.9,0.993,89.5618,True
K,43,25,35,0.95,0.993,89.5618,True
K,43,25,36,0.8,0.8233,0.9667,False
K,43,25,36,0.9,0.993,89.5618,True
K,43,25,36,0.95,0.993,89.5618,True
K,43,25,37,0.8,0.8308,1.028,False
K,43,25,37,0.9,0.993,89.5618,True
K,43,25,37,0.95,0.993,89.5618,True
K,43,25,38,0.8,0.958,53.1371,True
K,43,25,38,0.9,0.993,89.5618,True
K,43,25,38,0.95,0.993,89.5618,True
K,43,25,39,0.8,0.7958,0.8083,False
K,43,25,39,0.9,0.958,53.1371,True
K,43,25,39,0.95,0.958,53.1371,True
K,43,30,0,0.8,0.8629,13.708,False
K,43,30,0,0.9,0.993,89.5618,True
K,43,30,0,0.95,0.993,89.5618,True
K,43,30,1,0.8,0.7958,0.8083,False
K,43,30,1,0.9,0.958,53.1371,True
K,43,30,1,0.95,0.958,53.1371,True
K,43,30,2,0.8,0.8629,13.708,False
K,43,30,2,0.9,0.993,89.5618,True
K,43,30,2,0.95,0.993,89.5618,True
K,43,30,3,0.8,0.8629,13.708,False
K,43,30,3,0.9,0.993,89.5618,True
K,43,30,3,0.95,0.993,89.5618,True
K,43,30,4,0.8,0.78,0.7374,False
K,43,30,4,0.9,0.958,53.1371,True
K,43,30,4,0.95,0.993,89.5618,True
K,43,30,5,0.8,0.8233,0.9667,False
K,43,30,5,0.9,0.958,53.1371,True
K,43,30,5,0.95,0.958,53.1371,True
K,43,30,6,0.8,0.8629,13.708,False
K,43,30,6,0.9,0.993,89.5618,True
K,43,30,6,0.95,0.993,89.5618,True
K,43,30,7,0.8,0.7198,0.6221,False
K,43,30,7,0.9,0.958,53.1371,True
K,43,30,7,0.95,0.993,89.5618,True
K,43,30,8,0.8,0.8858,21.389,False
K,43,30,8,0.9,0.993,89.5618,True
K,43,30,8,0.95,0.993,89.5618,True
K,43,30,9,0.8,0.8629,13.708,False
K,43,30,9,0.9,0.993,89.5618,True
K,43,30,9,0.95,0.993,89.5618,True
K,43,30,10,0.8,0.8629,13.708,False
K,43,30,10,0.9,0.958,53.1371,True
K,43,30,10,0.95,0.993,89.5618,True
K,43,30,11,0.8,0.7198,0.6221,False
K,43,30,11,0.9,0.8629,13.708,False
K,43,30,11,0.95,0.958,53.1371,True
K,43,30,12,0.8,0.7198,0.6221,False
K,43,30,12,0.9,0.993,89.5618,True
K,43,30,12,0.95,0.993,89.5618,True
K,43,30,13,0.8,0.958,53.1371,True
K,43,30,13,0.9,0.993,89.5618,True
K,43,30,13,0.95,0.993,89.5618,True
K,43,30,14,0.8,0.7035,0.5924,False
K,43,30,14,0.9,0.8695,15.7814,False
K,43,30,14,0.95,0.958,53.1371,True
K,43,30,15,0.8,0.958,53.1371,True
K,43,30,15,0.9,0.993,89.5618,True
K,43,30,15,0.95,0.993,89.5618,True
K,43,30,16,0.8,0.8629,13.708,False
K,43,30,16,0.9,0.958,53.1371,True
K,43,30,16,0.95,0.958,53.1371,True
K,43,30,17,0.8,0.8233,0.9667,False
K,43,30,17,0.9,0.958,53.1371,True
K,43,30,17,0.95,0.958,53.1371,True
K,43,30,18,0.8,0.8629,13.708,False
K,43,30,18,0.9,0.958,53.1371,True
K,43,30,18,0.95,0.958,53.1371,True
K,43,30,19,0.8,0.8322,1.0511,False
K,43,30,19,0.9,0.993,89.5618,True
K,43,30,19,0.95,1.0,99.8919,True
K,43,30,20,0.8,0.8308,1.028,False
K,43,30,20,0.9,0.993,89.5618,True
K,43,30,20,0.95,0.993,89.5618,True
K,43,30,21,0.8,0.8308,1.028,False
K,43,30,21,0.9,0.993,89.5618,True
K,43,30,21,0.95,0.9939,93.0456,True
K,43,30,22,0.8,0.8233,0.9667,False
K,43,30,22,0.9,0.958,53.1371,True
K,43,30,22,0.95,0.993,89.5618,True
K,43,30,23,0.8,0.958,53.1371,True
K,43,30,23,0.9,0.993,89.5618,True
K,43,30,23,0.95,0.993,89.5618,True
K,43,30,24,0.8,0.78,0.7374,False
K,43,30,24,0.9,0.958,53.1371,True
K,43,30,24,0.95,0.993,89.5618,True
K,43,30,25,0.8,0.78,0.7374,False
K,43,30,25,0.9,0.8629,13.708,False
K,43,30,25,0.95,0.958,53.1371,True
K,43,30,26,0.8,0.7035,0.5924,False
K,43,30,26,0.9,0.7958,0.8083,False
K,43,30,26,0.95,0.993,89.5618,True
K,43,30,27,0.8,0.8858,21.389,False
K,43,30,27,0.9,0.958,53.1371,True
K,43,30,27,0.95,0.993,89.5618,True
K,43,30,28,0.8,0.78,0.7374,False
K,43,30,28,0.9,0.7958,0.8083,False
K,43,30,28,0.95,0.993,89.5618,True
K,43,30,29,0.8,0.8629,13.708,False
K,43,30,29,0.9,0.958,53.1371,True
K,43,30,29,0.95,0.993,89.5618,True
K,43,30,30,0.8,0.7198,0.6221,False
K,43,30,30,0.9,0.8858,21.389,False
K,43,30,30,0.95,0.958,53.1371,True
K,43,30,31,0.8,0.8695,15.7814,False
K,43,30,31,0.9,0.993,89.5618,True
K,43,30,31,0.95,0.993,89.5618,True
K,43,30,32,0.8,0.7035,0.5924,False
K,43,30,32,0.9,0.8629,13.708,False
K,43,30,32,0.95,0.958,53.1371,True
K,43,30,33,0.8,0.7035,0.5924,False
K,43,30,33,0.9,0.958,53.1371,True
K,43,30,33,0.95,0.958,53.1371,True
K,43,30,34,0.8,0.8233,0.9667,False
K,43,30,34,0.9,0.993,89.5618,True
K,43,30,34,0.95,0.993,89.5618,True
K,43,30,35,0.8,0.7035,0.5924,False
K,43,30,35,0.9,0.8233,0.9667,False
K,43,30,35,0.95,0.958,53.1371,True
K,43,30,36,0.8,0.7958,0.8083,False
K,43,30,36,0.9,0.958,53.7793,True
K,43,30,36,0.95,0.993,89.5618,True
K,43,30,37,0.8,0.8629,13.708,False
K,43,30,37,0.9,0.958,53.1371,True
K,43,30,37,0.95,0.958,53.1371,True
K,43,30,38,0.8,0.8629,13.708,False
K,43,30,38,0.9,0.958,53.1371,True
K,43,30,38,0.95,0.958,53.1371,True
K,43,30,39,0.8,0.78,0.7374,False
K,43,30,39,0.9,0.958,53.1371,True
K,43,30,39,0.95,0.993,89.5618,True
K,43,40,0,0.8,0.8233,0.9667,False
K,43,40,0,0.9,0.958,53.1371,True
K,43,40,0,0.95,0.993,89.5618,True
K,43,40,1,0.8,0.8322,1.0511,False
K,43,40,1,0.9,0.958,53.1371,True
K,43,40,1,0.95,0.993,89.5618,True
K,43,40,2,0.8,0.7958,0.8083,False
K,43,40,2,0.9,0.8308,1.028,False
K,43,40,2,0.95,0.958,53.1371,True
K,43,40,3,0.8,0.8308,1.028,False
K,43,40,3,0.9,0.958,53.1371,True
K,43,40,3,0.95,0.993,89.5618,True
K,43,40,4,0.8,0.8629,13.708,False
K,43,40,4,0.9,0.993,89.5618,True
K,43,40,4,0.95,0.993,89.5618,True
K,43,40,5,0.8,0.8233,0.9667,False
K,43,40,5,0.9,0.958,53.1371,True
K,43,40,5,0.95,0.958,53.1371,True
K,43,40,6,0.8,0.8233,0.9667,False
K,43,40,6,0.9,0.8629,13.708,False
K,43,40,6,0.95,0.993,89.5618,True
K,43,40,7,0.8,0.7035,0.5924,False
K,43,40,7,0.9,0.8308,1.028,False
K,43,40,7,0.95,0.958,53.1371,True
K,43,40,8,0.8,0.8629,13.708,False
K,43,40,8,0.9,0.958,53.1371,True
K,43,40,8,0.95,0.993,89.5618,True
K,43,40,9,0.8,0.7958,0.8083,False
K,43,40,9,0.9,0.8695,15.7814,False
K,43,40,9,0.95,0.958,53.1371,True
K,43,40,10,0.8,0.8308,1.028,False
K,43,40,10,0.9,0.993,89.5618,True
K,43,40,10,0.95,0.993,89.5618,True
K,43,40,11,0.8,0.7035,0.5924,False
K,43,40,11,0.9,0.8233,0.9667,False
K,43,40,11,0.95,0.8308,1.028,False
K,43,40,12,0.8,0.8308,1.028,False
K,43,40,12,0.9,0.993,89.5618,True
K,43,40,12,0.95,1.0,99.8919,True
K,43,40,13,0.8,0.8233,0.9667,False
K,43,40,13,0.9,0.958,53.1371,True
K,43,40,13,0.95,0.993,89.5618,True
K,43,40,14,0.8,0.8629,13.7274,False
K,43,40,14,0.9,0.958,53.1371,True
K,43,40,14,0.95,0.958,53.1371,True
K,43,40,15,0.8,0.78,0.7374,False
K,43,40,15,0.9,0.8858,21.389,False
K,43,40,15,0.95,0.958,53.1371,True
K,43,40,16,0.8,0.8629,13.7247,False
K,43,40,16,0.9,0.958,53.1371,True
K,43,40,16,0.95,0.993,89.5618,True
K,43,40,17,0.8,0.8629,13.708,False
K,43,40,17,0.9,0.993,89.5618,True
K,43,40,17,0.95,0.993,89.5618,True
K,43,40,18,0.8,0.78,0.7374,False
K,43,40,18,0.9,0.958,53.1371,True
K,43,40,18,0.95,0.993,89.5618,True
K,43,40,19,0.8,0.8233,0.9667,False
K,43,40,19,0.9,0.8858,21.389,False
K,43,40,19,0.95,0.993,89.5618,True
K,43,40,20,0.8,0.7198,0.6221,False
K,43,40,20,0.9,0.8629,13.708,False
K,43,40,20,0.95,0.993,89.5618,True
K,43,40,21,0.8,0.8629,13.7274,False
K,43,40,21,0.9,0.958,53.1371,True
K,43,40,21,0.95,0.993,89.5618,True
K,43,40,22,0.8,0.78,0.7374,False
K,43,40,22,0.9,0.8233,0.9667,False
K,43,40,22,0.95,0.958,53.1371,True
K,43,40,23,0.8,0.7198,0.6221,False
K,43,40,23,0.9,0.8858,21.389,False
K,43,40,23,0.95,0.993,89.5618,True
K,43,40,24,0.8,0.8233,0.9667,False
K,43,40,24,0.9,0.958,53.1371,True
K,43,40,24,0.95,0.993,89.5618,True
K,43,40,25,0.8,0.8233,0.9667,False
K,43,40,25,0.9,0.993,89.5618,True
K,43,40,25,0.95,0.993,89.5618,True
K,43,40,26,0.8,0.8233,0.9667,False
K,43,40,26,0.9,0.958,53.1371,True
K,43,40,26,0.95,0.958,53.1371,True
K,43,40,27,0.8,0.7198,0.6221,False
K,43,40,27,0.9,0.8233,0.9667,False
K,43,40,27,0.95,0.958,53.1371,True
K,43,40,28,0.8,0.8308,1.028,False
K,43,40,28,0.9,0.958,53.1371,True
K,43,40,28,0.95,0.993,89.5618,True
K,43,40,29,0.8,0.78,0.7374,False
K,43,40,29,0.9,0.8858,21.389,False
K,43,40,29,0.95,0.958,53.1371,True
K,43,40,30,0.8,0.8233,0.9667,False
K,43,40,30,0.9,0.958,53.1371,True
K,43,40,30,0.95,0.993,89.5618,True
K,43,40,31,0.8,0.7035,0.5924,False
K,43,40,31,0.9,0.7958,0.8083,False
K,43,40,31,0.95,0.8858,21.389,False
K,43,40,32,0.8,0.78,0.7374,False
K,43,40,32,0.9,0.958,53.1371,True
K,43,40,32,0.95,0.993,89.5618,True
K,43,40,33,0.8,0.8233,0.9667,False
K,43,40,33,0.9,0.958,53.1371,True
K,43,40,33,0.95,0.9939,93.0456,True
K,43,40,34,0.8,0.7958,0.8083,False
K,43,40,34,0.9,0.8858,21.389,False
K,43,40,34,0.95,0.993,89.5618,True
K,43,40,35,0.8,0.7958,0.8083,False
K,43,40,35,0.9,0.958,53.1371,True
K,43,40,35,0.95,0.958,53.1371,True
K,43,40,36,0.8,0.8308,1.028,False
K,43,40,36,0.9,0.993,89.5618,True
K,43,40,36,0.95,0.993,89.5618,True
K,43,40,37,0.8,0.78,0.7374,False
K,43,40,37,0.9,0.8629,13.708,False
K,43,40,37,0.95,0.958,53.1371,True
K,43,40,38,0.8,0.7958,0.8083,False
K,43,40,38,0.9,0.958,53.1371,True
K,43,40,38,0.95,0.993,89.5618,True
K,43,40,39,0.8,0.7198,0.6221,False
K,43,40,39,0.9,0.993,89.5618,True
K,43,40,39,0.95,0.993,89.5618,True
K,43,50,0,0.8,0.8308,1.028,False
K,43,50,0,0.9,0.958,53.1371,True
K,43,50,0,0.95,0.993,89.5618,True
K,43,50,1,0.8,0.8233,0.9667,False
K,43,50,1,0.9,0.958,53.1371,True
K,43,50,1,0.95,0.993,89.5618,True
K,43,50,2,0.8,0.8233,0.9667,False
K,43,50,2,0.9,0.958,53.1371,True
K,43,50,2,0.95,0.9939,93.0456,True
K,43,50,3,0.8,0.7035,0.5924,False
K,43,50,3,0.9,0.7958,0.8083,False
K,43,50,3,0.95,0.993,89.5618,True
K,43,50,4,0.8,0.7958,0.8083,False
K,43,50,4,0.9,0.8629,13.708,False
K,43,50,4,0.95,0.958,53.1371,True
K,43,50,5,0.8,0.8858,21.389,False
K,43,50,5,0.9,0.993,89.5618,True
K,43,50,5,0.95,1.0,99.8919,True
K,43,50,6,0.8,0.7035,0.5924,False
K,43,50,6,0.9,0.958,53.1371,True
K,43,50,6,0.95,1.0,99.8919,True
K,43,50,7,0.8,0.78,0.7374,False
K,43,50,7,0.9,0.8695,15.7814,False
K,43,50,7,0.95,0.958,53.1371,True
K,43,50,8,0.8,0.8629,13.708,False
K,43,50,8,0.9,0.958,53.1371,True
K,43,50,8,0.95,0.993,89.5618,True
K,43,50,9,0.8,0.78,0.7374,False
K,43,50,9,0.9,0.958,53.1371,True
K,43,50,9,0.95,0.993,89.5618,True
K,43,50,10,0.8,0.8629,13.708,False
K,43,50,10,0.9,0.993,89.5618,True
K,43,50,10,0.95,1.0,99.8919,True
K,43,50,11,0.8,0.7035,0.5924,False
K,43,50,11,0.9,0.8308,1.028,False
K,43,50,11,0.95,0.993,89.5618,True
K,43,50,12,0.8,0.78,0.7374,False
K,43,50,12,0.9,0.8858,21.389,False
K,43,50,12,0.95,0.958,53.1371,True
K,43,50,13,0.8,0.7958,0.8083,False
K,43,50,13,0.9,0.958,53.1371,True
K,43,50,13,0.95,0.958,53.1371,True
K,43,50,14,0.8,0.7035,0.5924,False
K,43,50,14,0.9,0.8233,0.9667,False
K,43,50,14,0.95,0.958,53.1371,True
K,43,50,15,0.8,0.8858,21.389,False
K,43,50,15,0.9,0.958,53.1371,True
K,43,50,15,0.95,0.993,89.5618,True
K,43,50,16,0.8,0.8308,1.028,False
K,43,50,16,0.9,0.993,89.5618,True
K,43,50,16,0.95,0.993,89.5618,True
K,43,50,17,0.8,0.78,0.7374,False
K,43,50,17,0.9,0.8858,21.389,False
K,43,50,17,0.95,0.958,53.1371,True
K,43,50,18,0.8,0.7198,0.6221,False
K,43,50,18,0.9,0.958,53.1371,True
K,43,50,18,0.95,0.958,53.1371,True
K,43,50,19,0.8,0.8629,13.708,False
K,43,50,19,0.9,0.958,53.1371,True
K,43,50,19,0.95,1.0,99.8919,True
K,43,50,20,0.8,0.78,0.7374,False
K,43,50,20,0.9,0.8233,0.9667,False
K,43,50,20,0.95,0.993,89.5618,True
K,43,50,21,0.8,0.7035,0.5924,False
K,43,50,21,0.9,0.8233,0.9667,False
K,43,50,21,0.95,0.993,89.5618,True
K,43,50,22,0.8,0.7198,0.6221,False
K,43,50,22,0.9,0.8858,21.389,False
K,43,50,22,0.95,0.993,89.5618,True
K,43,50,23,0.8,0.8629,13.708,False
K,43,50,23,0.9,0.993,89.5618,True
K,43,50,23,0.95,1.0,99.8919,True
K,43,50,24,0.8,0.8308,1.028,False
K,43,50,24,0.9,0.993,89.5618,True
K,43,50,24,0.95,0.993,89.5618,True
K,43,50,25,0.8,0.8233,0.9667,False
K,43,50,25,0.9,0.958,53.1371,True
K,43,50,25,0.95,0.993,89.5618,True
K,43,50,26,0.8,0.7958,0.8083,False
K,43,50,26,0.9,0.8858,21.389,False
K,43,50,26,0.95,0.993,89.5618,True
K,43,50,27,0.8,0.7958,0.8083,False
K,43,50,27,0.9,0.958,53.1371,True
K,43,50,27,0.95,0.993,89.5618,True
K,43,50,28,0.8,0.78,0.7374,False
K,43,50,28,0.9,0.993,89.5618,True
K,43,50,28,0.95,1.0,99.8919,True
K,43,50,29,0.8,0.8629,13.708,False
K,43,50,29,0.9,0.958,53.1371,True
K,43,50,29,0.95,0.993,89.5618,True
K,43,50,30,0.8,0.7035,0.5924,False
K,43,50,30,0.9,0.958,53.1371,True
K,43,50,30,0.95,0.993,89.5618,True
K,43,50,31,0.8,0.8858,21.389,False
K,43,50,31,0.9,0.958,53.1371,True
K,43,50,31,0.95,0.993,89.5618,True
K,43,50,32,0.8,0.78,0.7374,False
K,43,50,32,0.9,0.8695,15.7814,False
K,43,50,32,0.95,0.993,89.5618,True
K,43,50,33,0.8,0.8858,21.389,False
K,43,50,33,0.9,0.993,89.5618,True
K,43,50,33,0.95,0.993,89.5618,True
K,43,50,34,0.8,0.78,0.7374,False
K,43,50,34,0.9,0.993,89.5618,True
K,43,50,34,0.95,0.993,89.5618,True
K,43,50,35,0.8,0.8858,21.389,False
K,43,50,35,0.9,0.958,53.1371,True
K,43,50,35,0.95,1.0,99.8919,True
K,43,50,36,0.8,0.8233,0.9667,False
K,43,50,36,0.9,0.958,53.1371,True
K,43,50,36,0.95,0.958,53.1371,True
K,43,50,37,0.8,0.78,0.7374,False
K,43,50,37,0.9,0.958,53.1371,True
K,43,50,37,0.95,0.993,89.5618,True
K,43,50,38,0.8,0.7198,0.6221,False
K,43,50,38,0.9,0.8858,21.389,False
K,43,50,38,0.95,0.993,89.5618,True
K,43,50,39,0.8,0.78,0.7374,False
K,43,50,39,0.9,0.958,53.1371,True
K,43,50,39,0.95,0.993,89.5618,True
K,43,75,0,0.8,0.8233,0.9667,False
K,43,75,0,0.9,0.8858,21.389,False
K,43,75,0,0.95,0.993,89.5618,True
K,43,75,1,0.8,0.8396,1.31,False
K,43,75,1,0.9,0.993,89.5618,True
K,43,75,1,0.95,0.993,89.5618,True
K,43,75,2,0.8,0.8233,0.9667,False
K,43,75,2,0.9,0.958,53.1371,True
K,43,75,2,0.95,0.993,89.5618,True
K,43,75,3,0.8,0.8308,1.028,False
K,43,75,3,0.9,0.958,53.1371,True
K,43,75,3,0.95,0.993,89.5618,True
K,43,75,4,0.8,0.8629,13.708,False
K,43,75,4,0.9,0.993,89.5618,True
K,43,75,4,0.95,0.9939,93.0456,True
K,43,75,5,0.8,0.78,0.7374,False
K,43,75,5,0.9,0.958,53.1371,True
K,43,75,5,0.95,0.958,53.1371,True
K,43,75,6,0.8,0.8233,0.9667,False
K,43,75,6,0.9,0.958,53.1371,True
K,43,75,6,0.95,0.993,89.5618,True
K,43,75,7,0.8,0.7958,0.8083,False
K,43,75,7,0.9,0.8629,13.708,False
K,43,75,7,0.95,0.958,53.1371,True
K,43,75,8,0.8,0.78,0.7374,False
K,43,75,8,0.9,0.8629,13.7274,False
K,43,75,8,0.95,0.993,89.5618,True
K,43,75,9,0.8,0.7958,0.8083,False
K,43,75,9,0.9,0.958,53.1371,True
K,43,75,9,0.95,0.958,53.1371,True
K,43,75,10,0.8,0.8233,0.9667,False
K,43,75,10,0.9,0.993,89.5618,True
K,43,75,10,0.95,0.993,89.5618,True
K,43,75,11,0.8,0.8308,1.028,False
K,43,75,11,0.9,0.8858,21.389,False
K,43,75,11,0.95,0.993,89.5618,True
K,43,75,12,0.8,0.7958,0.8083,False
K,43,75,12,0.9,0.8858,21.389,False
K,43,75,12,0.95,0.993,89.5618,True
K,43,75,13,0.8,0.78,0.7374,False
K,43,75,13,0.9,0.958,53.1371,True
K,43,75,13,0.95,0.993,89.5618,True
K,43,75,14,0.8,0.8233,0.9667,False
K,43,75,14,0.9,0.958,53.1371,True
K,43,75,14,0.95,0.993,89.5618,True
K,43,75,15,0.8,0.7958,0.8083,False
K,43,75,15,0.9,0.8695,15.7814,False
K,43,75,15,0.95,0.958,53.1371,True
K,43,75,16,0.8,0.8308,1.028,False
K,43,75,16,0.9,0.958,53.1371,True
K,43,75,16,0.95,0.993,89.5618,True
K,43,75,17,0.8,0.8629,13.708,False
K,43,75,17,0.9,0.993,89.5618,True
K,43,75,17,0.95,0.993,89.5618,True
K,43,75,18,0.8,0.8308,1.028,False
K,43,75,18,0.9,0.958,53.1371,True
K,43,75,18,0.95,0.993,89.5618,True
K,43,75,19,0.8,0.8233,0.9667,False
K,43,75,19,0.9,0.8858,21.389,False
K,43,75,19,0.95,0.993,89.5618,True
K,43,75,20,0.8,0.7198,0.6221,False
K,43,75,20,0.9,0.8308,1.028,False
K,43,75,20,0.95,0.993,89.5618,True
K,43,75,21,0.8,0.8233,0.9667,False
K,43,75,21,0.9,0.958,53.1371,True
K,43,75,21,0.95,0.993,89.5618,True
K,43,75,22,0.8,0.7958,0.8083,False
K,43,75,22,0.9,0.958,53.1371,True
K,43,75,22,0.95,0.993,89.5618,True
K,43,75,23,0.8,0.7958,0.8083,False
K,43,75,23,0.9,0.958,53.1371,True
K,43,75,23,0.95,0.993,89.5618,True
K,43,75,24,0.8,0.8629,13.708,False
K,43,75,24,0.9,0.993,89.5618,True
K,43,75,24,0.95,1.0,99.8919,True
K,43,75,25,0.8,0.78,0.7374,False
K,43,75,25,0.9,0.8858,21.389,False
K,43,75,25,0.95,0.958,53.1371,True
K,43,75,26,0.8,0.8308,1.028,False
K,43,75,26,0.9,0.958,53.1371,True
K,43,75,26,0.95,0.993,89.5618,True
K,43,75,27,0.8,0.78,0.7374,False
K,43,75,27,0.9,0.8629,13.708,False
K,43,75,27,0.95,0.993,89.5618,True
K,43,75,28,0.8,0.7958,0.8083,False
K,43,75,28,0.9,0.958,53.1371,True
K,43,75,28,0.95,0.993,89.5618,True
K,43,75,29,0.8,0.78,0.7374,False
K,43,75,29,0.9,0.8629,13.708,False
K,43,75,29,0.95,0.958,53.1371,True
K,43,75,30,0.8,0.7958,0.8083,False
K,43,75,30,0.9,0.958,53.1371,True
K,43,75,30,0.95,0.993,89.5618,True
K,43,75,31,0.8,0.78,0.7374,False
K,43,75,31,0.9,0.958,53.1371,True
K,43,75,31,0.95,0.993,89.5618,True
K,43,75,32,0.8,0.8308,1.028,False
K,43,75,32,0.9,0.958,53.1371,True
K,43,75,32,0.95,0.993,89.5618,True
K,43,75,33,0.8,0.78,0.7374,False
K,43,75,33,0.9,0.958,53.1371,True
K,43,75,33,0.95,0.958,53.1371,True
K,43,75,34,0.8,0.78,0.7374,False
K,43,75,34,0.9,0.958,53.1371,True
K,43,75,34,0.95,0.993,89.5618,True
K,43,75,35,0.8,0.78,0.7374,False
K,43,75,35,0.9,0.958,53.1371,True
K,43,75,35,0.95,0.958,53.1371,True
K,43,75,36,0.8,0.7958,0.8083,False
K,43,75,36,0.9,0.958,53.1371,True
K,43,75,36,0.95,0.993,89.5618,True
K,43,75,37,0.8,0.7958,0.8083,False
K,43,75,37,0.9,0.958,53.1371,True
K,43,75,37,0.95,0.993,89.5618,True
K,43,75,38,0.8,0.7198,0.6221,False
K,43,75,38,0.9,0.8695,15.7814,False
K,43,75,38,0.95,0.958,53.1371,True
K,43,75,39,0.8,0.78,0.7374,False
K,43,75,39,0.9,0.8695,15.7814,False
K,43,75,39,0.95,0.958,53.1371,True
K,43,100,0,0.8,0.8233,0.9667,False
K,43,100,0,0.9,0.958,53.1371,True
K,43,100,0,0.95,0.993,89.5618,True
K,43,100,1,0.8,0.8233,0.9667,False
K,43,100,1,0.9,0.958,53.1371,True
K,43,100,1,0.95,0.993,89.5618,True
K,43,100,2,0.8,0.78,0.7374,False
K,43,100,2,0.9,0.958,53.1371,True
K,43,100,2,0.95,0.958,53.1371,True
K,43,100,3,0.8,0.7958,0.8083,False
K,43,100,3,0.9,0.958,53.1371,True
K,43,100,3,0.95,0.993,89.5618,True
K,43,100,4,0.8,0.78,0.7374,False
K,43,100,4,0.9,0.958,53.1371,True
K,43,100,4,0.95,0.993,89.5618,True
K,43,100,5,0.8,0.78,0.7374,False
K,43,100,5,0.9,0.8629,13.708,False
K,43,100,5,0.95,0.958,53.1371,True
K,43,100,6,0.8,0.7958,0.8083,False
K,43,100,6,0.9,0.958,53.1371,True
K,43,100,6,0.95,0.993,89.5618,True
K,43,100,7,0.8,0.78,0.7374,False
K,43,100,7,0.9,0.8629,13.7274,False
K,43,100,7,0.95,0.958,53.1371,True
K,43,100,8,0.8,0.8695,15.7814,False
K,43,100,8,0.9,0.958,53.1371,True
K,43,100,8,0.95,0.958,53.1371,True
K,43,100,9,0.8,0.8322,1.0511,False
K,43,100,9,0.9,0.993,89.5618,True
K,43,100,9,0.95,0.993,89.5618,True
K,43,100,10,0.8,0.8233,0.9667,False
K,43,100,10,0.9,0.958,53.1371,True
K,43,100,10,0.95,0.993,89.5618,True
K,43,100,11,0.8,0.8233,0.9667,False
K,43,100,11,0.9,0.958,53.1371,True
K,43,100,11,0.95,0.993,89.5618,True
K,43,100,12,0.8,0.7958,0.8083,False
K,43,100,12,0.9,0.958,53.1371,True
K,43,100,12,0.95,0.993,89.5618,True
K,43,100,13,0.8,0.7958,0.8083,False
K,43,100,13,0.9,0.8695,15.7814,False
K,43,100,13,0.95,0.958,53.1371,True
K,43,100,14,0.8,0.7958,0.8083,False
K,43,100,14,0.9,0.8695,15.7814,False
K,43,100,14,0.95,0.993,89.5618,True
K,43,100,15,0.8,0.78,0.7374,False
K,43,100,15,0.9,0.8233,0.9667,False
K,43,100,15,0.95,0.958,53.1371,True
K,43,100,16,0.8,0.8233,0.9667,False
K,43,100,16,0.9,0.958,53.1371,True
K,43,100,16,0.95,0.993,89.5618,True
K,43,100,17,0.8,0.7958,0.8083,False
K,43,100,17,0.9,0.8858,21.389,False
K,43,100,17,0.95,0.993,89.5618,True
K,43,100,18,0.8,0.8238,0.967,False
K,43,100,18,0.9,0.958,53.1371,True
K,43,100,18,0.95,0.993,89.5618,True
K,43,100,19,0.8,0.8233,0.9667,False
K,43,100,19,0.9,0.958,53.1371,True
K,43,100,19,0.95,0.958,53.1371,True
K,43,100,20,0.8,0.7958,0.8083,False
K,43,100,20,0.9,0.8858,21.389,False
K,43,100,20,0.95,0.958,53.1371,True
K,43,100,21,0.8,0.8233,0.9667,False
K,43,100,21,0.9,0.958,53.1371,True
K,43,100,21,0.95,0.993,89.5618,True
K,43,100,22,0.8,0.8233,0.9667,False
K,43,100,22,0.9,0.958,53.1371,True
K,43,100,22,0.95,0.958,53.1371,True
K,43,100,23,0.8,0.78,0.7374,False
K,43,100,23,0.9,0.958,53.1371,True
K,43,100,23,0.95,0.993,89.5618,True
K,43,100,24,0.8,0.78,0.7374,False
K,43,100,24,0.9,0.958,53.1371,True
K,43,100,24,0.95,0.993,89.5618,True
K,43,100,25,0.8,0.8233,0.9667,False
K,43,100,25,0.9,0.958,53.1371,True
K,43,100,25,0.95,0.993,89.5618,True
K,43,100,26,0.8,0.78,0.7374,False
K,43,100,26,0.9,0.958,53.1371,True
K,43,100,26,0.95,0.958,53.1371,True
K,43,100,27,0.8,0.7958,0.8083,False
K,43,100,27,0.9,0.958,53.1371,True
K,43,100,27,0.95,0.958,53.1371,True
K,43,100,28,0.8,0.7198,0.6221,False
K,43,100,28,0.9,0.8629,13.708,False
K,43,100,28,0.95,0.958,53.1371,True
K,43,100,29,0.8,0.78,0.7374,False
K,43,100,29,0.9,0.8858,21.389,False
K,43,100,29,0.95,0.993,89.5618,True
K,43,100,30,0.8,0.7958,0.8083,False
K,43,100,30,0.9,0.958,53.1371,True
K,43,100,30,0.95,0.958,53.1371,True
K,43,100,31,0.8,0.7958,0.8083,False
K,43,100,31,0.9,0.958,53.1371,True
K,43,100,31,0.95,0.958,53.1371,True
K,43,100,32,0.8,0.78,0.7374,False
K,43,100,32,0.9,0.8695,15.7814,False
K,43,100,32,0.95,0.958,53.1371,True
K,43,100,33,0.8,0.8233,0.9667,False
K,43,100,33,0.9,0.958,53.1371,True
K,43,100,33,0.95,0.993,89.5618,True
K,43,100,34,0.8,0.8233,0.9667,False
K,43,100,34,0.9,0.958,53.1371,True
K,43,100,34,0.95,0.993,89.5618,True
K,43,100,35,0.8,0.8308,1.028,False
K,43,100,35,0.9,0.958,53.1371,True
K,43,100,35,0.95,0.993,89.5618,True
K,43,100,36,0.8,0.7958,0.8083,False
K,43,100,36,0.9,0.958,53.1371,True
K,43,100,36,0.95,0.958,53.1371,True
K,43,100,37,0.8,0.8233,0.9667,False
K,43,100,37,0.9,0.958,53.1371,True
K,43,100,37,0.95,0.993,89.5618,True
K,43,100,38,0.8,0.78,0.7374,False
K,43,100,38,0.9,0.8629,13.708,False
K,43,100,38,0.95,0.958,53.1371,True
K,43,100,39,0.8,0.78,0.7374,False
K,43,100,39,0.9,0.8629,13.708,False
K,43,100,39,0.95,0.958,53.1371,True
K,43,150,0,0.8,0.78,0.7374,False
K,43,150,0,0.9,0.958,53.1371,True
K,43,150,0,0.95,0.958,53.1371,True
K,43,150,1,0.8,0.78,0.7374,False
K,43,150,1,0.9,0.958,53.1371,True
K,43,150,1,0.95,0.993,89.5618,True
K,43,150,2,0.8,0.7198,0.6221,False
K,43,150,2,0.9,0.958,53.1371,True
K,43,150,2,0.95,0.993,89.5618,True
K,43,150,3,0.8,0.7198,0.6221,False
K,43,150,3,0.9,0.8695,15.7814,False
K,43,150,3,0.95,0.958,53.1371,True
K,43,150,4,0.8,0.78,0.7374,False
K,43,150,4,0.9,0.8629,13.708,False
K,43,150,4,0.95,0.958,53.1371,True
K,43,150,5,0.8,0.7198,0.6221,False
K,43,150,5,0.9,0.8695,15.7814,False
K,43,150,5,0.95,0.958,53.1371,True
K,43,150,6,0.8,0.78,0.7374,False
K,43,150,6,0.9,0.8695,15.7814,False
K,43,150,6,0.95,0.958,53.1371,True
K,43,150,7,0.8,0.7958,0.8083,False
K,43,150,7,0.9,0.958,53.1371,True
K,43,150,7,0.95,0.993,89.5618,True
K,43,150,8,0.8,0.7958,0.8083,False
K,43,150,8,0.9,0.958,53.1371,True
K,43,150,8,0.95,0.993,89.5618,True
K,43,150,9,0.8,0.7958,0.8083,False
K,43,150,9,0.9,0.958,53.1371,True
K,43,150,9,0.95,0.993,89.5618,True
K,43,150,10,0.8,0.78,0.7374,False
K,43,150,10,0.9,0.8629,13.708,False
K,43,150,10,0.95,0.958,53.7793,True
K,43,150,11,0.8,0.78,0.7374,False
K,43,150,11,0.9,0.8629,13.708,False
K,43,150,11,0.95,0.958,53.1371,True
K,43,150,12,0.8,0.78,0.7374,False
K,43,150,12,0.9,0.8858,21.389,False
K,43,150,12,0.95,0.958,53.1371,True
K,43,150,13,0.8,0.8233,0.9667,False
K,43,150,13,0.9,0.958,53.1371,True
K,43,150,13,0.95,0.993,89.5618,True
K,43,150,14,0.8,0.7198,0.6221,False
K,43,150,14,0.9,0.8308,1.028,False
K,43,150,14,0.95,0.958,53.1371,True
K,43,150,15,0.8,0.7958,0.8083,False
K,43,150,15,0.9,0.958,53.1371,True
K,43,150,15,0.95,0.958,53.1371,True
K,43,150,16,0.8,0.78,0.7374,False
K,43,150,16,0.9,0.958,53.1371,True
K,43,150,16,0.95,0.993,89.5618,True
K,43,150,17,0.8,0.78,0.7374,False
K,43,150,17,0.9,0.958,53.1371,True
K,43,150,17,0.95,0.958,53.1371,True
K,43,150,18,0.8,0.78,0.7374,False
K,43,150,18,0.9,0.8629,13.708,False
K,43,150,18,0.95,0.958,53.1371,True
K,43,150,19,0.8,0.78,0.7374,False
K,43,150,19,0.9,0.8629,13.708,False
K,43,150,19,0.95,0.958,53.1371,True
K,43,150,20,0.8,0.7035,0.5924,False
K,43,150,20,0.9,0.8308,1.028,False
K,43,150,20,0.95,0.958,53.1371,True
K,43,150,21,0.8,0.78,0.7374,False
K,43,150,21,0.9,0.8629,13.7247,False
K,43,150,21,0.95,0.958,53.1371,True
K,43,150,22,0.8,0.78,0.7374,False
K,43,150,22,0.9,0.958,53.1371,True
K,43,150,22,0.95,0.958,53.7793,True
K,43,150,23,0.8,0.7035,0.5924,False
K,43,150,23,0.9,0.78,0.7374,False
K,43,150,23,0.95,0.958,53.1371,True
K,43,150,24,0.8,0.7958,0.8083,False
K,43,150,24,0.9,0.8858,21.389,False
K,43,150,24,0.95,0.958,53.1371,True
K,43,150,25,0.8,0.78,0.7374,False
K,43,150,25,0.9,0.8629,13.708,False
K,43,150,25,0.95,0.958,53.1371,True
K,43,150,26,0.8,0.78,0.7374,False
K,43,150,26,0.9,0.958,53.1371,True
K,43,150,26,0.95,0.993,89.5618,True
K,43,150,27,0.8,0.8233,0.9667,False
K,43,150,27,0.9,0.958,53.1371,True
K,43,150,27,0.95,0.958,53.1371,True
K,43,150,28,0.8,0.8233,0.9667,False
K,43,150,28,0.9,0.958,53.1371,True
K,43,150,28,0.95,0.993,89.5618,True
K,43,150,29,0.8,0.7958,0.8083,False
K,43,150,29,0.9,0.8858,21.389,False
K,43,150,29,0.95,0.993,89.5618,True
K,43,150,30,0.8,0.7958,0.8083,False
K,43,150,30,0.9,0.958,53.1371,True
K,43,150,30,0.95,0.958,53.1371,True
K,43,150,31,0.8,0.8233,0.9667,False
K,43,150,31,0.9,0.958,53.1371,True
K,43,150,31,0.95,0.993,89.5618,True
K,43,150,32,0.8,0.8233,0.9667,False
K,43,150,32,0.9,0.958,53.1371,True
K,43,150,32,0.95,0.993,89.5618,True
K,43,150,33,0.8,0.8233,0.9667,False
K,43,150,33,0.9,0.958,53.1371,True
K,43,150,33,0.95,0.958,53.1371,True
K,43,150,34,0.8,0.7035,0.5924,False
K,43,150,34,0.9,0.8308,1.028,False
K,43,150,34,0.95,0.958,53.1371,True
K,43,150,35,0.8,0.7958,0.8083,False
K,43,150,35,0.9,0.958,53.1371,True
K,43,150,35,0.95,0.993,89.5618,True
K,43,150,36,0.8,0.78,0.7374,False
K,43,150,36,0.9,0.958,53.1371,True
K,43,150,36,0.95,0.958,53.1371,True
K,43,150,37,0.8,0.78,0.7374,False
K,43,150,37,0.9,0.8695,15.7814,False
K,43,150,37,0.95,0.993,89.5618,True
K,43,150,38,0.8,0.78,0.7374,False
K,43,150,38,0.9,0.8629,13.708,False
K,43,150,38,0.95,0.958,53.1371,True
K,43,150,39,0.8,0.7958,0.8083,False
K,43,150,39,0.9,0.8858,21.389,False
K,43,150,39,0.95,0.958,53.1371,True
K,43,250,0,0.8,0.78,0.7374,False
K,43,250,0,0.9,0.8629,13.708,False
K,43,250,0,0.95,0.958,53.1371,True
K,43,250,1,0.8,0.8308,1.028,False
K,43,250,1,0.9,0.958,53.1371,True
K,43,250,1,0.95,0.993,89.5618,True
K,43,250,2,0.8,0.78,0.7374,False
K,43,250,2,0.9,0.958,53.1371,True
K,43,250,2,0.95,0.958,53.1371,True
K,43,250,3,0.8,0.7958,0.8083,False
K,43,250,3,0.9,0.958,53.1371,True
K,43,250,3,0.95,0.958,53.1371,True
K,43,250,4,0.8,0.7958,0.8083,False
K,43,250,4,0.9,0.8858,21.389,False
K,43,250,4,0.95,0.958,53.1371,True
K,43,250,5,0.8,0.8233,0.9667,False
K,43,250,5,0.9,0.958,53.1371,True
K,43,250,5,0.95,0.993,89.5618,True
K,43,250,6,0.8,0.78,0.7374,False
K,43,250,6,0.9,0.8629,13.708,False
K,43,250,6,0.95,0.958,53.1371,True
K,43,250,7,0.8,0.7035,0.5924,False
K,43,250,7,0.9,0.8629,13.708,False
K,43,250,7,0.95,0.958,53.1371,True
K,43,250,8,0.8,0.78,0.7374,False
K,43,250,8,0.9,0.8233,0.9667,False
K,43,250,8,0.95,0.958,53.1371,True
K,43,250,9,0.8,0.7958,0.8083,False
K,43,250,9,0.9,0.958,53.1371,True
K,43,250,9,0.95,0.958,53.1371,True
K,43,250,10,0.8,0.7958,0.8083,False
K,43,250,10,0.9,0.958,53.1371,True
K,43,250,10,0.95,0.993,89.5618,True
K,43,250,11,0.8,0.78,0.7374,False
K,43,250,11,0.9,0.8858,21.389,False
K,43,250,11,0.95,0.958,53.1371,True
K,43,250,12,0.8,0.78,0.7374,False
K,43,250,12,0.9,0.8629,13.7274,False
K,43,250,12,0.95,0.958,53.1371,True
K,43,250,13,0.8,0.7198,0.6221,False
K,43,250,13,0.9,0.8233,0.9667,False
K,43,250,13,0.95,0.958,53.1371,True
K,43,250,14,0.8,0.78,0.7374,False
K,43,250,14,0.9,0.8308,1.028,False
K,43,250,14,0.95,0.958,53.1371,True
K,43,250,15,0.8,0.8233,0.9667,False
K,43,250,15,0.9,0.958,53.1371,True
K,43,250,15,0.95,0.993,89.5618,True
K,43,250,16,0.8,0.7958,0.8083,False
K,43,250,16,0.9,0.8695,15.7814,False
K,43,250,16,0.95,0.958,53.1371,True
K,43,250,17,0.8,0.78,0.7374,False
K,43,250,17,0.9,0.8858,21.389,False
K,43,250,17,0.95,0.958,53.1371,True
K,43,250,18,0.8,0.78,0.7374,False
K,43,250,18,0.9,0.958,53.1371,True
K,43,250,18,0.95,0.958,53.1371,True
K,43,250,19,0.8,0.78,0.7374,False
K,43,250,19,0.9,0.8858,21.389,False
K,43,250,19,0.95,0.993,89.5618,True
K,43,250,20,0.8,0.78,0.7374,False
K,43,250,20,0.9,0.8858,21.389,False
K,43,250,20,0.95,0.958,53.1371,True
K,43,250,21,0.8,0.7198,0.6221,False
K,43,250,21,0.9,0.8629,13.708,False
K,43,250,21,0.95,0.958,53.1371,True
K,43,250,22,0.8,0.78,0.7374,False
K,43,250,22,0.9,0.8629,13.708,False
K,43,250,22,0.95,0.958,53.1371,True
K,43,250,23,0.8,0.8233,0.9667,False
K,43,250,23,0.9,0.958,53.1371,True
K,43,250,23,0.95,0.993,89.5618,True
K,43,250,24,0.8,0.8233,0.9667,False
K,43,250,24,0.9,0.958,53.1371,True
K,43,250,24,0.95,0.993,89.5618,True
K,43,250,25,0.8,0.8233,0.9667,False
K,43,250,25,0.9,0.958,53.1371,True
K,43,250,25,0.95,0.993,89.5618,True
K,43,250,26,0.8,0.78,0.7374,False
K,43,250,26,0.9,0.8858,21.389,False
K,43,250,26,0.95,0.958,53.1371,True
K,43,250,27,0.8,0.78,0.7374,False
K,43,250,27,0.9,0.958,53.1371,True
K,43,250,27,0.95,0.993,89.5618,True
K,43,250,28,0.8,0.78,0.7374,False
K,43,250,28,0.9,0.8629,13.708,False
K,43,250,28,0.95,0.958,53.1371,True
K,43,250,29,0.8,0.8233,0.9667,False
K,43,250,29,0.9,0.958,53.1371,True
K,43,250,29,0.95,0.993,89.5618,True
K,43,250,30,0.8,0.7958,0.8083,False
K,43,250,30,0.9,0.958,53.1371,True
K,43,250,30,0.95,0.993,89.5618,True
K,43,250,31,0.8,0.7958,0.8083,False
K,43,250,31,0.9,0.958,53.1371,True
K,43,250,31,0.95,0.958,53.1371,True
K,43,250,32,0.8,0.8233,0.9667,False
K,43,250,32,0.9,0.958,53.1371,True
K,43,250,32,0.95,0.958,53.1371,True
K,43,250,33,0.8,0.8233,0.9667,False
K,43,250,33,0.9,0.958,53.1371,True
K,43,250,33,0.95,0.993,89.5618,True
K,43,250,34,0.8,0.7958,0.8083,False
K,43,250,34,0.9,0.958,53.1371,True
K,43,250,34,0.95,0.993,89.5618,True
K,43,250,35,0.8,0.78,0.7374,False
K,43,250,35,0.9,0.8858,21.389,False
K,43,250,35,0.95,0.958,53.1371,True
K,43,250,36,0.8,0.7958,0.8083,False
K,43,250,36,0.9,0.958,53.1371,True
K,43,250,36,0.95,0.993,89.5618,True
K,43,250,37,0.8,0.78,0.7374,False
K,43,250,37,0.9,0.8858,21.389,False
K,43,250,37,0.95,0.958,53.1371,True
K,43,250,38,0.8,0.78,0.7374,False
K,43,250,38,0.9,0.8858,21.389,False
K,43,250,38,0.95,0.958,53.1371,True
K,43,250,39,0.8,0.78,0.7374,False
K,43,250,39,0.9,0.8858,21.389,False
K,43,250,39,0.95,0.958,53.1371,True
K,43,500,0,0.8,0.78,0.7374,False
K,43,500,0,0.9,0.8695,15.7814,False
K,43,500,0,0.95,0.958,53.1371,True
K,43,500,1,0.8,0.78,0.7374,False
K,43,500,1,0.9,0.8858,21.389,False
K,43,500,1,0.95,0.958,53.1371,True
K,43,500,2,0.8,0.78,0.7374,False
K,43,500,2,0.9,0.8629,13.708,False
K,43,500,2,0.95,0.958,53.1371,True
K,43,500,3,0.8,0.78,0.7374,False
K,43,500,3,0.9,0.958,53.1371,True
K,43,500,3,0.95,0.993,89.5618,True
K,43,500,4,0.8,0.78,0.7374,False
K,43,500,4,0.9,0.958,53.1371,True
K,43,500,4,0.95,0.993,89.5618,True
K,43,500,5,0.8,0.78,0.7374,False
K,43,500,5,0.9,0.8858,21.389,False
K,43,500,5,0.95,0.958,53.1371,True
K,43,500,6,0.8,0.78,0.7374,False
K,43,500,6,0.9,0.8858,21.389,False
K,43,500,6,0.95,0.958,53.1371,True
K,43,500,7,0.8,0.78,0.7374,False
K,43,500,7,0.9,0.8695,15.7814,False
K,43,500,7,0.95,0.958,53.1371,True
K,43,500,8,0.8,0.78,0.7374,False
K,43,500,8,0.9,0.8858,21.389,False
K,43,500,8,0.95,0.958,53.1371,True
K,43,500,9,0.8,0.7958,0.8083,False
K,43,500,9,0.9,0.958,53.1371,True
K,43,500,9,0.95,0.958,53.1371,True
K,43,500,10,0.8,0.78,0.7374,False
K,43,500,10,0.9,0.8858,21.389,False
K,43,500,10,0.95,0.958,53.1371,True
K,43,500,11,0.8,0.78,0.7374,False
K,43,500,11,0.9,0.8858,21.389,False
K,43,500,11,0.95,0.958,53.1371,True
K,43,500,12,0.8,0.7958,0.8083,False
K,43,500,12,0.9,0.958,53.1371,True
K,43,500,12,0.95,0.958,53.1371,True
K,43,500,13,0.8,0.78,0.7374,False
K,43,500,13,0.9,0.8858,21.389,False
K,43,500,13,0.95,0.958,53.1371,True
K,43,500,14,0.8,0.78,0.7374,False
K,43,500,14,0.9,0.8629,13.7274,False
K,43,500,14,0.95,0.958,53.1371,True
K,43,500,15,0.8,0.78,0.7374,False
K,43,500,15,0.9,0.8695,15.7814,False
K,43,500,15,0.95,0.958,53.1371,True
K,43,500,16,0.8,0.78,0.7374,False
K,43,500,16,0.9,0.8858,21.389,False
K,43,500,16,0.95,0.958,53.1371,True
K,43,500,17,0.8,0.78,0.7374,False
K,43,500,17,0.9,0.8629,13.708,False
K,43,500,17,0.95,0.958,53.1371,True
K,43,500,18,0.8,0.7958,0.8083,False
K,43,500,18,0.9,0.8858,21.389,False
K,43,500,18,0.95,0.958,53.1371,True
K,43,500,19,0.8,0.78,0.7374,False
K,43,500,19,0.9,0.8858,21.389,False
K,43,500,19,0.95,0.958,53.1371,True
K,43,500,20,0.8,0.78,0.7374,False
K,43,500,20,0.9,0.8858,21.389,False
K,43,500,20,0.95,0.958,53.1371,True
K,43,500,21,0.8,0.78,0.7374,False
K,43,500,21,0.9,0.8858,21.389,False
K,43,500,21,0.95,0.958,53.1371,True
K,43,500,22,0.8,0.7958,0.8083,False
K,43,500,22,0.9,0.8858,21.389,False
K,43,500,22,0.95,0.958,53.1371,True
K,43,500,23,0.8,0.7958,0.8083,False
K,43,500,23,0.9,0.958,53.1371,True
K,43,500,23,0.95,0.958,53.1371,True
K,43,500,24,0.8,0.78,0.7374,False
K,43,500,24,0.9,0.8695,15.7814,False
K,43,500,24,0.95,0.958,53.1371,True
K,43,500,25,0.8,0.78,0.7374,False
K,43,500,25,0.9,0.8858,21.389,False
K,43,500,25,0.95,0.958,53.1371,True
K,43,500,26,0.8,0.7958,0.8083,False
K,43,500,26,0.9,0.8858,21.389,False
K,43,500,26,0.95,0.958,53.1371,True
K,43,500,27,0.8,0.7958,0.8083,False
K,43,500,27,0.9,0.958,53.1371,True
K,43,500,27,0.95,0.958,53.1371,True
K,43,500,28,0.8,0.7958,0.8083,False
K,43,500,28,0.9,0.8858,21.389,False
K,43,500,28,0.95,0.958,53.1371,True
K,43,500,29,0.8,0.78,0.7374,False
K,43,500,29,0.9,0.8695,15.7814,False
K,43,500,29,0.95,0.958,53.1371,True
K,43,500,30,0.8,0.7958,0.8083,False
K,43,500,30,0.9,0.8858,21.389,False
K,43,500,30,0.95,0.993,89.5618,True
K,43,500,31,0.8,0.78,0.7374,False
K,43,500,31,0.9,0.8629,13.7274,False
K,43,500,31,0.95,0.958,53.1371,True
K,43,500,32,0.8,0.8233,0.9667,False
K,43,500,32,0.9,0.958,53.1371,True
K,43,500,32,0.95,0.958,53.1371,True
K,43,500,33,0.8,0.7958,0.8083,False
K,43,500,33,0.9,0.8858,21.389,False
K,43,500,33,0.95,0.958,53.1371,True
K,43,500,34,0.8,0.7958,0.8083,False
K,43,500,34,0.9,0.958,53.1371,True
K,43,500,34,0.95,0.958,53.1371,True
K,43,500,35,0.8,0.7958,0.8083,False
K,43,500,35,0.9,0.958,53.1371,True
K,43,500,35,0.95,0.993,89.5618,True
K,43,500,36,0.8,0.8233,0.9667,False
K,43,500,36,0.9,0.958,53.1371,True
K,43,500,36,0.95,0.958,53.1371,True
K,43,500,37,0.8,0.78,0.7374,False
K,43,500,37,0.9,0.8858,21.389,False
K,43,500,37,0.95,0.958,53.1371,True
K,43,500,38,0.8,0.7958,0.8083,False
K,43,500,38,0.9,0.958,53.1371,True
K,43,500,38,0.95,0.958,53.1371,True
K,43,500,39,0.8,0.7958,0.8083,False
K,43,500,39,0.9,0.8858,21.389,False
K,43,500,39,0.95,0.958,53.1371,True
K,43,1000,0,0.8,0.78,0.7374,False
K,43,1000,0,0.9,0.8858,21.389,False
K,43,1000,0,0.95,0.958,53.1371,True
K,43,1000,1,0.8,0.78,0.7374,False
K,43,1000,1,0.9,0.8858,21.389,False
K,43,1000,1,0.95,0.958,53.1371,True
K,43,1000,2,0.8,0.78,0.7374,False
K,43,1000,2,0.9,0.8858,21.389,False
K,43,1000,2,0.95,0.958,53.1371,True
K,43,1000,3,0.8,0.78,0.7374,False
K,43,1000,3,0.9,0.8695,15.7814,False
K,43,1000,3,0.95,0.958,53.1371,True
K,43,1000,4,0.8,0.78,0.7374,False
K,43,1000,4,0.9,0.958,53.1371,True
K,43,1000,4,0.95,0.958,53.1371,True
K,43,1000,5,0.8,0.78,0.7374,False
K,43,1000,5,0.9,0.8858,21.389,False
K,43,1000,5,0.95,0.958,53.1371,True
K,43,1000,6,0.8,0.78,0.7374,False
K,43,1000,6,0.9,0.8858,21.389,False
K,43,1000,6,0.95,0.958,53.1371,True
K,43,1000,7,0.8,0.78,0.7374,False
K,43,1000,7,0.9,0.958,53.1371,True
K,43,1000,7,0.95,0.958,53.1371,True
K,43,1000,8,0.8,0.78,0.7374,False
K,43,1000,8,0.9,0.8858,21.389,False
K,43,1000,8,0.95,0.958,53.1371,True
K,43,1000,9,0.8,0.78,0.7374,False
K,43,1000,9,0.9,0.8858,21.389,False
K,43,1000,9,0.95,0.958,53.1371,True
K,43,1000,10,0.8,0.78,0.7374,False
K,43,1000,10,0.9,0.8858,21.389,False
K,43,1000,10,0.95,0.958,53.1371,True
K,43,1000,11,0.8,0.78,0.7374,False
K,43,1000,11,0.9,0.8858,21.389,False
K,43,1000,11,0.95,0.958,53.1371,True
K,43,1000,12,0.8,0.78,0.7374,False
K,43,1000,12,0.9,0.8858,21.389,False
K,43,1000,12,0.95,0.958,53.1371,True
K,43,1000,13,0.8,0.7958,0.8083,False
K,43,1000,13,0.9,0.8858,21.389,False
K,43,1000,13,0.95,0.958,53.1371,True
K,43,1000,14,0.8,0.78,0.7374,False
K,43,1000,14,0.9,0.8858,21.389,False
K,43,1000,14,0.95,0.958,53.1371,True
K,43,1000,15,0.8,0.78,0.7374,False
K,43,1000,15,0.9,0.8858,21.389,False
K,43,1000,15,0.95,0.958,53.1371,True
K,43,1000,16,0.8,0.78,0.7374,False
K,43,1000,16,0.9,0.958,53.1371,True
K,43,1000,16,0.95,0.958,53.1371,True
K,43,1000,17,0.8,0.78,0.7374,False
K,43,1000,17,0.9,0.8858,21.389,False
K,43,1000,17,0.95,0.958,53.1371,True
K,43,1000,18,0.8,0.78,0.7374,False
K,43,1000,18,0.9,0.8858,21.389,False
K,43,1000,18,0.95,0.958,53.1371,True
K,43,1000,19,0.8,0.78,0.7374,False
K,43,1000,19,0.9,0.8695,15.7814,False
K,43,1000,19,0.95,0.958,53.1371,True
K,43,1000,20,0.8,0.78,0.7374,False
K,43,1000,20,0.9,0.8858,21.389,False
K,43,1000,20,0.95,0.958,53.1371,True
K,43,1000,21,0.8,0.78,0.7374,False
K,43,1000,21,0.9,0.958,53.1371,True
K,43,1000,21,0.95,0.958,53.1371,True
K,43,1000,22,0.8,0.78,0.7374,False
K,43,1000,22,0.9,0.8858,21.389,False
K,43,1000,22,0.95,0.958,53.1371,True
K,43,1000,23,0.8,0.78,0.7374,False
K,43,1000,23,0.9,0.8858,21.389,False
K,43,1000,23,0.95,0.958,53.1371,True
K,43,1000,24,0.8,0.78,0.7374,False
K,43,1000,24,0.9,0.8858,21.389,False
K,43,1000,24,0.95,0.958,53.1371,True
K,43,1000,25,0.8,0.78,0.7374,False
K,43,1000,25,0.9,0.8858,21.389,False
K,43,1000,25,0.95,0.958,53.1371,True
K,43,1000,26,0.8,0.78,0.7374,False
K,43,1000,26,0.9,0.8858,21.389,False
K,43,1000,26,0.95,0.958,53.1371,True
K,43,1000,27,0.8,0.78,0.7374,False
K,43,1000,27,0.9,0.8629,13.7274,False
K,43,1000,27,0.95,0.958,53.1371,True
K,43,1000,28,0.8,0.78,0.7374,False
K,43,1000,28,0.9,0.8858,21.389,False
K,43,1000,28,0.95,0.958,53.1371,True
K,43,1000,29,0.8,0.78,0.7374,False
K,43,1000,29,0.9,0.8858,21.389,False
K,43,1000,29,0.95,0.958,53.1371,True
K,43,1000,30,0.8,0.78,0.7374,False
K,43,1000,30,0.9,0.8858,21.389,False
K,43,1000,30,0.95,0.958,53.1371,True
K,43,1000,31,0.8,0.78,0.7374,False
K,43,1000,31,0.9,0.8858,21.389,False
K,43,1000,31,0.95,0.958,53.1371,True
K,43,1000,32,0.8,0.78,0.7374,False
K,43,1000,32,0.9,0.8858,21.389,False
K,43,1000,32,0.95,0.958,53.1371,True
K,43,1000,33,0.8,0.78,0.7374,False
K,43,1000,33,0.9,0.8695,15.7814,False
K,43,1000,33,0.95,0.958,53.1371,True
K,43,1000,34,0.8,0.78,0.7374,False
K,43,1000,34,0.9,0.8858,21.389,False
K,43,1000,34,0.95,0.958,53.1371,True
K,43,1000,35,0.8,0.78,0.7374,False
K,43,1000,35,0.9,0.8858,21.389,False
K,43,1000,35,0.95,0.958,53.1371,True
K,43,1000,36,0.8,0.78,0.7374,False
K,43,1000,36,0.9,0.8858,21.389,False
K,43,1000,36,0.95,0.958,53.1371,True
K,43,1000,37,0.8,0.78,0.7374,False
K,43,1000,37,0.9,0.8858,21.389,False
K,43,1000,37,0.95,0.958,53.1371,True
K,43,1000,38,0.8,0.78,0.7374,False
K,43,1000,38,0.9,0.8858,21.389,False
K,43,1000,38,0.95,0.958,53.1371,True
K,43,1000,39,0.8,0.78,0.7374,False
K,43,1000,39,0.9,0.8695,15.7814,False
K,43,1000,39,0.95,0.958,53.1371,True
K,43,1252,0,0.8,0.78,0.7374,False
K,43,1252,0,0.9,0.8858,21.389,False
K,43,1252,0,0.95,0.958,53.1371,True
K,44,10,0,0.8,1.0,100.0,True
K,44,10,0,0.9,1.0,100.0,True
K,44,10,0,0.95,1.0,100.0,True
K,44,10,1,0.8,0.8256,0.9843,False
K,44,10,1,0.9,0.8256,0.9843,False
K,44,10,1,0.95,0.8256,0.9843,False
K,44,10,2,0.8,0.9119,42.3534,False
K,44,10,2,0.9,0.9119,42.3534,False
K,44,10,2,0.95,0.9119,42.3534,False
K,44,10,3,0.8,0.8289,1.0262,False
K,44,10,3,0.9,0.8289,1.0262,False
K,44,10,3,0.95,0.8289,1.0262,False
K,44,10,4,0.8,0.8858,30.7168,False
K,44,10,4,0.9,0.8858,30.7168,False
K,44,10,4,0.95,0.8858,30.7168,False
K,44,10,5,0.8,1.0,100.0,True
K,44,10,5,0.9,1.0,100.0,True
K,44,10,5,0.95,1.0,100.0,True
K,44,10,6,0.8,1.0,100.0,True
K,44,10,6,0.9,1.0,100.0,True
K,44,10,6,0.95,1.0,100.0,True
K,44,10,7,0.8,0.8858,30.7168,False
K,44,10,7,0.9,0.8858,30.7168,False
K,44,10,7,0.95,0.8858,30.7168,False
K,44,10,8,0.8,0.8256,0.9843,False
K,44,10,8,0.9,0.8256,0.9843,False
K,44,10,8,0.95,0.8256,0.9843,False
K,44,10,9,0.8,0.9301,57.1031,True
K,44,10,9,0.9,0.9301,57.1031,True
K,44,10,9,0.95,0.9301,57.1031,True
K,44,10,10,0.8,0.9301,57.4641,True
K,44,10,10,0.9,0.9301,57.4641,True
K,44,10,10,0.95,0.9301,57.4641,True
K,44,10,11,0.8,0.9119,42.3534,False
K,44,10,11,0.9,0.9119,42.3534,False
K,44,10,11,0.95,0.9119,42.3534,False
K,44,10,12,0.8,1.0,100.0,True
K,44,10,12,0.9,1.0,100.0,True
K,44,10,12,0.95,1.0,100.0,True
K,44,10,13,0.8,0.8256,0.9843,False
K,44,10,13,0.9,0.8256,0.9843,False
K,44,10,13,0.95,0.8256,0.9843,False
K,44,10,14,0.8,0.7697,0.7112,False
K,44,10,14,0.9,0.7697,0.7112,False
K,44,10,14,0.95,0.7697,0.7112,False
K,44,10,15,0.8,0.7697,0.7112,False
K,44,10,15,0.9,0.7697,0.7112,False
K,44,10,15,0.95,0.7697,0.7112,False
K,44,10,16,0.8,0.9119,42.3534,False
K,44,10,16,0.9,0.9119,42.3534,False
K,44,10,16,0.95,0.9119,42.3534,False
K,44,10,17,0.8,0.7445,0.6133,False
K,44,10,17,0.9,0.7445,0.6133,False
K,44,10,17,0.95,0.7445,0.6133,False
K,44,10,18,0.8,0.9119,42.3534,False
K,44,10,18,0.9,0.9119,42.3534,False
K,44,10,18,0.95,0.9119,42.3534,False
K,44,10,19,0.8,0.6592,0.4743,False
K,44,10,19,0.9,0.6592,0.4743,False
K,44,10,19,0.95,0.6592,0.4743,False
K,44,10,20,0.8,1.0,100.0,True
K,44,10,20,0.9,1.0,100.0,True
K,44,10,20,0.95,1.0,100.0,True
K,44,10,21,0.8,0.9184,46.5266,False
K,44,10,21,0.9,0.9184,46.5266,False
K,44,10,21,0.95,0.9184,46.5266,False
K,44,10,22,0.8,1.0,100.0,True
K,44,10,22,0.9,1.0,100.0,True
K,44,10,22,0.95,1.0,100.0,True
K,44,10,23,0.8,0.9119,42.3534,False
K,44,10,23,0.9,0.9119,42.3534,False
K,44,10,23,0.95,0.9119,42.3534,False
K,44,10,24,0.8,0.841,1.4752,False
K,44,10,24,0.9,0.841,1.4752,False
K,44,10,24,0.95,0.841,1.4752,False
K,44,10,25,0.8,1.0,100.0,True
K,44,10,25,0.9,1.0,100.0,True
K,44,10,25,0.95,1.0,100.0,True
K,44,10,26,0.8,0.7207,0.5688,False
K,44,10,26,0.9,0.7207,0.5688,False
K,44,10,26,0.95,0.7207,0.5688,False
K,44,10,27,0.8,1.0,100.0,True
K,44,10,27,0.9,1.0,100.0,True
K,44,10,27,0.95,1.0,100.0,True
K,44,10,28,0.8,1.0,100.0,True
K,44,10,28,0.9,1.0,100.0,True
K,44,10,28,0.95,1.0,100.0,True
K,44,10,29,0.8,1.0,100.0,True
K,44,10,29,0.9,1.0,100.0,True
K,44,10,29,0.95,1.0,100.0,True
K,44,10,30,0.8,1.0,100.0,True
K,44,10,30,0.9,1.0,100.0,True
K,44,10,30,0.95,1.0,100.0,True
K,44,10,31,0.8,1.0,100.0,True
K,44,10,31,0.9,1.0,100.0,True
K,44,10,31,0.95,1.0,100.0,True
K,44,10,32,0.8,0.8872,31.6469,False
K,44,10,32,0.9,0.8872,31.6469,False
K,44,10,32,0.95,0.8872,31.6469,False
K,44,10,33,0.8,1.0,100.0,True
K,44,10,33,0.9,1.0,100.0,True
K,44,10,33,0.95,1.0,100.0,True
K,44,10,34,0.8,0.8256,0.9843,False
K,44,10,34,0.9,0.8256,0.9843,False
K,44,10,34,0.95,0.8256,0.9843,False
K,44,10,35,0.8,1.0,100.0,True
K,44,10,35,0.9,1.0,100.0,True
K,44,10,35,0.95,1.0,100.0,True
K,44,10,36,0.8,0.9119,42.3534,False
K,44,10,36,0.9,0.9119,42.3534,False
K,44,10,36,0.95,0.9119,42.3534,False
K,44,10,37,0.8,0.834,1.0926,False
K,44,10,37,0.9,0.834,1.0926,False
K,44,10,37,0.95,0.834,1.0926,False
K,44,10,38,0.8,0.8256,0.9843,False
K,44,10,38,0.9,0.8256,0.9843,False
K,44,10,38,0.95,0.8256,0.9843,False
K,44,10,39,0.8,0.8858,30.7168,False
K,44,10,39,0.9,0.8858,30.7168,False
K,44,10,39,0.95,0.8858,30.7168,False
K,44,15,0,0.8,1.0,100.0,True
K,44,15,0,0.9,1.0,100.0,True
K,44,15,0,0.95,1.0,100.0,True
K,44,15,1,0.8,1.0,100.0,True
K,44,15,1,0.9,1.0,100.0,True
K,44,15,1,0.95,1.0,100.0,True
K,44,15,2,0.8,0.9119,42.3534,False
K,44,15,2,0.9,1.0,100.0,True
K,44,15,2,0.95,1.0,100.0,True
K,44,15,3,0.8,0.7207,0.5688,False
K,44,15,3,0.9,0.9212,48.7329,False
K,44,15,3,0.95,0.9212,48.7329,False
K,44,15,4,0.8,0.9119,42.3534,False
K,44,15,4,0.9,1.0,100.0,True
K,44,15,4,0.95,1.0,100.0,True
K,44,15,5,0.8,1.0,100.0,True
K,44,15,5,0.9,1.0,100.0,True
K,44,15,5,0.95,1.0,100.0,True
K,44,15,6,0.8,0.8876,31.7616,False
K,44,15,6,0.9,1.0,100.0,True
K,44,15,6,0.95,1.0,100.0,True
K,44,15,7,0.8,0.8256,0.9843,False
K,44,15,7,0.9,0.8858,30.7168,False
K,44,15,7,0.95,0.8858,30.7168,False
K,44,15,8,0.8,0.8256,0.9849,False
K,44,15,8,0.9,0.834,1.0926,False
K,44,15,8,0.95,0.834,1.0926,False
K,44,15,9,0.8,0.8256,0.9843,False
K,44,15,9,0.9,1.0,100.0,True
K,44,15,9,0.95,1.0,100.0,True
K,44,15,10,0.8,0.8858,30.7168,False
K,44,15,10,0.9,0.8858,30.7168,False
K,44,15,10,0.95,0.8858,30.7168,False
K,44,15,11,0.8,0.7697,0.7112,False
K,44,15,11,0.9,0.7907,0.8092,False
K,44,15,11,0.95,0.7907,0.8092,False
K,44,15,12,0.8,0.8872,31.6469,False
K,44,15,12,0.9,1.0,100.0,True
K,44,15,12,0.95,1.0,100.0,True
K,44,15,13,0.8,0.9119,42.3534,False
K,44,15,13,0.9,1.0,100.0,True
K,44,15,13,0.95,1.0,100.0,True
K,44,15,14,0.8,0.6592,0.4743,False
K,44,15,14,0.9,0.8858,30.7168,False
K,44,15,14,0.95,0.8858,30.7168,False
K,44,15,15,0.8,1.0,100.0,True
K,44,15,15,0.9,1.0,100.0,True
K,44,15,15,0.95,1.0,100.0,True
K,44,15,16,0.8,0.8256,0.9843,False
K,44,15,16,0.9,0.834,1.0926,False
K,44,15,16,0.95,0.834,1.0926,False
K,44,15,17,0.8,0.7907,0.8092,False
K,44,15,17,0.9,1.0,100.0,True
K,44,15,17,0.95,1.0,100.0,True
K,44,15,18,0.8,0.7026,0.5281,False
K,44,15,18,0.9,1.0,100.0,True
K,44,15,18,0.95,1.0,100.0,True
K,44,15,19,0.8,0.8858,30.7168,False
K,44,15,19,0.9,0.9119,42.3534,False
K,44,15,19,0.95,0.9119,42.3534,False
K,44,15,20,0.8,0.9119,42.3534,False
K,44,15,20,0.9,0.9119,42.3534,False
K,44,15,20,0.95,0.9119,42.3534,False
K,44,15,21,0.8,0.7697,0.7112,False
K,44,15,21,0.9,1.0,100.0,True
K,44,15,21,0.95,1.0,100.0,True
K,44,15,22,0.8,0.8858,30.7168,False
K,44,15,22,0.9,1.0,100.0,True
K,44,15,22,0.95,1.0,100.0,True
K,44,15,23,0.8,0.8858,30.7168,False
K,44,15,23,0.9,0.9119,42.3534,False
K,44,15,23,0.95,0.9119,42.3534,False
K,44,15,24,0.8,0.834,1.0926,False
K,44,15,24,0.9,0.8858,30.7168,False
K,44,15,24,0.95,0.8858,30.7168,False
K,44,15,25,0.8,0.7697,0.7112,False
K,44,15,25,0.9,0.834,1.0926,False
K,44,15,25,0.95,0.834,1.0926,False
K,44,15,26,0.8,0.8559,16.7991,False
K,44,15,26,0.9,0.8858,30.7168,False
K,44,15,26,0.95,0.8858,30.7168,False
K,44,15,27,0.8,0.5977,0.3957,False
K,44,15,27,0.9,0.8256,0.9843,False
K,44,15,27,0.95,0.8256,0.9843,False
K,44,15,28,0.8,1.0,100.0,True
K,44,15,28,0.9,1.0,100.0,True
K,44,15,28,0.95,1.0,100.0,True
K,44,15,29,0.8,1.0,100.0,True
K,44,15,29,0.9,1.0,100.0,True
K,44,15,29,0.95,1.0,100.0,True
K,44,15,30,0.8,0.8256,0.9843,False
K,44,15,30,0.9,0.8858,30.7168,False
K,44,15,30,0.95,0.8858,30.7168,False
K,44,15,31,0.8,0.7445,0.6133,False
K,44,15,31,0.9,0.8858,30.7168,False
K,44,15,31,0.95,0.8858,30.7168,False
K,44,15,32,0.8,1.0,100.0,True
K,44,15,32,0.9,1.0,100.0,True
K,44,15,32,0.95,1.0,100.0,True
K,44,15,33,0.8,0.7697,0.7112,False
K,44,15,33,0.9,0.8256,0.9843,False
K,44,15,33,0.95,0.8256,0.9843,False
K,44,15,34,0.8,0.6592,0.4743,False
K,44,15,34,0.9,0.841,1.4752,False
K,44,15,34,0.95,0.841,1.4752,False
K,44,15,35,0.8,0.8858,30.7168,False
K,44,15,35,0.9,1.0,100.0,True
K,44,15,35,0.95,1.0,100.0,True
K,44,15,36,0.8,0.9119,42.3534,False
K,44,15,36,0.9,0.9119,42.3534,False
K,44,15,36,0.95,0.9119,42.3534,False
K,44,15,37,0.8,0.8858,30.7168,False
K,44,15,37,0.9,1.0,100.0,True
K,44,15,37,0.95,1.0,100.0,True
K,44,15,38,0.8,1.0,100.0,True
K,44,15,38,0.9,1.0,100.0,True
K,44,15,38,0.95,1.0,100.0,True
K,44,15,39,0.8,0.8858,30.7168,False
K,44,15,39,0.9,0.9119,42.3534,False
K,44,15,39,0.95,0.9119,42.3534,False
K,44,20,0,0.8,0.7445,0.6133,False
K,44,20,0,0.9,1.0,100.0,True
K,44,20,0,0.95,1.0,100.0,True
K,44,20,1,0.8,0.6965,0.517,False
K,44,20,1,0.9,0.8559,16.7991,False
K,44,20,1,0.95,0.8559,16.7991,False
K,44,20,2,0.8,0.7207,0.5688,False
K,44,20,2,0.9,0.8256,0.9843,False
K,44,20,2,0.95,0.8256,0.9843,False
K,44,20,3,0.8,1.0,100.0,True
K,44,20,3,0.9,1.0,100.0,True
K,44,20,3,0.95,1.0,100.0,True
K,44,20,4,0.8,0.7207,0.5688,False
K,44,20,4,0.9,0.9119,42.3534,False
K,44,20,4,0.95,0.9119,42.3534,False
K,44,20,5,0.8,0.8256,0.9843,False
K,44,20,5,0.9,1.0,100.0,True
K,44,20,5,0.95,1.0,100.0,True
K,44,20,6,0.8,0.9119,42.3534,False
K,44,20,6,0.9,1.0,100.0,True
K,44,20,6,0.95,1.0,100.0,True
K,44,20,7,0.8,0.8858,30.7168,False
K,44,20,7,0.9,1.0,100.0,True
K,44,20,7,0.95,1.0,100.0,True
K,44,20,8,0.8,0.7907,0.8092,False
K,44,20,8,0.9,0.9301,57.1031,True
K,44,20,8,0.95,0.9301,57.1031,True
K,44,20,9,0.8,0.7697,0.7112,False
K,44,20,9,0.9,1.0,100.0,True
K,44,20,9,0.95,1.0,100.0,True
K,44,20,10,0.8,0.8256,0.9843,False
K,44,20,10,0.9,0.8559,16.7991,False
K,44,20,10,0.95,0.8559,16.7991,False
K,44,20,11,0.8,0.9301,57.8769,True
K,44,20,11,0.9,1.0,100.0,True
K,44,20,11,0.95,1.0,100.0,True
K,44,20,12,0.8,1.0,100.0,True
K,44,20,12,0.9,1.0,100.0,True
K,44,20,12,0.95,1.0,100.0,True
K,44,20,13,0.8,0.8858,30.7168,False
K,44,20,13,0.9,1.0,100.0,True
K,44,20,13,0.95,1.0,100.0,True
K,44,20,14,0.8,0.9119,42.3534,False
K,44,20,14,0.9,1.0,100.0,True
K,44,20,14,0.95,1.0,100.0,True
K,44,20,15,0.8,0.7026,0.5281,False
K,44,20,15,0.9,0.8858,30.7168,False
K,44,20,15,0.95,0.8858,30.7168,False
K,44,20,16,0.8,0.8256,0.9843,False
K,44,20,16,0.9,0.9212,48.7329,False
K,44,20,16,0.95,0.9212,48.7329,False
K,44,20,17,0.8,0.8858,30.7168,False
K,44,20,17,0.9,1.0,100.0,True
K,44,20,17,0.95,1.0,100.0,True
K,44,20,18,0.8,0.6965,0.517,False
K,44,20,18,0.9,1.0,100.0,True
K,44,20,18,0.95,1.0,100.0,True
K,44,20,19,0.8,0.8256,0.9843,False
K,44,20,19,0.9,1.0,100.0,True
K,44,20,19,0.95,1.0,100.0,True
K,44,20,20,0.8,0.8858,30.7168,False
K,44,20,20,0.9,1.0,100.0,True
K,44,20,20,0.95,1.0,100.0,True
K,44,20,21,0.8,0.7207,0.5688,False
K,44,20,21,0.9,1.0,100.0,True
K,44,20,21,0.95,1.0,100.0,True
K,44,20,22,0.8,0.9119,42.3534,False
K,44,20,22,0.9,1.0,100.0,True
K,44,20,22,0.95,1.0,100.0,True
K,44,20,23,0.8,1.0,100.0,True
K,44,20,23,0.9,1.0,100.0,True
K,44,20,23,0.95,1.0,100.0,True
K,44,20,24,0.8,0.5977,0.3957,False
K,44,20,24,0.9,0.7907,0.8092,False
K,44,20,24,0.95,0.7907,0.8092,False
K,44,20,25,0.8,0.8256,0.9843,False
K,44,20,25,0.9,0.9119,42.3534,False
K,44,20,25,0.95,0.9119,42.3534,False
K,44,20,26,0.8,0.8559,16.7991,False
K,44,20,26,0.9,1.0,100.0,True
K,44,20,26,0.95,1.0,100.0,True
K,44,20,27,0.8,0.8559,16.7991,False
K,44,20,27,0.9,1.0,100.0,True
K,44,20,27,0.95,1.0,100.0,True
K,44,20,28,0.8,0.8256,0.9843,False
K,44,20,28,0.9,1.0,100.0,True
K,44,20,28,0.95,1.0,100.0,True
K,44,20,29,0.8,0.8858,30.7168,False
K,44,20,29,0.9,1.0,100.0,True
K,44,20,29,0.95,1.0,100.0,True
K,44,20,30,0.8,0.7697,0.7112,False
K,44,20,30,0.9,1.0,100.0,True
K,44,20,30,0.95,1.0,100.0,True
K,44,20,31,0.8,0.8256,0.9843,False
K,44,20,31,0.9,0.9119,42.3534,False
K,44,20,31,0.95,0.9119,42.3534,False
K,44,20,32,0.8,0.8256,0.9843,False
K,44,20,32,0.9,1.0,100.0,True
K,44,20,32,0.95,1.0,100.0,True
K,44,20,33,0.8,0.9217,49.1423,False
K,44,20,33,0.9,1.0,100.0,True
K,44,20,33,0.95,1.0,100.0,True
K,44,20,34,0.8,0.8858,30.7168,False
K,44,20,34,0.9,0.9119,42.3534,False
K,44,20,34,0.95,0.9119,42.3534,False
K,44,20,35,0.8,0.8256,0.9843,False
K,44,20,35,0.9,0.8858,30.7168,False
K,44,20,35,0.95,0.8858,30.7168,False
K,44,20,36,0.8,1.0,100.0,True
K,44,20,36,0.9,1.0,100.0,True
K,44,20,36,0.95,1.0,100.0,True
K,44,20,37,0.8,0.8256,0.9843,False
K,44,20,37,0.9,0.8858,30.7168,False
K,44,20,37,0.95,0.8858,30.7168,False
K,44,20,38,0.8,0.9119,42.3534,False
K,44,20,38,0.9,0.9301,57.4641,True
K,44,20,38,0.95,0.9301,57.4641,True
K,44,20,39,0.8,1.0,100.0,True
K,44,20,39,0.9,1.0,100.0,True
K,44,20,39,0.95,1.0,100.0,True
K,44,25,0,0.8,1.0,100.0,True
K,44,25,0,0.9,1.0,100.0,True
K,44,25,0,0.95,1.0,100.0,True
K,44,25,1,0.8,0.8256,0.9843,False
K,44,25,1,0.9,1.0,100.0,True
K,44,25,1,0.95,1.0,100.0,True
K,44,25,2,0.8,0.9119,42.3534,False
K,44,25,2,0.9,1.0,100.0,True
K,44,25,2,0.95,1.0,100.0,True
K,44,25,3,0.8,1.0,100.0,True
K,44,25,3,0.9,1.0,100.0,True
K,44,25,3,0.95,1.0,100.0,True
K,44,25,4,0.8,0.8256,0.9843,False
K,44,25,4,0.9,1.0,100.0,True
K,44,25,4,0.95,1.0,100.0,True
K,44,25,5,0.8,0.7907,0.8092,False
K,44,25,5,0.9,1.0,100.0,True
K,44,25,5,0.95,1.0,100.0,True
K,44,25,6,0.8,0.8858,30.7168,False
K,44,25,6,0.9,1.0,100.0,True
K,44,25,6,0.95,1.0,100.0,True
K,44,25,7,0.8,0.8256,0.9843,False
K,44,25,7,0.9,0.9184,46.5266,False
K,44,25,7,0.95,0.9184,46.5266,False
K,44,25,8,0.8,0.8256,0.9843,False
K,44,25,8,0.9,1.0,100.0,True
K,44,25,8,0.95,1.0,100.0,True
K,44,25,9,0.8,0.8256,0.9843,False
K,44,25,9,0.9,1.0,100.0,True
K,44,25,9,0.95,1.0,100.0,True
K,44,25,10,0.8,0.9119,42.3534,False
K,44,25,10,0.9,1.0,100.0,True
K,44,25,10,0.95,1.0,100.0,True
K,44,25,11,0.8,0.8256,0.9843,False
K,44,25,11,0.9,0.9119,42.3534,False
K,44,25,11,0.95,0.9119,42.3534,False
K,44,25,12,0.8,0.9212,48.7329,False
K,44,25,12,0.9,1.0,100.0,True
K,44,25,12,0.95,1.0,100.0,True
K,44,25,13,0.8,0.7697,0.7112,False
K,44,25,13,0.9,0.9184,46.5266,False
K,44,25,13,0.95,0.9184,46.5266,False
K,44,25,14,0.8,0.6224,0.4249,False
K,44,25,14,0.9,0.8256,0.9843,False
K,44,25,14,0.95,0.8256,0.9843,False
K,44,25,15,0.8,0.8289,1.0262,False
K,44,25,15,0.9,1.0,100.0,True
K,44,25,15,0.95,1.0,100.0,True
K,44,25,16,0.8,0.8256,0.9843,False
K,44,25,16,0.9,1.0,100.0,True
K,44,25,16,0.95,1.0,100.0,True
K,44,25,17,0.8,0.834,1.0926,False
K,44,25,17,0.9,0.8858,30.7168,False
K,44,25,17,0.95,0.8858,30.7168,False
K,44,25,18,0.8,0.9119,42.3534,False
K,44,25,18,0.9,1.0,100.0,True
K,44,25,18,0.95,1.0,100.0,True
K,44,25,19,0.8,0.9301,57.8769,True
K,44,25,19,0.9,1.0,100.0,True
K,44,25,19,0.95,1.0,100.0,True
K,44,25,20,0.8,0.9184,46.5266,False
K,44,25,20,0.9,1.0,100.0,True
K,44,25,20,0.95,1.0,100.0,True
K,44,25,21,0.8,1.0,100.0,True
K,44,25,21,0.9,1.0,100.0,True
K,44,25,21,0.95,1.0,100.0,True
K,44,25,22,0.8,0.8858,30.7168,False
K,44,25,22,0.9,1.0,100.0,True
K,44,25,22,0.95,1.0,100.0,True
K,44,25,23,0.8,0.8256,0.9843,False
K,44,25,23,0.9,1.0,100.0,True
K,44,25,23,0.95,1.0,100.0,True
K,44,25,24,0.8,0.7907,0.8092,False
K,44,25,24,0.9,0.9301,57.4641,True
K,44,25,24,0.95,0.9301,57.4641,True
K,44,25,25,0.8,0.8289,1.0262,False
K,44,25,25,0.9,1.0,100.0,True
K,44,25,25,0.95,1.0,100.0,True
K,44,25,26,0.8,0.8256,0.9843,False
K,44,25,26,0.9,1.0,100.0,True
K,44,25,26,0.95,1.0,100.0,True
K,44,25,27,0.8,1.0,100.0,True
K,44,25,27,0.9,1.0,100.0,True
K,44,25,27,0.95,1.0,100.0,True
K,44,25,28,0.8,0.8858,30.7168,False
K,44,25,28,0.9,1.0,100.0,True
K,44,25,28,0.95,1.0,100.0,True
K,44,25,29,0.8,0.7445,0.6133,False
K,44,25,29,0.9,1.0,100.0,True
K,44,25,29,0.95,1.0,100.0,True
K,44,25,30,0.8,0.8256,0.9843,False
K,44,25,30,0.9,1.0,100.0,True
K,44,25,30,0.95,1.0,100.0,True
K,44,25,31,0.8,0.6657,0.4826,False
K,44,25,31,0.9,0.9301,57.1031,True
K,44,25,31,0.95,0.9301,57.1031,True
K,44,25,32,0.8,0.7207,0.5688,False
K,44,25,32,0.9,0.9301,57.1031,True
K,44,25,32,0.95,0.9301,57.1031,True
K,44,25,33,0.8,0.7697,0.7112,False
K,44,25,33,0.9,1.0,100.0,True
K,44,25,33,0.95,1.0,100.0,True
K,44,25,34,0.8,0.8256,0.9843,False
K,44,25,34,0.9,0.8858,30.7168,False
K,44,25,34,0.95,0.8858,30.7168,False
K,44,25,35,0.8,0.6592,0.4743,False
K,44,25,35,0.9,0.8256,0.9843,False
K,44,25,35,0.95,0.8256,0.9843,False
K,44,25,36,0.8,0.8256,0.9843,False
K,44,25,36,0.9,1.0,100.0,True
K,44,25,36,0.95,1.0,100.0,True
K,44,25,37,0.8,0.8872,31.6469,False
K,44,25,37,0.9,1.0,100.0,True
K,44,25,37,0.95,1.0,100.0,True
K,44,25,38,0.8,0.7907,0.8092,False
K,44,25,38,0.9,1.0,100.0,True
K,44,25,38,0.95,1.0,100.0,True
K,44,25,39,0.8,0.7445,0.6133,False
K,44,25,39,0.9,1.0,100.0,True
K,44,25,39,0.95,1.0,100.0,True
K,44,30,0,0.8,0.6965,0.517,False
K,44,30,0,0.9,0.7907,0.8092,False
K,44,30,0,0.95,1.0,100.0,True
K,44,30,1,0.8,0.9119,42.3534,False
K,44,30,1,0.9,1.0,100.0,True
K,44,30,1,0.95,1.0,100.0,True
K,44,30,2,0.8,0.8858,30.7168,False
K,44,30,2,0.9,1.0,100.0,True
K,44,30,2,0.95,1.0,100.0,True
K,44,30,3,0.8,0.8256,0.9843,False
K,44,30,3,0.9,1.0,100.0,True
K,44,30,3,0.95,1.0,100.0,True
K,44,30,4,0.8,0.8256,0.9843,False
K,44,30,4,0.9,0.9184,46.5266,False
K,44,30,4,0.95,1.0,100.0,True
K,44,30,5,0.8,0.7207,0.5688,False
K,44,30,5,0.9,1.0,100.0,True
K,44,30,5,0.95,1.0,100.0,True
K,44,30,6,0.8,0.841,1.4752,False
K,44,30,6,0.9,1.0,100.0,True
K,44,30,6,0.95,1.0,100.0,True
K,44,30,7,0.8,0.834,1.0926,False
K,44,30,7,0.9,0.9301,57.8769,True
K,44,30,7,0.95,1.0,100.0,True
K,44,30,8,0.8,0.8256,0.9843,False
K,44,30,8,0.9,1.0,100.0,True
K,44,30,8,0.95,1.0,100.0,True
K,44,30,9,0.8,0.7026,0.5281,False
K,44,30,9,0.9,0.9119,42.3534,False
K,44,30,9,0.95,1.0,100.0,True
K,44,30,10,0.8,0.6965,0.517,False
K,44,30,10,0.9,0.834,1.0926,False
K,44,30,10,0.95,0.8858,30.7168,False
K,44,30,11,0.8,0.8256,0.9843,False
K,44,30,11,0.9,0.9119,42.3534,False
K,44,30,11,0.95,1.0,100.0,True
K,44,30,12,0.8,0.6592,0.4743,False
K,44,30,12,0.9,0.9301,57.8769,True
K,44,30,12,0.95,1.0,100.0,True
K,44,30,13,0.8,0.7445,0.6133,False
K,44,30,13,0.9,0.9301,57.1031,True
K,44,30,13,0.95,1.0,100.0,True
K,44,30,14,0.8,0.8289,1.0262,False
K,44,30,14,0.9,1.0,100.0,True
K,44,30,14,0.95,1.0,100.0,True
K,44,30,15,0.8,0.9119,42.3534,False
K,44,30,15,0.9,1.0,100.0,True
K,44,30,15,0.95,1.0,100.0,True
K,44,30,16,0.8,0.8256,0.9843,False
K,44,30,16,0.9,0.8256,0.9843,False
K,44,30,16,0.95,0.834,1.0926,False
K,44,30,17,0.8,0.7907,0.8092,False
K,44,30,17,0.9,0.9119,42.3534,False
K,44,30,17,0.95,1.0,100.0,True
K,44,30,18,0.8,0.8872,31.6469,False
K,44,30,18,0.9,1.0,100.0,True
K,44,30,18,0.95,1.0,100.0,True
K,44,30,19,0.8,0.7207,0.5688,False
K,44,30,19,0.9,1.0,100.0,True
K,44,30,19,0.95,1.0,100.0,True
K,44,30,20,0.8,0.841,1.4752,False
K,44,30,20,0.9,1.0,100.0,True
K,44,30,20,0.95,1.0,100.0,True
K,44,30,21,0.8,0.8256,0.9843,False
K,44,30,21,0.9,1.0,100.0,True
K,44,30,21,0.95,1.0,100.0,True
K,44,30,22,0.8,0.7907,0.8092,False
K,44,30,22,0.9,0.9184,46.5266,False
K,44,30,22,0.95,1.0,100.0,True
K,44,30,23,0.8,0.8858,30.7168,False
K,44,30,23,0.9,1.0,100.0,True
K,44,30,23,0.95,1.0,100.0,True
K,44,30,24,0.8,0.841,1.4752,False
K,44,30,24,0.9,1.0,100.0,True
K,44,30,24,0.95,1.0,100.0,True
K,44,30,25,0.8,0.7207,0.5688,False
K,44,30,25,0.9,0.9119,42.3534,False
K,44,30,25,0.95,1.0,100.0,True
K,44,30,26,0.8,0.7445,0.6133,False
K,44,30,26,0.9,0.8256,0.9843,False
K,44,30,26,0.95,1.0,100.0,True
K,44,30,27,0.8,0.7697,0.7112,False
K,44,30,27,0.9,0.9119,42.3534,False
K,44,30,27,0.95,0.9119,42.3534,False
K,44,30,28,0.8,0.9119,42.3534,False
K,44,30,28,0.9,1.0,100.0,True
K,44,30,28,0.95,1.0,100.0,True
K,44,30,29,0.8,0.834,1.0926,False
K,44,30,29,0.9,1.0,100.0,True
K,44,30,29,0.95,1.0,100.0,True
K,44,30,30,0.8,0.8256,0.9843,False
K,44,30,30,0.9,1.0,100.0,True
K,44,30,30,0.95,1.0,100.0,True
K,44,30,31,0.8,1.0,100.0,True
K,44,30,31,0.9,1.0,100.0,True
K,44,30,31,0.95,1.0,100.0,True
K,44,30,32,0.8,0.8256,0.9843,False
K,44,30,32,0.9,1.0,100.0,True
K,44,30,32,0.95,1.0,100.0,True
K,44,30,33,0.8,0.8858,30.7168,False
K,44,30,33,0.9,1.0,100.0,True
K,44,30,33,0.95,1.0,100.0,True
K,44,30,34,0.8,0.8559,16.7991,False
K,44,30,34,0.9,1.0,100.0,True
K,44,30,34,0.95,1.0,100.0,True
K,44,30,35,0.8,0.8559,16.7991,False
K,44,30,35,0.9,1.0,100.0,True
K,44,30,35,0.95,1.0,100.0,True
K,44,30,36,0.8,0.8256,0.9843,False
K,44,30,36,0.9,0.8858,30.7168,False
K,44,30,36,0.95,0.9119,42.3534,False
K,44,30,37,0.8,0.8256,0.9849,False
K,44,30,37,0.9,1.0,100.0,True
K,44,30,37,0.95,1.0,100.0,True
K,44,30,38,0.8,0.7697,0.7112,False
K,44,30,38,0.9,0.8256,0.9843,False
K,44,30,38,0.95,1.0,100.0,True
K,44,30,39,0.8,0.8256,0.9843,False
K,44,30,39,0.9,0.8858,30.7168,False
K,44,30,39,0.95,1.0,100.0,True
K,44,40,0,0.8,0.7207,0.5688,False
K,44,40,0,0.9,1.0,100.0,True
K,44,40,0,0.95,1.0,100.0,True
K,44,40,1,0.8,0.7907,0.8092,False
K,44,40,1,0.9,0.9184,46.5266,False
K,44,40,1,0.95,1.0,100.0,True
K,44,40,2,0.8,0.8858,30.7168,False
K,44,40,2,0.9,1.0,100.0,True
K,44,40,2,0.95,1.0,100.0,True
K,44,40,3,0.8,0.9119,42.3534,False
K,44,40,3,0.9,1.0,100.0,True
K,44,40,3,0.95,1.0,100.0,True
K,44,40,4,0.8,0.7907,0.8092,False
K,44,40,4,0.9,0.9119,42.3534,False
K,44,40,4,0.95,1.0,100.0,True
K,44,40,5,0.8,0.8559,16.7991,False
K,44,40,5,0.9,0.9301,57.1031,True
K,44,40,5,0.95,1.0,100.0,True
K,44,40,6,0.8,0.8256,0.9843,False
K,44,40,6,0.9,0.9119,42.3534,False
K,44,40,6,0.95,1.0,100.0,True
K,44,40,7,0.8,0.8289,1.0262,False
K,44,40,7,0.9,1.0,100.0,True
K,44,40,7,0.95,1.0,100.0,True
K,44,40,8,0.8,0.7907,0.8092,False
K,44,40,8,0.9,0.841,1.4752,False
K,44,40,8,0.95,1.0,100.0,True
K,44,40,9,0.8,0.7907,0.8092,False
K,44,40,9,0.9,0.8872,31.6469,False
K,44,40,9,0.95,1.0,100.0,True
K,44,40,10,0.8,0.8559,16.7991,False
K,44,40,10,0.9,1.0,100.0,True
K,44,40,10,0.95,1.0,100.0,True
K,44,40,11,0.8,0.8256,0.9843,False
K,44,40,11,0.9,1.0,100.0,True
K,44,40,11,0.95,1.0,100.0,True
K,44,40,12,0.8,0.834,1.0926,False
K,44,40,12,0.9,1.0,100.0,True
K,44,40,12,0.95,1.0,100.0,True
K,44,40,13,0.8,0.7026,0.5281,False
K,44,40,13,0.9,0.8256,0.9843,False
K,44,40,13,0.95,1.0,100.0,True
K,44,40,14,0.8,0.7907,0.8092,False
K,44,40,14,0.9,0.9301,57.1031,True
K,44,40,14,0.95,1.0,100.0,True
K,44,40,15,0.8,0.8256,0.9843,False
K,44,40,15,0.9,1.0,100.0,True
K,44,40,15,0.95,1.0,100.0,True
K,44,40,16,0.8,0.834,1.0926,False
K,44,40,16,0.9,1.0,100.0,True
K,44,40,16,0.95,1.0,100.0,True
K,44,40,17,0.8,0.7207,0.5688,False
K,44,40,17,0.9,0.9184,46.5266,False
K,44,40,17,0.95,1.0,100.0,True
K,44,40,18,0.8,0.7907,0.8092,False
K,44,40,18,0.9,1.0,100.0,True
K,44,40,18,0.95,1.0,100.0,True
K,44,40,19,0.8,0.8256,0.9843,False
K,44,40,19,0.9,1.0,100.0,True
K,44,40,19,0.95,1.0,100.0,True
K,44,40,20,0.8,0.7697,0.7112,False
K,44,40,20,0.9,0.8858,30.7168,False
K,44,40,20,0.95,1.0,100.0,True
K,44,40,21,0.8,0.8858,30.7168,False
K,44,40,21,0.9,1.0,100.0,True
K,44,40,21,0.95,1.0,100.0,True
K,44,40,22,0.8,0.8256,0.9843,False
K,44,40,22,0.9,0.8858,30.7168,False
K,44,40,22,0.95,0.9301,57.1031,True
K,44,40,23,0.8,0.7907,0.8092,False
K,44,40,23,0.9,0.9184,46.5266,False
K,44,40,23,0.95,1.0,100.0,True
K,44,40,24,0.8,0.8256,0.9843,False
K,44,40,24,0.9,1.0,100.0,True
K,44,40,24,0.95,1.0,100.0,True
K,44,40,25,0.8,0.7697,0.7112,False
K,44,40,25,0.9,1.0,100.0,True
K,44,40,25,0.95,1.0,100.0,True
K,44,40,26,0.8,0.834,1.0926,False
K,44,40,26,0.9,0.8858,30.7168,False
K,44,40,26,0.95,1.0,100.0,True
K,44,40,27,0.8,0.8858,30.7168,False
K,44,40,27,0.9,1.0,100.0,True
K,44,40,27,0.95,1.0,100.0,True
K,44,40,28,0.8,0.7445,0.6133,False
K,44,40,28,0.9,0.8559,16.7991,False
K,44,40,28,0.95,0.9119,42.3534,False
K,44,40,29,0.8,0.8256,0.9843,False
K,44,40,29,0.9,1.0,100.0,True
K,44,40,29,0.95,1.0,100.0,True
K,44,40,30,0.8,0.8256,0.9843,False
K,44,40,30,0.9,1.0,100.0,True
K,44,40,30,0.95,1.0,100.0,True
K,44,40,31,0.8,0.8858,30.7168,False
K,44,40,31,0.9,1.0,100.0,True
K,44,40,31,0.95,1.0,100.0,True
K,44,40,32,0.8,0.8256,0.9849,False
K,44,40,32,0.9,0.8858,30.7168,False
K,44,40,32,0.95,1.0,100.0,True
K,44,40,33,0.8,0.6965,0.517,False
K,44,40,33,0.9,0.9119,42.3534,False
K,44,40,33,0.95,1.0,100.0,True
K,44,40,34,0.8,0.6965,0.517,False
K,44,40,34,0.9,0.8858,30.7168,False
K,44,40,34,0.95,1.0,100.0,True
K,44,40,35,0.8,0.7697,0.7112,False
K,44,40,35,0.9,0.8559,16.7991,False
K,44,40,35,0.95,1.0,100.0,True
K,44,40,36,0.8,0.7907,0.8092,False
K,44,40,36,0.9,0.9119,42.3534,False
K,44,40,36,0.95,1.0,100.0,True
K,44,40,37,0.8,1.0,100.0,True
K,44,40,37,0.9,1.0,100.0,True
K,44,40,37,0.95,1.0,100.0,True
K,44,40,38,0.8,0.7907,0.8092,False
K,44,40,38,0.9,0.8424,4.1996,False
K,44,40,38,0.95,1.0,100.0,True
K,44,40,39,0.8,0.8559,16.7991,False
K,44,40,39,0.9,1.0,100.0,True
K,44,40,39,0.95,1.0,100.0,True
K,44,50,0,0.8,0.9119,42.3534,False
K,44,50,0,0.9,1.0,100.0,True
K,44,50,0,0.95,1.0,100.0,True
K,44,50,1,0.8,0.8256,0.9843,False
K,44,50,1,0.9,0.9301,57.1031,True
K,44,50,1,0.95,1.0,100.0,True
K,44,50,2,0.8,0.9301,57.1031,True
K,44,50,2,0.9,1.0,100.0,True
K,44,50,2,0.95,1.0,100.0,True
K,44,50,3,0.8,0.7697,0.7112,False
K,44,50,3,0.9,1.0,100.0,True
K,44,50,3,0.95,1.0,100.0,True
K,44,50,4,0.8,0.7445,0.6133,False
K,44,50,4,0.9,0.8858,30.7168,False
K,44,50,4,0.95,1.0,100.0,True
K,44,50,5,0.8,0.7907,0.8092,False
K,44,50,5,0.9,0.8858,30.7168,False
K,44,50,5,0.95,1.0,100.0,True
K,44,50,6,0.8,0.8256,0.9843,False
K,44,50,6,0.9,0.9119,42.3534,False
K,44,50,6,0.95,1.0,100.0,True
K,44,50,7,0.8,0.6592,0.4743,False
K,44,50,7,0.9,0.841,1.4752,False
K,44,50,7,0.95,1.0,100.0,True
K,44,50,8,0.8,0.7907,0.8092,False
K,44,50,8,0.9,0.8858,30.7168,False
K,44,50,8,0.95,1.0,100.0,True
K,44,50,9,0.8,0.7907,0.8092,False
K,44,50,9,0.9,0.8858,30.7168,False
K,44,50,9,0.95,1.0,100.0,True
K,44,50,10,0.8,0.8256,0.9843,False
K,44,50,10,0.9,0.8858,30.7168,False
K,44,50,10,0.95,1.0,100.0,True
K,44,50,11,0.8,0.8256,0.9843,False
K,44,50,11,0.9,0.8858,30.7168,False
K,44,50,11,0.95,1.0,100.0,True
K,44,50,12,0.8,0.8858,30.7168,False
K,44,50,12,0.9,1.0,100.0,True
K,44,50,12,0.95,1.0,100.0,True
K,44,50,13,0.8,0.8256,0.9843,False
K,44,50,13,0.9,0.9301,57.1031,True
K,44,50,13,0.95,1.0,100.0,True
K,44,50,14,0.8,0.8256,0.9843,False
K,44,50,14,0.9,0.9119,42.3534,False
K,44,50,14,0.95,1.0,100.0,True
K,44,50,15,0.8,0.8424,4.1996,False
K,44,50,15,0.9,1.0,100.0,True
K,44,50,15,0.95,1.0,100.0,True
K,44,50,16,0.8,0.7445,0.6133,False
K,44,50,16,0.9,0.8858,30.7168,False
K,44,50,16,0.95,1.0,100.0,True
K,44,50,17,0.8,0.6657,0.4826,False
K,44,50,17,0.9,0.9119,42.3534,False
K,44,50,17,0.95,1.0,100.0,True
K,44,50,18,0.8,0.8256,0.9843,False
K,44,50,18,0.9,1.0,100.0,True
K,44,50,18,0.95,1.0,100.0,True
K,44,50,19,0.8,0.7697,0.7112,False
K,44,50,19,0.9,0.9119,42.3534,False
K,44,50,19,0.95,1.0,100.0,True
K,44,50,20,0.8,0.9119,42.3534,False
K,44,50,20,0.9,1.0,100.0,True
K,44,50,20,0.95,1.0,100.0,True
K,44,50,21,0.8,0.7445,0.6133,False
K,44,50,21,0.9,0.9119,42.3534,False
K,44,50,21,0.95,1.0,100.0,True
K,44,50,22,0.8,0.8256,0.9843,False
K,44,50,22,0.9,0.9119,42.3534,False
K,44,50,22,0.95,1.0,100.0,True
K,44,50,23,0.8,0.8256,0.9843,False
K,44,50,23,0.9,1.0,100.0,True
K,44,50,23,0.95,1.0,100.0,True
K,44,50,24,0.8,0.7907,0.8092,False
K,44,50,24,0.9,1.0,100.0,True
K,44,50,24,0.95,1.0,100.0,True
K,44,50,25,0.8,0.7697,0.7112,False
K,44,50,25,0.9,0.8876,31.7616,False
K,44,50,25,0.95,1.0,100.0,True
K,44,50,26,0.8,0.834,1.0926,False
K,44,50,26,0.9,0.9212,48.7329,False
K,44,50,26,0.95,1.0,100.0,True
K,44,50,27,0.8,0.8256,0.9843,False
K,44,50,27,0.9,0.9119,42.3534,False
K,44,50,27,0.95,1.0,100.0,True
K,44,50,28,0.8,0.8424,4.1996,False
K,44,50,28,0.9,1.0,100.0,True
K,44,50,28,0.95,1.0,100.0,True
K,44,50,29,0.8,0.7445,0.6133,False
K,44,50,29,0.9,1.0,100.0,True
K,44,50,29,0.95,1.0,100.0,True
K,44,50,30,0.8,0.7697,0.7112,False
K,44,50,30,0.9,0.8858,30.7168,False
K,44,50,30,0.95,1.0,100.0,True
K,44,50,31,0.8,0.6965,0.517,False
K,44,50,31,0.9,0.8872,31.6469,False
K,44,50,31,0.95,1.0,100.0,True
K,44,50,32,0.8,0.7907,0.8092,False
K,44,50,32,0.9,0.9119,42.3534,False
K,44,50,32,0.95,1.0,100.0,True
K,44,50,33,0.8,0.8256,0.9843,False
K,44,50,33,0.9,1.0,100.0,True
K,44,50,33,0.95,1.0,100.0,True
K,44,50,34,0.8,0.7907,0.8092,False
K,44,50,34,0.9,0.8559,16.7991,False
K,44,50,34,0.95,1.0,100.0,True
K,44,50,35,0.8,0.7207,0.5688,False
K,44,50,35,0.9,1.0,100.0,True
K,44,50,35,0.95,1.0,100.0,True
K,44,50,36,0.8,0.8256,0.9849,False
K,44,50,36,0.9,1.0,100.0,True
K,44,50,36,0.95,1.0,100.0,True
K,44,50,37,0.8,0.8256,0.9843,False
K,44,50,37,0.9,0.9119,42.3534,False
K,44,50,37,0.95,1.0,100.0,True
K,44,50,38,0.8,0.8256,0.9843,False
K,44,50,38,0.9,1.0,100.0,True
K,44,50,38,0.95,1.0,100.0,True
K,44,50,39,0.8,0.834,1.0926,False
K,44,50,39,0.9,1.0,100.0,True
K,44,50,39,0.95,1.0,100.0,True
K,44,75,0,0.8,0.7697,0.7112,False
K,44,75,0,0.9,0.9184,46.5266,False
K,44,75,0,0.95,1.0,100.0,True
K,44,75,1,0.8,0.7907,0.8096,False
K,44,75,1,0.9,0.834,1.0926,False
K,44,75,1,0.95,1.0,100.0,True
K,44,75,2,0.8,0.8256,0.9843,False
K,44,75,2,0.9,0.9301,57.1031,True
K,44,75,2,0.95,1.0,100.0,True
K,44,75,3,0.8,0.9184,46.5266,False
K,44,75,3,0.9,1.0,100.0,True
K,44,75,3,0.95,1.0,100.0,True
K,44,75,4,0.8,0.7697,0.7112,False
K,44,75,4,0.9,0.8858,30.7168,False
K,44,75,4,0.95,1.0,100.0,True
K,44,75,5,0.8,0.8256,0.9843,False
K,44,75,5,0.9,1.0,100.0,True
K,44,75,5,0.95,1.0,100.0,True
K,44,75,6,0.8,0.7907,0.8092,False
K,44,75,6,0.9,0.9119,42.3534,False
K,44,75,6,0.95,1.0,100.0,True
K,44,75,7,0.8,0.8256,0.9843,False
K,44,75,7,0.9,1.0,100.0,True
K,44,75,7,0.95,1.0,100.0,True
K,44,75,8,0.8,0.834,1.0926,False
K,44,75,8,0.9,1.0,100.0,True
K,44,75,8,0.95,1.0,100.0,True
K,44,75,9,0.8,0.8559,16.7991,False
K,44,75,9,0.9,1.0,100.0,True
K,44,75,9,0.95,1.0,100.0,True
K,44,75,10,0.8,0.7445,0.6133,False
K,44,75,10,0.9,0.8876,31.7616,False
K,44,75,10,0.95,1.0,100.0,True
K,44,75,11,0.8,0.834,1.0926,False
K,44,75,11,0.9,0.9301,57.1031,True
K,44,75,11,0.95,1.0,100.0,True
K,44,75,12,0.8,0.8256,0.9843,False
K,44,75,12,0.9,0.9119,42.3534,False
K,44,75,12,0.95,1.0,100.0,True
K,44,75,13,0.8,0.8289,1.0262,False
K,44,75,13,0.9,0.9119,42.3534,False
K,44,75,13,0.95,1.0,100.0,True
K,44,75,14,0.8,0.8256,0.9843,False
K,44,75,14,0.9,0.9119,42.3534,False
K,44,75,14,0.95,0.9301,57.1031,True
K,44,75,15,0.8,0.8858,30.7168,False
K,44,75,15,0.9,1.0,100.0,True
K,44,75,15,0.95,1.0,100.0,True
K,44,75,16,0.8,0.8256,0.9843,False
K,44,75,16,0.9,0.9119,42.3534,False
K,44,75,16,0.95,1.0,100.0,True
K,44,75,17,0.8,0.7445,0.6133,False
K,44,75,17,0.9,0.9119,42.3534,False
K,44,75,17,0.95,1.0,100.0,True
K,44,75,18,0.8,0.8256,0.9843,False
K,44,75,18,0.9,0.9119,42.3534,False
K,44,75,18,0.95,0.9184,46.5266,False
K,44,75,19,0.8,0.8256,0.9843,False
K,44,75,19,0.9,1.0,100.0,True
K,44,75,19,0.95,1.0,100.0,True
K,44,75,20,0.8,0.7697,0.7112,False
K,44,75,20,0.9,0.8858,30.7168,False
K,44,75,20,0.95,1.0,100.0,True
K,44,75,21,0.8,0.8256,0.9843,False
K,44,75,21,0.9,0.9301,57.1031,True
K,44,75,21,0.95,1.0,100.0,True
K,44,75,22,0.8,0.7026,0.5281,False
K,44,75,22,0.9,0.8256,0.9843,False
K,44,75,22,0.95,1.0,100.0,True
K,44,75,23,0.8,0.8256,0.9843,False
K,44,75,23,0.9,0.9119,42.3534,False
K,44,75,23,0.95,1.0,100.0,True
K,44,75,24,0.8,0.8256,0.9843,False
K,44,75,24,0.9,1.0,100.0,True
K,44,75,24,0.95,1.0,100.0,True
K,44,75,25,0.8,0.7697,0.7112,False
K,44,75,25,0.9,1.0,100.0,True
K,44,75,25,0.95,1.0,100.0,True
K,44,75,26,0.8,0.8256,0.9843,False
K,44,75,26,0.9,0.9301,57.1031,True
K,44,75,26,0.95,1.0,100.0,True
K,44,75,27,0.8,0.8256,0.9843,False
K,44,75,27,0.9,0.9119,42.3534,False
K,44,75,27,0.95,1.0,100.0,True
K,44,75,28,0.8,0.7697,0.7112,False
K,44,75,28,0.9,0.8858,30.7168,False
K,44,75,28,0.95,1.0,100.0,True
K,44,75,29,0.8,0.7207,0.5688,False
K,44,75,29,0.9,0.8256,0.9843,False
K,44,75,29,0.95,1.0,100.0,True
K,44,75,30,0.8,0.7907,0.8092,False
K,44,75,30,0.9,0.9119,42.3534,False
K,44,75,30,0.95,1.0,100.0,True
K,44,75,31,0.8,0.8256,0.9843,False
K,44,75,31,0.9,0.9184,46.5266,False
K,44,75,31,0.95,1.0,100.0,True
K,44,75,32,0.8,0.7445,0.6133,False
K,44,75,32,0.9,0.8256,0.9843,False
K,44,75,32,0.95,1.0,100.0,True
K,44,75,33,0.8,0.8256,0.9843,False
K,44,75,33,0.9,1.0,100.0,True
K,44,75,33,0.95,1.0,100.0,True
K,44,75,34,0.8,0.7907,0.8092,False
K,44,75,34,0.9,0.9119,42.3534,False
K,44,75,34,0.95,1.0,100.0,True
K,44,75,35,0.8,0.8256,0.9843,False
K,44,75,35,0.9,0.9184,46.5266,False
K,44,75,35,0.95,1.0,100.0,True
K,44,75,36,0.8,0.7697,0.7112,False
K,44,75,36,0.9,0.841,1.4752,False
K,44,75,36,0.95,0.9301,57.1031,True
K,44,75,37,0.8,0.8256,0.9843,False
K,44,75,37,0.9,1.0,100.0,True
K,44,75,37,0.95,1.0,100.0,True
K,44,75,38,0.8,0.834,1.0926,False
K,44,75,38,0.9,1.0,100.0,True
K,44,75,38,0.95,1.0,100.0,True
K,44,75,39,0.8,0.7907,0.8092,False
K,44,75,39,0.9,0.8858,30.7168,False
K,44,75,39,0.95,1.0,100.0,True
K,44,100,0,0.8,0.8256,0.9843,False
K,44,100,0,0.9,0.9119,42.3534,False
K,44,100,0,0.95,1.0,100.0,True
K,44,100,1,0.8,0.834,1.0926,False
K,44,100,1,0.9,1.0,100.0,True
K,44,100,1,0.95,1.0,100.0,True
K,44,100,2,0.8,0.8256,0.9843,False
K,44,100,2,0.9,0.9184,46.5266,False
K,44,100,2,0.95,1.0,100.0,True
K,44,100,3,0.8,0.8256,0.9843,False
K,44,100,3,0.9,1.0,100.0,True
K,44,100,3,0.95,1.0,100.0,True
K,44,100,4,0.8,0.7697,0.7112,False
K,44,100,4,0.9,0.9119,42.3534,False
K,44,100,4,0.95,1.0,100.0,True
K,44,100,5,0.8,0.8424,4.1996,False
K,44,100,5,0.9,0.9119,42.3534,False
K,44,100,5,0.95,1.0,100.0,True
K,44,100,6,0.8,0.8256,0.9843,False
K,44,100,6,0.9,0.9301,57.1031,True
K,44,100,6,0.95,1.0,100.0,True
K,44,100,7,0.8,0.7207,0.5688,False
K,44,100,7,0.9,0.9119,42.3534,False
K,44,100,7,0.95,1.0,100.0,True
K,44,100,8,0.8,0.834,1.0926,False
K,44,100,8,0.9,1.0,100.0,True
K,44,100,8,0.95,1.0,100.0,True
K,44,100,9,0.8,0.8256,0.9843,False
K,44,100,9,0.9,0.9184,46.5266,False
K,44,100,9,0.95,1.0,100.0,True
K,44,100,10,0.8,0.8256,0.9843,False
K,44,100,10,0.9,0.9119,42.3534,False
K,44,100,10,0.95,1.0,100.0,True
K,44,100,11,0.8,0.7697,0.7112,False
K,44,100,11,0.9,0.841,1.4752,False
K,44,100,11,0.95,1.0,100.0,True
K,44,100,12,0.8,0.7697,0.7112,False
K,44,100,12,0.9,0.8858,30.7168,False
K,44,100,12,0.95,0.9301,57.1031,True
K,44,100,13,0.8,0.8256,0.9843,False
K,44,100,13,0.9,0.9119,42.3534,False
K,44,100,13,0.95,1.0,100.0,True
K,44,100,14,0.8,0.8289,1.0262,False
K,44,100,14,0.9,1.0,100.0,True
K,44,100,14,0.95,1.0,100.0,True
K,44,100,15,0.8,0.8256,0.9843,False
K,44,100,15,0.9,0.8858,30.7168,False
K,44,100,15,0.95,0.9301,57.1031,True
K,44,100,16,0.8,0.8256,0.9843,False
K,44,100,16,0.9,0.9119,42.3534,False
K,44,100,16,0.95,1.0,100.0,True
K,44,100,17,0.8,0.7445,0.6133,False
K,44,100,17,0.9,0.8858,30.7168,False
K,44,100,17,0.95,1.0,100.0,True
K,44,100,18,0.8,0.7445,0.6133,False
K,44,100,18,0.9,0.834,1.0926,False
K,44,100,18,0.95,1.0,100.0,True
K,44,100,19,0.8,0.8256,0.9843,False
K,44,100,19,0.9,0.8858,30.7168,False
K,44,100,19,0.95,1.0,100.0,True
K,44,100,20,0.8,0.8256,0.9843,False
K,44,100,20,0.9,1.0,100.0,True
K,44,100,20,0.95,1.0,100.0,True
K,44,100,21,0.8,0.8256,0.9843,False
K,44,100,21,0.9,0.9184,46.5266,False
K,44,100,21,0.95,1.0,100.0,True
K,44,100,22,0.8,0.8256,0.9843,False
K,44,100,22,0.9,0.9119,42.3534,False
K,44,100,22,0.95,1.0,100.0,True
K,44,100,23,0.8,0.8256,0.9843,False
K,44,100,23,0.9,0.9301,57.1031,True
K,44,100,23,0.95,1.0,100.0,True
K,44,100,24,0.8,0.7907,0.8092,False
K,44,100,24,0.9,0.8858,30.7168,False
K,44,100,24,0.95,1.0,100.0,True
K,44,100,25,0.8,0.7697,0.7112,False
K,44,100,25,0.9,0.8256,0.9843,False
K,44,100,25,0.95,1.0,100.0,True
K,44,100,26,0.8,0.7207,0.5688,False
K,44,100,26,0.9,0.8858,30.7168,False
K,44,100,26,0.95,0.9301,57.1031,True
K,44,100,27,0.8,0.8289,1.0262,False
K,44,100,27,0.9,1.0,100.0,True
K,44,100,27,0.95,1.0,100.0,True
K,44,100,28,0.8,0.7697,0.7112,False
K,44,100,28,0.9,0.834,1.0926,False
K,44,100,28,0.95,1.0,100.0,True
K,44,100,29,0.8,0.7445,0.6133,False
K,44,100,29,0.9,0.8559,16.7991,False
K,44,100,29,0.95,0.9301,57.4641,True
K,44,100,30,0.8,0.8256,0.9843,False
K,44,100,30,0.9,1.0,100.0,True
K,44,100,30,0.95,1.0,100.0,True
K,44,100,31,0.8,0.8256,0.9843,False
K,44,100,31,0.9,0.9119,42.3534,False
K,44,100,31,0.95,1.0,100.0,True
K,44,100,32,0.8,0.7907,0.8092,False
K,44,100,32,0.9,0.8559,16.7991,False
K,44,100,32,0.95,1.0,100.0,True
K,44,100,33,0.8,0.6965,0.517,False
K,44,100,33,0.9,0.8858,30.7168,False
K,44,100,33,0.95,1.0,100.0,True
K,44,100,34,0.8,0.8256,0.9843,False
K,44,100,34,0.9,0.9301,57.1031,True
K,44,100,34,0.95,1.0,100.0,True
K,44,100,35,0.8,0.7907,0.8092,False
K,44,100,35,0.9,0.9184,46.5266,False
K,44,100,35,0.95,1.0,100.0,True
K,44,100,36,0.8,0.7907,0.8092,False
K,44,100,36,0.9,1.0,100.0,True
K,44,100,36,0.95,1.0,100.0,True
K,44,100,37,0.8,0.8256,0.9843,False
K,44,100,37,0.9,1.0,100.0,True
K,44,100,37,0.95,1.0,100.0,True
K,44,100,38,0.8,0.7697,0.7112,False
K,44,100,38,0.9,0.8424,4.1996,False
K,44,100,38,0.95,1.0,100.0,True
K,44,100,39,0.8,0.7697,0.7112,False
K,44,100,39,0.9,0.834,1.0926,False
K,44,100,39,0.95,0.9212,48.7329,False
K,44,150,0,0.8,0.8256,0.9843,False
K,44,150,0,0.9,0.9184,46.5266,False
K,44,150,0,0.95,1.0,100.0,True
K,44,150,1,0.8,0.8256,0.9843,False
K,44,150,1,0.9,0.9119,42.3534,False
K,44,150,1,0.95,1.0,100.0,True
K,44,150,2,0.8,0.7697,0.7112,False
K,44,150,2,0.9,0.8858,30.7168,False
K,44,150,2,0.95,0.9301,57.1031,True
K,44,150,3,0.8,0.834,1.0926,False
K,44,150,3,0.9,0.9184,46.5266,False
K,44,150,3,0.95,1.0,100.0,True
K,44,150,4,0.8,0.7445,0.6133,False
K,44,150,4,0.9,0.8559,16.7991,False
K,44,150,4,0.95,0.9301,57.8769,True
K,44,150,5,0.8,0.7907,0.8092,False
K,44,150,5,0.9,0.9119,42.3534,False
K,44,150,5,0.95,1.0,100.0,True
K,44,150,6,0.8,0.7697,0.7112,False
K,44,150,6,0.9,0.8559,16.7991,False
K,44,150,6,0.95,1.0,100.0,True
K,44,150,7,0.8,0.7445,0.6133,False
K,44,150,7,0.9,0.8858,30.7168,False
K,44,150,7,0.95,1.0,100.0,True
K,44,150,8,0.8,0.8256,0.9843,False
K,44,150,8,0.9,0.9212,48.7329,False
K,44,150,8,0.95,1.0,100.0,True
K,44,150,9,0.8,0.7207,0.5688,False
K,44,150,9,0.9,0.8289,1.0262,False
K,44,150,9,0.95,1.0,100.0,True
K,44,150,10,0.8,0.7697,0.7112,False
K,44,150,10,0.9,0.9119,42.3534,False
K,44,150,10,0.95,1.0,100.0,True
K,44,150,11,0.8,0.7702,0.7119,False
K,44,150,11,0.9,0.9119,42.3534,False
K,44,150,11,0.95,1.0,100.0,True
K,44,150,12,0.8,0.7907,0.8092,False
K,44,150,12,0.9,0.9119,42.3534,False
K,44,150,12,0.95,1.0,100.0,True
K,44,150,13,0.8,0.8256,0.9843,False
K,44,150,13,0.9,0.8858,30.7168,False
K,44,150,13,0.95,1.0,100.0,True
K,44,150,14,0.8,0.8256,0.9843,False
K,44,150,14,0.9,0.8858,30.7168,False
K,44,150,14,0.95,1.0,100.0,True
K,44,150,15,0.8,0.8256,0.9843,False
K,44,150,15,0.9,0.9119,42.3534,False
K,44,150,15,0.95,1.0,100.0,True
K,44,150,16,0.8,0.8256,0.9843,False
K,44,150,16,0.9,0.9184,46.5266,False
K,44,150,16,0.95,1.0,100.0,True
K,44,150,17,0.8,0.7907,0.8092,False
K,44,150,17,0.9,0.9119,42.3534,False
K,44,150,17,0.95,1.0,100.0,True
K,44,150,18,0.8,0.7907,0.8092,False
K,44,150,18,0.9,0.8858,30.7168,False
K,44,150,18,0.95,1.0,100.0,True
K,44,150,19,0.8,0.7445,0.6133,False
K,44,150,19,0.9,0.834,1.0926,False
K,44,150,19,0.95,1.0,100.0,True
K,44,150,20,0.8,0.7702,0.7119,False
K,44,150,20,0.9,0.9119,42.3534,False
K,44,150,20,0.95,1.0,100.0,True
K,44,150,21,0.8,0.8256,0.9843,False
K,44,150,21,0.9,0.8876,31.7616,False
K,44,150,21,0.95,0.9301,57.1031,True
K,44,150,22,0.8,0.8256,0.9843,False
K,44,150,22,0.9,0.9119,42.3534,False
K,44,150,22,0.95,1.0,100.0,True
K,44,150,23,0.8,0.7907,0.8092,False
K,44,150,23,0.9,0.8858,30.7168,False
K,44,150,23,0.95,1.0,100.0,True
K,44,150,24,0.8,0.7907,0.8092,False
K,44,150,24,0.9,0.8872,31.6469,False
K,44,150,24,0.95,1.0,100.0,True
K,44,150,25,0.8,0.8256,0.9843,False
K,44,150,25,0.9,0.8858,30.7168,False
K,44,150,25,0.95,0.9301,57.1031,True
K,44,150,26,0.8,0.7697,0.7112,False
K,44,150,26,0.9,0.8858,30.7168,False
K,44,150,26,0.95,0.9301,57.1031,True
K,44,150,27,0.8,0.7907,0.8092,False
K,44,150,27,0.9,0.9119,42.3534,False
K,44,150,27,0.95,1.0,100.0,True
K,44,150,28,0.8,0.8256,0.9843,False
K,44,150,28,0.9,0.9184,46.5266,False
K,44,150,28,0.95,1.0,100.0,True
K,44,150,29,0.8,0.7697,0.7112,False
K,44,150,29,0.9,1.0,100.0,True
K,44,150,29,0.95,1.0,100.0,True
K,44,150,30,0.8,0.7697,0.7112,False
K,44,150,30,0.9,0.8424,4.1996,False
K,44,150,30,0.95,1.0,100.0,True
K,44,150,31,0.8,0.7697,0.7112,False
K,44,150,31,0.9,0.8858,30.7168,False
K,44,150,31,0.95,0.9184,46.5266,False
K,44,150,32,0.8,0.8289,1.0262,False
K,44,150,32,0.9,1.0,100.0,True
K,44,150,32,0.95,1.0,100.0,True
K,44,150,33,0.8,0.7207,0.5688,False
K,44,150,33,0.9,0.8289,1.0262,False
K,44,150,33,0.95,0.9119,42.3534,False
K,44,150,34,0.8,0.7907,0.8092,False
K,44,150,34,0.9,0.8858,30.7168,False
K,44,150,34,0.95,1.0,100.0,True
K,44,150,35,0.8,0.8256,0.9843,False
K,44,150,35,0.9,1.0,100.0,True
K,44,150,35,0.95,1.0,100.0,True
K,44,150,36,0.8,0.8256,0.9843,False
K,44,150,36,0.9,0.9301,57.4641,True
K,44,150,36,0.95,1.0,100.0,True
K,44,150,37,0.8,0.8256,0.9843,False
K,44,150,37,0.9,0.8858,30.7168,False
K,44,150,37,0.95,1.0,100.0,True
K,44,150,38,0.8,0.7907,0.8092,False
K,44,150,38,0.9,0.8872,31.6469,False
K,44,150,38,0.95,1.0,100.0,True
K,44,150,39,0.8,0.7697,0.7112,False
K,44,150,39,0.9,0.8858,30.7168,False
K,44,150,39,0.95,1.0,100.0,True
K,44,250,0,0.8,0.7697,0.7112,False
K,44,250,0,0.9,0.8858,30.7168,False
K,44,250,0,0.95,1.0,100.0,True
K,44,250,1,0.8,0.7907,0.8092,False
K,44,250,1,0.9,0.841,1.4752,False
K,44,250,1,0.95,0.9301,57.1031,True
K,44,250,2,0.8,0.7697,0.7112,False
K,44,250,2,0.9,0.8858,30.7168,False
K,44,250,2,0.95,1.0,100.0,True
K,44,250,3,0.8,0.7907,0.8092,False
K,44,250,3,0.9,0.8858,30.7168,False
K,44,250,3,0.95,1.0,100.0,True
K,44,250,4,0.8,0.7907,0.8092,False
K,44,250,4,0.9,0.9119,42.3534,False
K,44,250,4,0.95,1.0,100.0,True
K,44,250,5,0.8,0.7907,0.8092,False
K,44,250,5,0.9,0.9119,42.3534,False
K,44,250,5,0.95,1.0,100.0,True
K,44,250,6,0.8,0.7697,0.7112,False
K,44,250,6,0.9,0.9119,42.3534,False
K,44,250,6,0.95,1.0,100.0,True
K,44,250,7,0.8,0.7697,0.7112,False
K,44,250,7,0.9,0.834,1.0926,False
K,44,250,7,0.95,1.0,100.0,True
K,44,250,8,0.8,0.7697,0.7112,False
K,44,250,8,0.9,0.8858,30.7168,False
K,44,250,8,0.95,1.0,100.0,True
K,44,250,9,0.8,0.7907,0.8092,False
K,44,250,9,0.9,0.9119,42.3534,False
K,44,250,9,0.95,1.0,100.0,True
K,44,250,10,0.8,0.7907,0.8092,False
K,44,250,10,0.9,0.9119,42.3534,False
K,44,250,10,0.95,1.0,100.0,True
K,44,250,11,0.8,0.8256,0.9843,False
K,44,250,11,0.9,0.9184,46.5266,False
K,44,250,11,0.95,1.0,100.0,True
K,44,250,12,0.8,0.8256,0.9843,False
K,44,250,12,0.9,0.9119,42.3534,False
K,44,250,12,0.95,1.0,100.0,True
K,44,250,13,0.8,0.8256,0.9843,False
K,44,250,13,0.9,0.8858,30.7168,False
K,44,250,13,0.95,1.0,100.0,True
K,44,250,14,0.8,0.8256,0.9843,False
K,44,250,14,0.9,0.9119,42.3534,False
K,44,250,14,0.95,1.0,100.0,True
K,44,250,15,0.8,0.8256,0.9849,False
K,44,250,15,0.9,0.9184,46.5266,False
K,44,250,15,0.95,1.0,100.0,True
K,44,250,16,0.8,0.7697,0.7112,False
K,44,250,16,0.9,0.8858,30.7168,False
K,44,250,16,0.95,1.0,100.0,True
K,44,250,17,0.8,0.7907,0.8092,False
K,44,250,17,0.9,0.8858,30.7168,False
K,44,250,17,0.95,1.0,100.0,True
K,44,250,18,0.8,0.7697,0.7112,False
K,44,250,18,0.9,0.834,1.0926,False
K,44,250,18,0.95,0.9301,57.4641,True
K,44,250,19,0.8,0.8256,0.9843,False
K,44,250,19,0.9,0.9184,46.5266,False
K,44,250,19,0.95,1.0,100.0,True
K,44,250,20,0.8,0.7697,0.7112,False
K,44,250,20,0.9,0.8858,30.7168,False
K,44,250,20,0.95,1.0,100.0,True
K,44,250,21,0.8,0.7907,0.8092,False
K,44,250,21,0.9,0.8858,30.7168,False
K,44,250,21,0.95,1.0,100.0,True
K,44,250,22,0.8,0.8256,0.9843,False
K,44,250,22,0.9,0.9119,42.3534,False
K,44,250,22,0.95,1.0,100.0,True
K,44,250,23,0.8,0.8256,0.9843,False
K,44,250,23,0.9,0.9119,42.3534,False
K,44,250,23,0.95,1.0,100.0,True
K,44,250,24,0.8,0.7697,0.7112,False
K,44,250,24,0.9,0.8858,30.7168,False
K,44,250,24,0.95,1.0,100.0,True
K,44,250,25,0.8,0.7697,0.7112,False
K,44,250,25,0.9,0.8858,30.7168,False
K,44,250,25,0.95,1.0,100.0,True
K,44,250,26,0.8,0.7907,0.8092,False
K,44,250,26,0.9,0.9119,42.3534,False
K,44,250,26,0.95,1.0,100.0,True
K,44,250,27,0.8,0.7907,0.8092,False
K,44,250,27,0.9,0.9119,42.3534,False
K,44,250,27,0.95,1.0,100.0,True
K,44,250,28,0.8,0.8256,0.9843,False
K,44,250,28,0.9,0.9119,42.3534,False
K,44,250,28,0.95,1.0,100.0,True
K,44,250,29,0.8,0.7907,0.8092,False
K,44,250,29,0.9,0.8858,30.7168,False
K,44,250,29,0.95,1.0,100.0,True
K,44,250,30,0.8,0.7907,0.8092,False
K,44,250,30,0.9,0.9119,42.3534,False
K,44,250,30,0.95,1.0,100.0,True
K,44,250,31,0.8,0.7697,0.7112,False
K,44,250,31,0.9,0.8858,30.7168,False
K,44,250,31,0.95,1.0,100.0,True
K,44,250,32,0.8,0.7907,0.8092,False
K,44,250,32,0.9,0.9119,42.3534,False
K,44,250,32,0.95,1.0,100.0,True
K,44,250,33,0.8,0.8256,0.9843,False
K,44,250,33,0.9,0.9119,42.3534,False
K,44,250,33,0.95,1.0,100.0,True
K,44,250,34,0.8,0.7697,0.7112,False
K,44,250,34,0.9,0.8559,16.7991,False
K,44,250,34,0.95,1.0,100.0,True
K,44,250,35,0.8,0.8256,0.9843,False
K,44,250,35,0.9,0.9184,46.5266,False
K,44,250,35,0.95,1.0,100.0,True
K,44,250,36,0.8,0.7697,0.7112,False
K,44,250,36,0.9,0.8858,30.7168,False
K,44,250,36,0.95,1.0,100.0,True
K,44,250,37,0.8,0.7907,0.8092,False
K,44,250,37,0.9,0.9119,42.3534,False
K,44,250,37,0.95,1.0,100.0,True
K,44,250,38,0.8,0.7907,0.8092,False
K,44,250,38,0.9,0.9119,42.3534,False
K,44,250,38,0.95,1.0,100.0,True
K,44,250,39,0.8,0.7907,0.8092,False
K,44,250,39,0.9,0.8858,30.7168,False
K,44,250,39,0.95,1.0,100.0,True
K,44,500,0,0.8,0.7907,0.8092,False
K,44,500,0,0.9,0.8876,31.7616,False
K,44,500,0,0.95,1.0,100.0,True
K,44,500,1,0.8,0.7697,0.7112,False
K,44,500,1,0.9,0.8858,30.7168,False
K,44,500,1,0.95,1.0,100.0,True
K,44,500,2,0.8,0.8256,0.9843,False
K,44,500,2,0.9,0.9119,42.3534,False
K,44,500,2,0.95,1.0,100.0,True
K,44,500,3,0.8,0.7697,0.7112,False
K,44,500,3,0.9,0.8858,30.7168,False
K,44,500,3,0.95,0.9301,57.4641,True
K,44,500,4,0.8,0.7697,0.7112,False
K,44,500,4,0.9,0.8858,30.7168,False
K,44,500,4,0.95,1.0,100.0,True
K,44,500,5,0.8,0.8256,0.9843,False
K,44,500,5,0.9,0.9119,42.3534,False
K,44,500,5,0.95,1.0,100.0,True
K,44,500,6,0.8,0.7907,0.8092,False
K,44,500,6,0.9,0.9119,42.3534,False
K,44,500,6,0.95,1.0,100.0,True
K,44,500,7,0.8,0.7907,0.8096,False
K,44,500,7,0.9,0.9119,42.3534,False
K,44,500,7,0.95,1.0,100.0,True
K,44,500,8,0.8,0.7697,0.7112,False
K,44,500,8,0.9,0.8858,30.7168,False
K,44,500,8,0.95,1.0,100.0,True
K,44,500,9,0.8,0.7697,0.7112,False
K,44,500,9,0.9,0.8858,30.7168,False
K,44,500,9,0.95,1.0,100.0,True
K,44,500,10,0.8,0.7907,0.8092,False
K,44,500,10,0.9,0.8858,30.7168,False
K,44,500,10,0.95,1.0,100.0,True
K,44,500,11,0.8,0.7907,0.8092,False
K,44,500,11,0.9,0.9119,42.3534,False
K,44,500,11,0.95,1.0,100.0,True
K,44,500,12,0.8,0.8256,0.9843,False
K,44,500,12,0.9,0.9119,42.3534,False
K,44,500,12,0.95,1.0,100.0,True
K,44,500,13,0.8,0.7697,0.7112,False
K,44,500,13,0.9,0.8858,30.7168,False
K,44,500,13,0.95,1.0,100.0,True
K,44,500,14,0.8,0.7907,0.8092,False
K,44,500,14,0.9,0.8876,31.7616,False
K,44,500,14,0.95,1.0,100.0,True
K,44,500,15,0.8,0.7907,0.8092,False
K,44,500,15,0.9,0.8858,30.7168,False
K,44,500,15,0.95,1.0,100.0,True
K,44,500,16,0.8,0.7907,0.8092,False
K,44,500,16,0.9,0.9119,42.3534,False
K,44,500,16,0.95,1.0,100.0,True
K,44,500,17,0.8,0.7702,0.7119,False
K,44,500,17,0.9,0.8858,30.7168,False
K,44,500,17,0.95,1.0,100.0,True
K,44,500,18,0.8,0.7697,0.7112,False
K,44,500,18,0.9,0.8858,30.7168,False
K,44,500,18,0.95,1.0,100.0,True
K,44,500,19,0.8,0.7697,0.7112,False
K,44,500,19,0.9,0.9119,42.3534,False
K,44,500,19,0.95,1.0,100.0,True
K,44,500,20,0.8,0.7697,0.7112,False
K,44,500,20,0.9,0.8858,30.7168,False
K,44,500,20,0.95,1.0,100.0,True
K,44,500,21,0.8,0.8256,0.9843,False
K,44,500,21,0.9,0.9119,42.3534,False
K,44,500,21,0.95,1.0,100.0,True
K,44,500,22,0.8,0.7697,0.7112,False
K,44,500,22,0.9,0.8858,30.7168,False
K,44,500,22,0.95,1.0,100.0,True
K,44,500,23,0.8,0.7702,0.7119,False
K,44,500,23,0.9,0.8858,30.7168,False
K,44,500,23,0.95,1.0,100.0,True
K,44,500,24,0.8,0.7907,0.8092,False
K,44,500,24,0.9,0.8858,30.7168,False
K,44,500,24,0.95,1.0,100.0,True
K,44,500,25,0.8,0.8256,0.9843,False
K,44,500,25,0.9,0.8872,31.6469,False
K,44,500,25,0.95,1.0,100.0,True
K,44,500,26,0.8,0.8256,0.9843,False
K,44,500,26,0.9,0.9119,42.3534,False
K,44,500,26,0.95,1.0,100.0,True
K,44,500,27,0.8,0.7697,0.7112,False
K,44,500,27,0.9,0.8858,30.7168,False
K,44,500,27,0.95,1.0,100.0,True
K,44,500,28,0.8,0.7907,0.8096,False
K,44,500,28,0.9,0.8872,31.6469,False
K,44,500,28,0.95,1.0,100.0,True
K,44,500,29,0.8,0.7907,0.8092,False
K,44,500,29,0.9,0.8858,30.7168,False
K,44,500,29,0.95,1.0,100.0,True
K,44,500,30,0.8,0.7907,0.8096,False
K,44,500,30,0.9,0.9119,42.3534,False
K,44,500,30,0.95,1.0,100.0,True
K,44,500,31,0.8,0.7697,0.7112,False
K,44,500,31,0.9,0.8858,30.7168,False
K,44,500,31,0.95,1.0,100.0,True
K,44,500,32,0.8,0.7697,0.7112,False
K,44,500,32,0.9,0.8858,30.7168,False
K,44,500,32,0.95,1.0,100.0,True
K,44,500,33,0.8,0.7907,0.8092,False
K,44,500,33,0.9,0.8858,30.7168,False
K,44,500,33,0.95,1.0,100.0,True
K,44,500,34,0.8,0.7697,0.7112,False
K,44,500,34,0.9,0.8858,30.7168,False
K,44,500,34,0.95,1.0,100.0,True
K,44,500,35,0.8,0.7697,0.7112,False
K,44,500,35,0.9,0.8559,16.7991,False
K,44,500,35,0.95,0.9301,57.8769,True
K,44,500,36,0.8,0.7907,0.8092,False
K,44,500,36,0.9,0.9119,42.3534,False
K,44,500,36,0.95,1.0,100.0,True
K,44,500,37,0.8,0.7697,0.7112,False
K,44,500,37,0.9,0.8858,30.7168,False
K,44,500,37,0.95,1.0,100.0,True
K,44,500,38,0.8,0.7697,0.7112,False
K,44,500,38,0.9,0.8858,30.7168,False
K,44,500,38,0.95,1.0,100.0,True
K,44,500,39,0.8,0.7907,0.8092,False
K,44,500,39,0.9,0.9119,42.3534,False
K,44,500,39,0.95,1.0,100.0,True
K,44,1000,0,0.8,0.7907,0.8092,False
K,44,1000,0,0.9,0.8872,31.6469,False
K,44,1000,0,0.95,1.0,100.0,True
K,44,1000,1,0.8,0.7907,0.8092,False
K,44,1000,1,0.9,0.9119,42.3534,False
K,44,1000,1,0.95,1.0,100.0,True
K,44,1000,2,0.8,0.7697,0.7112,False
K,44,1000,2,0.9,0.8872,31.6469,False
K,44,1000,2,0.95,1.0,100.0,True
K,44,1000,3,0.8,0.7907,0.8092,False
K,44,1000,3,0.9,0.8858,30.7168,False
K,44,1000,3,0.95,1.0,100.0,True
K,44,1000,4,0.8,0.7697,0.7112,False
K,44,1000,4,0.9,0.8858,30.7168,False
K,44,1000,4,0.95,1.0,100.0,True
K,44,1000,5,0.8,0.7907,0.8092,False
K,44,1000,5,0.9,0.8872,31.6469,False
K,44,1000,5,0.95,1.0,100.0,True
K,44,1000,6,0.8,0.7907,0.8092,False
K,44,1000,6,0.9,0.8858,30.7168,False
K,44,1000,6,0.95,1.0,100.0,True
K,44,1000,7,0.8,0.7907,0.8092,False
K,44,1000,7,0.9,0.8858,30.7168,False
K,44,1000,7,0.95,1.0,100.0,True
K,44,1000,8,0.8,0.7697,0.7112,False
K,44,1000,8,0.9,0.8858,30.7168,False
K,44,1000,8,0.95,1.0,100.0,True
K,44,1000,9,0.8,0.7907,0.8092,False
K,44,1000,9,0.9,0.8858,30.7168,False
K,44,1000,9,0.95,1.0,100.0,True
K,44,1000,10,0.8,0.7697,0.7112,False
K,44,1000,10,0.9,0.8858,30.7168,False
K,44,1000,10,0.95,1.0,100.0,True
K,44,1000,11,0.8,0.7907,0.8092,False
K,44,1000,11,0.9,0.8858,30.7168,False
K,44,1000,11,0.95,1.0,100.0,True
K,44,1000,12,0.8,0.7697,0.7112,False
K,44,1000,12,0.9,0.8858,30.7168,False
K,44,1000,12,0.95,1.0,100.0,True
K,44,1000,13,0.8,0.7697,0.7112,False
K,44,1000,13,0.9,0.8858,30.7168,False
K,44,1000,13,0.95,1.0,100.0,True
K,44,1000,14,0.8,0.7907,0.8092,False
K,44,1000,14,0.9,0.9119,42.3534,False
K,44,1000,14,0.95,1.0,100.0,True
K,44,1000,15,0.8,0.7697,0.7112,False
K,44,1000,15,0.9,0.8858,30.7168,False
K,44,1000,15,0.95,1.0,100.0,True
K,44,1000,16,0.8,0.7697,0.7112,False
K,44,1000,16,0.9,0.8858,30.7168,False
K,44,1000,16,0.95,1.0,100.0,True
K,44,1000,17,0.8,0.7907,0.8092,False
K,44,1000,17,0.9,0.8858,30.7168,False
K,44,1000,17,0.95,1.0,100.0,True
K,44,1000,18,0.8,0.7907,0.8092,False
K,44,1000,18,0.9,0.8858,30.7168,False
K,44,1000,18,0.95,1.0,100.0,True
K,44,1000,19,0.8,0.7907,0.8092,False
K,44,1000,19,0.9,0.8872,31.6469,False
K,44,1000,19,0.95,1.0,100.0,True
K,44,1000,20,0.8,0.7697,0.7112,False
K,44,1000,20,0.9,0.8858,30.7168,False
K,44,1000,20,0.95,1.0,100.0,True
K,44,1000,21,0.8,0.7697,0.7112,False
K,44,1000,21,0.9,0.8858,30.7168,False
K,44,1000,21,0.95,1.0,100.0,True
K,44,1000,22,0.8,0.7907,0.8092,False
K,44,1000,22,0.9,0.8858,30.7168,False
K,44,1000,22,0.95,1.0,100.0,True
K,44,1000,23,0.8,0.7697,0.7112,False
K,44,1000,23,0.9,0.9119,42.3534,False
K,44,1000,23,0.95,1.0,100.0,True
K,44,1000,24,0.8,0.7697,0.7112,False
K,44,1000,24,0.9,0.8872,31.6469,False
K,44,1000,24,0.95,1.0,100.0,True
K,44,1000,25,0.8,0.7907,0.8092,False
K,44,1000,25,0.9,0.8858,30.7168,False
K,44,1000,25,0.95,1.0,100.0,True
K,44,1000,26,0.8,0.7907,0.8092,False
K,44,1000,26,0.9,0.9119,42.3534,False
K,44,1000,26,0.95,1.0,100.0,True
K,44,1000,27,0.8,0.7697,0.7112,False
K,44,1000,27,0.9,0.8858,30.7168,False
K,44,1000,27,0.95,1.0,100.0,True
K,44,1000,28,0.8,0.7697,0.7112,False
K,44,1000,28,0.9,0.9119,42.3534,False
K,44,1000,28,0.95,1.0,100.0,True
K,44,1000,29,0.8,0.7907,0.8092,False
K,44,1000,29,0.9,0.9119,42.3534,False
K,44,1000,29,0.95,1.0,100.0,True
K,44,1000,30,0.8,0.7697,0.7112,False
K,44,1000,30,0.9,0.8858,30.7168,False
K,44,1000,30,0.95,1.0,100.0,True
K,44,1000,31,0.8,0.7697,0.7112,False
K,44,1000,31,0.9,0.8858,30.7168,False
K,44,1000,31,0.95,1.0,100.0,True
K,44,1000,32,0.8,0.7907,0.8092,False
K,44,1000,32,0.9,0.8858,30.7168,False
K,44,1000,32,0.95,1.0,100.0,True
K,44,1000,33,0.8,0.7702,0.7119,False
K,44,1000,33,0.9,0.8858,30.7168,False
K,44,1000,33,0.95,1.0,100.0,True
K,44,1000,34,0.8,0.7907,0.8092,False
K,44,1000,34,0.9,0.8872,31.6469,False
K,44,1000,34,0.95,1.0,100.0,True
K,44,1000,35,0.8,0.7697,0.7112,False
K,44,1000,35,0.9,0.8876,31.7616,False
K,44,1000,35,0.95,1.0,100.0,True
K,44,1000,36,0.8,0.7697,0.7112,False
K,44,1000,36,0.9,0.8858,30.7168,False
K,44,1000,36,0.95,1.0,100.0,True
K,44,1000,37,0.8,0.7907,0.8092,False
K,44,1000,37,0.9,0.8872,31.6469,False
K,44,1000,37,0.95,1.0,100.0,True
K,44,1000,38,0.8,0.7907,0.8092,False
K,44,1000,38,0.9,0.8876,31.7616,False
K,44,1000,38,0.95,1.0,100.0,True
K,44,1000,39,0.8,0.7907,0.8092,False
K,44,1000,39,0.9,0.9119,42.3534,False
K,44,1000,39,0.95,1.0,100.0,True
K,44,1252,0,0.8,0.7907,0.8092,False
K,44,1252,0,0.9,0.8858,30.7168,False
K,44,1252,0,0.95,1.0,100.0,True
K,45,10,0,0.8,0.9166,34.8358,False
K,45,10,0,0.9,0.9166,34.8358,False
K,45,10,0,0.95,0.9166,34.8358,False
K,45,10,1,0.8,0.9725,73.6995,True
K,45,10,1,0.9,0.9725,73.6995,True
K,45,10,1,0.95,0.9725,73.6995,True
K,45,10,2,0.8,1.0,100.0,True
K,45,10,2,0.9,1.0,100.0,True
K,45,10,2,0.95,1.0,100.0,True
K,45,10,3,0.8,0.973,74.1371,True
K,45,10,3,0.9,0.973,74.1371,True
K,45,10,3,0.95,0.973,74.1371,True
K,45,10,4,0.8,0.9725,73.6995,True
K,45,10,4,0.9,0.9725,73.6995,True
K,45,10,4,0.95,0.9725,73.6995,True
K,45,10,5,0.8,0.9725,73.6995,True
K,45,10,5,0.9,0.9725,73.6995,True
K,45,10,5,0.95,0.9725,73.6995,True
K,45,10,6,0.8,0.8326,1.0905,False
K,45,10,6,0.9,0.8326,1.0905,False
K,45,10,6,0.95,0.8326,1.0905,False
K,45,10,7,0.8,0.9725,73.6995,True
K,45,10,7,0.9,0.9725,73.6995,True
K,45,10,7,0.95,0.9725,73.6995,True
K,45,10,8,0.8,0.9725,73.6995,True
K,45,10,8,0.9,0.9725,73.6995,True
K,45,10,8,0.95,0.9725,73.6995,True
K,45,10,9,0.8,0.904,25.0002,False
K,45,10,9,0.9,0.904,25.0002,False
K,45,10,9,0.95,0.904,25.0002,False
K,45,10,10,0.8,0.904,25.0002,False
K,45,10,10,0.9,0.904,25.0002,False
K,45,10,10,0.95,0.904,25.0002,False
K,45,10,11,0.8,1.0,100.0,True
K,45,10,11,0.9,1.0,100.0,True
K,45,10,11,0.95,1.0,100.0,True
K,45,10,12,0.8,0.904,25.0002,False
K,45,10,12,0.9,0.904,25.0002,False
K,45,10,12,0.95,0.904,25.0002,False
K,45,10,13,0.8,1.0,100.0,True
K,45,10,13,0.9,1.0,100.0,True
K,45,10,13,0.95,1.0,100.0,True
K,45,10,14,0.8,0.8326,1.0905,False
K,45,10,14,0.9,0.8326,1.0905,False
K,45,10,14,0.95,0.8326,1.0905,False
K,45,10,15,0.8,0.9725,73.6995,True
K,45,10,15,0.9,0.9725,73.6995,True
K,45,10,15,0.95,0.9725,73.6995,True
K,45,10,16,0.8,0.904,25.0002,False
K,45,10,16,0.9,0.904,25.0002,False
K,45,10,16,0.95,0.904,25.0002,False
K,45,10,17,0.8,0.9725,73.6995,True
K,45,10,17,0.9,0.9725,73.6995,True
K,45,10,17,0.95,0.9725,73.6995,True
K,45,10,18,0.8,0.904,25.0002,False
K,45,10,18,0.9,0.904,25.0002,False
K,45,10,18,0.95,0.904,25.0002,False
K,45,10,19,0.8,0.8005,0.8772,False
K,45,10,19,0.9,0.8005,0.8772,False
K,45,10,19,0.95,0.8005,0.8772,False
K,45,10,20,0.8,0.9725,73.6995,True
K,45,10,20,0.9,0.9725,73.6995,True
K,45,10,20,0.95,0.9725,73.6995,True
K,45,10,21,0.8,0.5483,0.3853,False
K,45,10,21,0.9,0.5483,0.3853,False
K,45,10,21,0.95,0.5483,0.3853,False
K,45,10,22,0.8,1.0,100.0,True
K,45,10,22,0.9,1.0,100.0,True
K,45,10,22,0.95,1.0,100.0,True
K,45,10,23,0.8,0.973,73.8692,True
K,45,10,23,0.9,0.973,73.8692,True
K,45,10,23,0.95,0.973,73.8692,True
K,45,10,24,0.8,0.9166,34.8358,False
K,45,10,24,0.9,0.9166,34.8358,False
K,45,10,24,0.95,0.9166,34.8358,False
K,45,10,25,0.8,0.904,25.0002,False
K,45,10,25,0.9,0.904,25.0002,False
K,45,10,25,0.95,0.904,25.0002,False
K,45,10,26,0.8,1.0,100.0,True
K,45,10,26,0.9,1.0,100.0,True
K,45,10,26,0.95,1.0,100.0,True
K,45,10,27,0.8,0.9725,73.6995,True
K,45,10,27,0.9,0.9725,73.6995,True
K,45,10,27,0.95,0.9725,73.6995,True
K,45,10,28,0.8,0.8266,1.0243,False
K,45,10,28,0.9,0.8266,1.0243,False
K,45,10,28,0.95,0.8266,1.0243,False
K,45,10,29,0.8,0.904,25.0002,False
K,45,10,29,0.9,0.904,25.0002,False
K,45,10,29,0.95,0.904,25.0002,False
K,45,10,30,0.8,0.9166,34.8358,False
K,45,10,30,0.9,0.9166,34.8358,False
K,45,10,30,0.95,0.9166,34.8358,False
K,45,10,31,0.8,0.9725,73.6995,True
K,45,10,31,0.9,0.9725,73.6995,True
K,45,10,31,0.95,0.9725,73.6995,True
K,45,10,32,0.8,0.904,25.0002,False
K,45,10,32,0.9,0.904,25.0002,False
K,45,10,32,0.95,0.904,25.0002,False
K,45,10,33,0.8,1.0,100.0,True
K,45,10,33,0.9,1.0,100.0,True
K,45,10,33,0.95,1.0,100.0,True
K,45,10,34,0.8,0.9166,34.8358,False
K,45,10,34,0.9,0.9166,34.8358,False
K,45,10,34,0.95,0.9166,34.8358,False
K,45,10,35,0.8,0.8317,1.0781,False
K,45,10,35,0.9,0.8317,1.0781,False
K,45,10,35,0.95,0.8317,1.0781,False
K,45,10,36,0.8,0.9725,73.6995,True
K,45,10,36,0.9,0.9725,73.6995,True
K,45,10,36,0.95,0.9725,73.6995,True
K,45,10,37,0.8,0.9725,73.6995,True
K,45,10,37,0.9,0.9725,73.6995,True
K,45,10,37,0.95,0.9725,73.6995,True
K,45,10,38,0.8,0.9725,73.6995,True
K,45,10,38,0.9,0.9725,73.6995,True
K,45,10,38,0.95,0.9725,73.6995,True
K,45,10,39,0.8,0.904,25.0002,False
K,45,10,39,0.9,0.904,25.0002,False
K,45,10,39,0.95,0.904,25.0002,False
K,45,15,0,0.8,0.7902,0.8071,False
K,45,15,0,0.9,0.9166,34.8358,False
K,45,15,0,0.95,0.9166,34.8358,False
K,45,15,1,0.8,0.904,25.0002,False
K,45,15,1,0.9,0.904,25.0002,False
K,45,15,1,0.95,0.904,25.0002,False
K,45,15,2,0.8,0.7394,0.6404,False
K,45,15,2,0.9,0.9725,73.6995,True
K,45,15,2,0.95,0.9725,73.6995,True
K,45,15,3,0.8,0.9725,73.6995,True
K,45,15,3,0.9,1.0,100.0,True
K,45,15,3,0.95,1.0,100.0,True
K,45,15,4,0.8,0.9725,73.6995,True
K,45,15,4,0.9,0.9725,73.6995,True
K,45,15,4,0.95,0.9725,73.6995,True
K,45,15,5,0.8,0.9725,73.6995,True
K,45,15,5,0.9,1.0,100.0,True
K,45,15,5,0.95,1.0,100.0,True
K,45,15,6,0.8,0.9725,73.6995,True
K,45,15,6,0.9,0.9725,73.6995,True
K,45,15,6,0.95,0.9725,73.6995,True
K,45,15,7,0.8,0.904,25.0002,False
K,45,15,7,0.9,0.904,25.0002,False
K,45,15,7,0.95,0.904,25.0002,False
K,45,15,8,0.8,0.904,25.0002,False
K,45,15,8,0.9,1.0,100.0,True
K,45,15,8,0.95,1.0,100.0,True
K,45,15,9,0.8,0.904,25.0002,False
K,45,15,9,0.9,0.9725,73.6995,True
K,45,15,9,0.95,0.9725,73.6995,True
K,45,15,10,0.8,0.7902,0.8071,False
K,45,15,10,0.9,1.0,100.0,True
K,45,15,10,0.95,1.0,100.0,True
K,45,15,11,0.8,0.8317,1.0781,False
K,45,15,11,0.9,1.0,100.0,True
K,45,15,11,0.95,1.0,100.0,True
K,45,15,12,0.8,0.8317,1.0781,False
K,45,15,12,0.9,0.904,25.0002,False
K,45,15,12,0.95,0.904,25.0002,False
K,45,15,13,0.8,0.904,25.0002,False
K,45,15,13,0.9,0.9166,34.8358,False
K,45,15,13,0.95,0.9166,34.8358,False
K,45,15,14,0.8,0.9725,73.6995,True
K,45,15,14,0.9,1.0,100.0,True
K,45,15,14,0.95,1.0,100.0,True
K,45,15,15,0.8,0.9725,73.6995,True
K,45,15,15,0.9,1.0,100.0,True
K,45,15,15,0.95,1.0,100.0,True
K,45,15,16,0.8,0.8326,1.0905,False
K,45,15,16,0.9,0.904,25.0002,False
K,45,15,16,0.95,0.904,25.0002,False
K,45,15,17,0.8,0.904,25.0002,False
K,45,15,17,0.9,0.9725,73.6995,True
K,45,15,17,0.95,0.9725,73.6995,True
K,45,15,18,0.8,0.904,25.0002,False
K,45,15,18,0.9,0.9166,34.8358,False
K,45,15,18,0.95,0.9166,34.8358,False
K,45,15,19,0.8,0.9725,73.6995,True
K,45,15,19,0.9,0.9725,73.6995,True
K,45,15,19,0.95,0.9725,73.6995,True
K,45,15,20,0.8,0.7902,0.8071,False
K,45,15,20,0.9,0.9725,73.6995,True
K,45,15,20,0.95,0.9725,73.6995,True
K,45,15,21,0.8,0.8326,1.0905,False
K,45,15,21,0.9,0.904,25.0002,False
K,45,15,21,0.95,0.904,25.0002,False
K,45,15,22,0.8,0.7394,0.6404,False
K,45,15,22,0.9,0.904,25.0002,False
K,45,15,22,0.95,0.904,25.0002,False
K,45,15,23,0.8,0.904,25.0002,False
K,45,15,23,0.9,0.9166,34.8358,False
K,45,15,23,0.95,0.9166,34.8358,False
K,45,15,24,0.8,0.9725,73.6995,True
K,45,15,24,0.9,1.0,100.0,True
K,45,15,24,0.95,1.0,100.0,True
K,45,15,25,0.8,0.7483,0.6577,False
K,45,15,25,0.9,0.904,25.0002,False
K,45,15,25,0.95,0.904,25.0002,False
K,45,15,26,0.8,0.6732,0.5591,False
K,45,15,26,0.9,0.8037,0.8954,False
K,45,15,26,0.95,0.8037,0.8954,False
K,45,15,27,0.8,0.9725,73.6995,True
K,45,15,27,0.9,1.0,100.0,True
K,45,15,27,0.95,1.0,100.0,True
K,45,15,28,0.8,0.8266,1.0243,False
K,45,15,28,0.9,0.9725,73.6995,True
K,45,15,28,0.95,0.9725,73.6995,True
K,45,15,29,0.8,1.0,100.0,True
K,45,15,29,0.9,1.0,100.0,True
K,45,15,29,0.95,1.0,100.0,True
K,45,15,30,0.8,0.5967,0.4389,False
K,45,15,30,0.9,0.5967,0.4389,False
K,45,15,30,0.95,0.5967,0.4389,False
K,45,15,31,0.8,0.8266,1.0243,False
K,45,15,31,0.9,0.9725,73.6995,True
K,45,15,31,0.95,0.9725,73.6995,True
K,45,15,32,0.8,0.8266,1.0243,False
K,45,15,32,0.9,0.904,25.0002,False
K,45,15,32,0.95,0.904,25.0002,False
K,45,15,33,0.8,0.9166,34.8358,False
K,45,15,33,0.9,1.0,100.0,True
K,45,15,33,0.95,1.0,100.0,True
K,45,15,34,0.8,0.6732,0.5591,False
K,45,15,34,0.9,0.7394,0.6404,False
K,45,15,34,0.95,0.7394,0.6404,False
K,45,15,35,0.8,0.9725,73.6995,True
K,45,15,35,0.9,0.9725,73.6995,True
K,45,15,35,0.95,0.9725,73.6995,True
K,45,15,36,0.8,0.7902,0.8071,False
K,45,15,36,0.9,0.8005,0.8772,False
K,45,15,36,0.95,0.8005,0.8772,False
K,45,15,37,0.8,0.5483,0.3853,False
K,45,15,37,0.9,0.5483,0.3853,False
K,45,15,37,0.95,0.5483,0.3853,False
K,45,15,38,0.8,0.9166,34.8358,False
K,45,15,38,0.9,0.9725,73.6995,True
K,45,15,38,0.95,0.9725,73.6995,True
K,45,15,39,0.8,1.0,100.0,True
K,45,15,39,0.9,1.0,100.0,True
K,45,15,39,0.95,1.0,100.0,True
K,45,20,0,0.8,0.9725,73.6995,True
K,45,20,0,0.9,1.0,100.0,True
K,45,20,0,0.95,1.0,100.0,True
K,45,20,1,0.8,0.904,25.0002,False
K,45,20,1,0.9,1.0,100.0,True
K,45,20,1,0.95,1.0,100.0,True
K,45,20,2,0.8,0.9725,73.6995,True
K,45,20,2,0.9,1.0,100.0,True
K,45,20,2,0.95,1.0,100.0,True
K,45,20,3,0.8,0.8266,1.0243,False
K,45,20,3,0.9,0.904,25.0002,False
K,45,20,3,0.95,0.904,25.0002,False
K,45,20,4,0.8,1.0,100.0,True
K,45,20,4,0.9,1.0,100.0,True
K,45,20,4,0.95,1.0,100.0,True
K,45,20,5,0.8,0.904,25.0002,False
K,45,20,5,0.9,0.9166,34.8358,False
K,45,20,5,0.95,0.9166,34.8358,False
K,45,20,6,0.8,0.904,25.0002,False
K,45,20,6,0.9,1.0,100.0,True
K,45,20,6,0.95,1.0,100.0,True
K,45,20,7,0.8,0.7902,0.8071,False
K,45,20,7,0.9,0.9166,34.8358,False
K,45,20,7,0.95,0.9166,34.8358,False
K,45,20,8,0.8,0.973,73.8692,True
K,45,20,8,0.9,1.0,100.0,True
K,45,20,8,0.95,1.0,100.0,True
K,45,20,9,0.8,0.904,25.0002,False
K,45,20,9,0.9,0.9725,73.6995,True
K,45,20,9,0.95,0.9725,73.6995,True
K,45,20,10,0.8,0.8317,1.0781,False
K,45,20,10,0.9,0.904,25.0002,False
K,45,20,10,0.95,0.904,25.0002,False
K,45,20,11,0.8,0.8005,0.8772,False
K,45,20,11,0.9,1.0,100.0,True
K,45,20,11,0.95,1.0,100.0,True
K,45,20,12,0.8,0.8317,1.0781,False
K,45,20,12,0.9,0.904,25.0002,False
K,45,20,12,0.95,0.904,25.0002,False
K,45,20,13,0.8,0.7697,0.7228,False
K,45,20,13,0.9,0.9166,34.8358,False
K,45,20,13,0.95,0.9166,34.8358,False
K,45,20,14,0.8,0.6732,0.5591,False
K,45,20,14,0.9,0.7902,0.8071,False
K,45,20,14,0.95,0.7902,0.8071,False
K,45,20,15,0.8,0.7902,0.8071,False
K,45,20,15,0.9,0.9725,73.6995,True
K,45,20,15,0.95,0.9725,73.6995,True
K,45,20,16,0.8,0.7483,0.6577,False
K,45,20,16,0.9,0.8326,1.0905,False
K,45,20,16,0.95,0.8326,1.0905,False
K,45,20,17,0.8,0.7483,0.6577,False
K,45,20,17,0.9,0.904,25.0002,False
K,45,20,17,0.95,0.904,25.0002,False
K,45,20,18,0.8,0.904,25.0002,False
K,45,20,18,0.9,0.9166,34.8358,False
K,45,20,18,0.95,0.9166,34.8358,False
K,45,20,19,0.8,0.7697,0.7228,False
K,45,20,19,0.9,0.9725,73.6995,True
K,45,20,19,0.95,0.9725,73.6995,True
K,45,20,20,0.8,0.904,25.0002,False
K,45,20,20,0.9,0.9725,73.6995,True
K,45,20,20,0.95,0.9725,73.6995,True
K,45,20,21,0.8,0.9725,73.6995,True
K,45,20,21,0.9,0.9725,73.6995,True
K,45,20,21,0.95,0.9725,73.6995,True
K,45,20,22,0.8,0.7697,0.7228,False
K,45,20,22,0.9,1.0,100.0,True
K,45,20,22,0.95,1.0,100.0,True
K,45,20,23,0.8,0.9725,73.6995,True
K,45,20,23,0.9,1.0,100.0,True
K,45,20,23,0.95,1.0,100.0,True
K,45,20,24,0.8,0.7902,0.8071,False
K,45,20,24,0.9,0.8396,1.3908,False
K,45,20,24,0.95,0.8396,1.3908,False
K,45,20,25,0.8,0.904,25.0002,False
K,45,20,25,0.9,0.9725,73.6995,True
K,45,20,25,0.95,0.9725,73.6995,True
K,45,20,26,0.8,0.9166,34.8925,False
K,45,20,26,0.9,1.0,100.0,True
K,45,20,26,0.95,1.0,100.0,True
K,45,20,27,0.8,0.904,25.0002,False
K,45,20,27,0.9,0.9725,73.6995,True
K,45,20,27,0.95,0.9725,73.6995,True
K,45,20,28,0.8,0.904,25.0002,False
K,45,20,28,0.9,0.9725,73.6995,True
K,45,20,28,0.95,0.9725,73.6995,True
K,45,20,29,0.8,0.904,25.0002,False
K,45,20,29,0.9,0.9725,73.6995,True
K,45,20,29,0.95,0.9725,73.6995,True
K,45,20,30,0.8,0.904,25.0002,False
K,45,20,30,0.9,0.9725,73.6995,True
K,45,20,30,0.95,0.9725,73.6995,True
K,45,20,31,0.8,0.9725,73.6995,True
K,45,20,31,0.9,1.0,100.0,True
K,45,20,31,0.95,1.0,100.0,True
K,45,20,32,0.8,0.904,25.0002,False
K,45,20,32,0.9,1.0,100.0,True
K,45,20,32,0.95,1.0,100.0,True
K,45,20,33,0.8,0.834,1.0993,False
K,45,20,33,0.9,0.9725,73.6995,True
K,45,20,33,0.95,0.9725,73.6995,True
K,45,20,34,0.8,0.904,25.0002,False
K,45,20,34,0.9,0.9725,73.6995,True
K,45,20,34,0.95,0.9725,73.6995,True
K,45,20,35,0.8,0.9725,73.6995,True
K,45,20,35,0.9,1.0,100.0,True
K,45,20,35,0.95,1.0,100.0,True
K,45,20,36,0.8,0.8266,1.0243,False
K,45,20,36,0.9,1.0,100.0,True
K,45,20,36,0.95,1.0,100.0,True
K,45,20,37,0.8,0.8317,1.0781,False
K,45,20,37,0.9,0.904,25.0002,False
K,45,20,37,0.95,0.904,25.0002,False
K,45,20,38,0.8,0.8396,1.3908,False
K,45,20,38,0.9,0.904,25.0002,False
K,45,20,38,0.95,0.904,25.0002,False
K,45,20,39,0.8,0.9725,73.6995,True
K,45,20,39,0.9,1.0,100.0,True
K,45,20,39,0.95,1.0,100.0,True
K,45,25,0,0.8,1.0,100.0,True
K,45,25,0,0.9,1.0,100.0,True
K,45,25,0,0.95,1.0,100.0,True
K,45,25,1,0.8,0.7394,0.6404,False
K,45,25,1,0.9,1.0,100.0,True
K,45,25,1,0.95,1.0,100.0,True
K,45,25,2,0.8,0.7394,0.6404,False
K,45,25,2,0.9,0.9725,73.6995,True
K,45,25,2,0.95,0.9725,73.6995,True
K,45,25,3,0.8,0.7394,0.6404,False
K,45,25,3,0.9,0.8317,1.0781,False
K,45,25,3,0.95,0.8317,1.0781,False
K,45,25,4,0.8,0.7902,0.8071,False
K,45,25,4,0.9,1.0,100.0,True
K,45,25,4,0.95,1.0,100.0,True
K,45,25,5,0.8,0.8037,0.8954,False
K,45,25,5,0.9,1.0,100.0,True
K,45,25,5,0.95,1.0,100.0,True
K,45,25,6,0.8,0.904,25.0002,False
K,45,25,6,0.9,0.973,74.1371,True
K,45,25,6,0.95,0.973,74.1371,True
K,45,25,7,0.8,0.8326,1.0905,False
K,45,25,7,0.9,1.0,100.0,True
K,45,25,7,0.95,1.0,100.0,True
K,45,25,8,0.8,0.9166,34.8358,False
K,45,25,8,0.9,0.9725,73.6995,True
K,45,25,8,0.95,0.9725,73.6995,True
K,45,25,9,0.8,0.8037,0.8954,False
K,45,25,9,0.9,0.973,73.8692,True
K,45,25,9,0.95,0.973,73.8692,True
K,45,25,10,0.8,0.904,25.0002,False
K,45,25,10,0.9,0.9725,73.6995,True
K,45,25,10,0.95,0.9725,73.6995,True
K,45,25,11,0.8,0.7697,0.7228,False
K,45,25,11,0.9,0.904,25.0002,False
K,45,25,11,0.95,0.904,25.0002,False
K,45,25,12,0.8,0.904,25.0002,False
K,45,25,12,0.9,1.0,100.0,True
K,45,25,12,0.95,1.0,100.0,True
K,45,25,13,0.8,0.8037,0.8954,False
K,45,25,13,0.9,1.0,100.0,True
K,45,25,13,0.95,1.0,100.0,True
K,45,25,14,0.8,0.9725,73.6995,True
K,45,25,14,0.9,1.0,100.0,True
K,45,25,14,0.95,1.0,100.0,True
K,45,25,15,0.8,0.904,25.0002,False
K,45,25,15,0.9,1.0,100.0,True
K,45,25,15,0.95,1.0,100.0,True
K,45,25,16,0.8,0.7697,0.7228,False
K,45,25,16,0.9,1.0,100.0,True
K,45,25,16,0.95,1.0,100.0,True
K,45,25,17,0.8,0.904,25.0002,False
K,45,25,17,0.9,1.0,100.0,True
K,45,25,17,0.95,1.0,100.0,True
K,45,25,18,0.8,0.904,25.0002,False
K,45,25,18,0.9,0.973,73.923,True
K,45,25,18,0.95,0.973,73.923,True
K,45,25,19,0.8,0.9725,73.6995,True
K,45,25,19,0.9,0.973,73.923,True
K,45,25,19,0.95,0.973,73.923,True
K,45,25,20,0.8,0.8266,1.0243,False
K,45,25,20,0.9,0.9725,73.6995,True
K,45,25,20,0.95,0.9725,73.6995,True
K,45,25,21,0.8,0.904,25.0002,False
K,45,25,21,0.9,1.0,100.0,True
K,45,25,21,0.95,1.0,100.0,True
K,45,25,22,0.8,0.8326,1.0905,False
K,45,25,22,0.9,0.9725,73.6995,True
K,45,25,22,0.95,0.9725,73.6995,True
K,45,25,23,0.8,0.9166,34.8358,False
K,45,25,23,0.9,0.9725,73.6995,True
K,45,25,23,0.95,0.9725,73.6995,True
K,45,25,24,0.8,0.8037,0.8954,False
K,45,25,24,0.9,1.0,100.0,True
K,45,25,24,0.95,1.0,100.0,True
K,45,25,25,0.8,0.904,25.0002,False
K,45,25,25,0.9,1.0,100.0,True
K,45,25,25,0.95,1.0,100.0,True
K,45,25,26,0.8,0.6732,0.5591,False
K,45,25,26,0.9,0.91,30.1645,False
K,45,25,26,0.95,0.91,30.1645,False
K,45,25,27,0.8,0.7697,0.7228,False
K,45,25,27,0.9,1.0,100.0,True
K,45,25,27,0.95,1.0,100.0,True
K,45,25,28,0.8,0.904,25.0002,False
K,45,25,28,0.9,0.9725,73.6995,True
K,45,25,28,0.95,0.9725,73.6995,True
K,45,25,29,0.8,0.9725,73.6995,True
K,45,25,29,0.9,0.973,73.8692,True
K,45,25,29,0.95,0.973,73.8692,True
K,45,25,30,0.8,0.8005,0.8772,False
K,45,25,30,0.9,0.904,25.0002,False
K,45,25,30,0.95,0.904,25.0002,False
K,45,25,31,0.8,0.6732,0.5591,False
K,45,25,31,0.9,0.904,25.0002,False
K,45,25,31,0.95,0.904,25.0002,False
K,45,25,32,0.8,0.7902,0.8071,False
K,45,25,32,0.9,0.9725,73.6995,True
K,45,25,32,0.95,0.9725,73.6995,True
K,45,25,33,0.8,0.7394,0.6404,False
K,45,25,33,0.9,0.9725,73.6995,True
K,45,25,33,0.95,0.9725,73.6995,True
K,45,25,34,0.8,0.8326,1.0905,False
K,45,25,34,0.9,1.0,100.0,True
K,45,25,34,0.95,1.0,100.0,True
K,45,25,35,0.8,0.7902,0.8071,False
K,45,25,35,0.9,1.0,100.0,True
K,45,25,35,0.95,1.0,100.0,True
K,45,25,36,0.8,0.904,25.0002,False
K,45,25,36,0.9,1.0,100.0,True
K,45,25,36,0.95,1.0,100.0,True
K,45,25,37,0.8,0.6732,0.5591,False
K,45,25,37,0.9,1.0,100.0,True
K,45,25,37,0.95,1.0,100.0,True
K,45,25,38,0.8,0.8326,1.0905,False
K,45,25,38,0.9,0.9725,73.6995,True
K,45,25,38,0.95,0.9725,73.6995,True
K,45,25,39,0.8,0.9725,73.6995,True
K,45,25,39,0.9,1.0,100.0,True
K,45,25,39,0.95,1.0,100.0,True
K,45,30,0,0.8,0.8326,1.0905,False
K,45,30,0,0.9,0.9725,73.6995,True
K,45,30,0,0.95,0.9725,73.6995,True
K,45,30,1,0.8,0.904,25.0002,False
K,45,30,1,0.9,1.0,100.0,True
K,45,30,1,0.95,1.0,100.0,True
K,45,30,2,0.8,0.8005,0.8772,False
K,45,30,2,0.9,0.9725,73.6995,True
K,45,30,2,0.95,1.0,100.0,True
K,45,30,3,0.8,0.8005,0.8772,False
K,45,30,3,0.9,0.904,25.0002,False
K,45,30,3,0.95,0.904,25.0002,False
K,45,30,4,0.8,0.904,25.0002,False
K,45,30,4,0.9,0.91,30.1645,False
K,45,30,4,0.95,0.9725,73.6995,True
K,45,30,5,0.8,0.7902,0.8071,False
K,45,30,5,0.9,0.904,25.0002,False
K,45,30,5,0.95,0.904,25.0002,False
K,45,30,6,0.8,0.8037,0.8954,False
K,45,30,6,0.9,0.9725,73.6995,True
K,45,30,6,0.95,1.0,100.0,True
K,45,30,7,0.8,0.904,25.0002,False
K,45,30,7,0.9,0.9166,34.8358,False
K,45,30,7,0.95,0.9166,34.8358,False
K,45,30,8,0.8,0.8266,1.0243,False
K,45,30,8,0.9,0.9725,73.6995,True
K,45,30,8,0.95,1.0,100.0,True
K,45,30,9,0.8,0.7394,0.6404,False
K,45,30,9,0.9,0.904,25.0002,False
K,45,30,9,0.95,0.9725,73.6995,True
K,45,30,10,0.8,0.904,25.0002,False
K,45,30,10,0.9,1.0,100.0,True
K,45,30,10,0.95,1.0,100.0,True
K,45,30,11,0.8,0.904,25.0002,False
K,45,30,11,0.9,1.0,100.0,True
K,45,30,11,0.95,1.0,100.0,True
K,45,30,12,0.8,0.904,25.0002,False
K,45,30,12,0.9,0.9166,34.8358,False
K,45,30,12,0.95,1.0,100.0,True
K,45,30,13,0.8,0.7394,0.6404,False
K,45,30,13,0.9,0.9725,73.6995,True
K,45,30,13,0.95,0.9725,73.6995,True
K,45,30,14,0.8,0.7697,0.7228,False
K,45,30,14,0.9,0.8266,1.0243,False
K,45,30,14,0.95,0.834,1.0993,False
K,45,30,15,0.8,0.904,25.0002,False
K,45,30,15,0.9,0.904,25.0002,False
K,45,30,15,0.95,0.904,25.0002,False
K,45,30,16,0.8,0.6732,0.5591,False
K,45,30,16,0.9,0.9725,73.6995,True
K,45,30,16,0.95,0.9725,73.6995,True
K,45,30,17,0.8,0.6732,0.5591,False
K,45,30,17,0.9,0.9725,73.6995,True
K,45,30,17,0.95,1.0,100.0,True
K,45,30,18,0.8,0.7902,0.8071,False
K,45,30,18,0.9,0.91,30.1645,False
K,45,30,18,0.95,0.9725,73.6995,True
K,45,30,19,0.8,0.7902,0.8071,False
K,45,30,19,0.9,0.904,25.0002,False
K,45,30,19,0.95,0.9725,73.6995,True
K,45,30,20,0.8,0.8266,1.0243,False
K,45,30,20,0.9,0.9725,73.6995,True
K,45,30,20,0.95,1.0,100.0,True
K,45,30,21,0.8,0.8266,1.0243,False
K,45,30,21,0.9,0.904,25.0002,False
K,45,30,21,0.95,0.9166,34.8358,False
K,45,30,22,0.8,0.6732,0.5591,False
K,45,30,22,0.9,0.8317,1.0781,False
K,45,30,22,0.95,0.904,25.0002,False
K,45,30,23,0.8,0.8005,0.8772,False
K,45,30,23,0.9,0.9725,73.6995,True
K,45,30,23,0.95,0.9725,73.6995,True
K,45,30,24,0.8,0.7902,0.8071,False
K,45,30,24,0.9,0.9725,73.6995,True
K,45,30,24,0.95,0.9725,73.6995,True
K,45,30,25,0.8,0.9725,73.6995,True
K,45,30,25,0.9,0.9725,73.6995,True
K,45,30,25,0.95,0.9725,73.6995,True
K,45,30,26,0.8,0.8326,1.0905,False
K,45,30,26,0.9,1.0,100.0,True
K,45,30,26,0.95,1.0,100.0,True
K,45,30,27,0.8,0.904,25.0002,False
K,45,30,27,0.9,0.9725,73.6995,True
K,45,30,27,0.95,0.9725,73.6995,True
K,45,30,28,0.8,0.8037,0.8954,False
K,45,30,28,0.9,0.904,25.0002,False
K,45,30,28,0.95,1.0,100.0,True
K,45,30,29,0.8,0.904,25.0002,False
K,45,30,29,0.9,0.9725,73.6995,True
K,45,30,29,0.95,0.9725,73.6995,True
K,45,30,30,0.8,0.904,25.0002,False
K,45,30,30,0.9,0.9725,73.6995,True
K,45,30,30,0.95,1.0,100.0,True
K,45,30,31,0.8,0.7394,0.6404,False
K,45,30,31,0.9,0.904,25.0002,False
K,45,30,31,0.95,1.0,100.0,True
K,45,30,32,0.8,0.904,25.0002,False
K,45,30,32,0.9,0.9725,73.6995,True
K,45,30,32,0.95,0.9725,73.6995,True
K,45,30,33,0.8,0.8005,0.8772,False
K,45,30,33,0.9,0.9166,34.8358,False
K,45,30,33,0.95,1.0,100.0,True
K,45,30,34,0.8,0.9725,73.6995,True
K,45,30,34,0.9,1.0,100.0,True
K,45,30,34,0.95,1.0,100.0,True
K,45,30,35,0.8,0.8005,0.8772,False
K,45,30,35,0.9,1.0,100.0,True
K,45,30,35,0.95,1.0,100.0,True
K,45,30,36,0.8,0.7394,0.6404,False
K,45,30,36,0.9,0.7902,0.8071,False
K,45,30,36,0.95,0.8266,1.0243,False
K,45,30,37,0.8,0.8266,1.0243,False
K,45,30,37,0.9,0.904,25.0002,False
K,45,30,37,0.95,0.9725,73.6995,True
K,45,30,38,0.8,0.8326,1.0905,False
K,45,30,38,0.9,1.0,100.0,True
K,45,30,38,0.95,1.0,100.0,True
K,45,30,39,0.8,0.7697,0.7228,False
K,45,30,39,0.9,0.904,25.0002,False
K,45,30,39,0.95,0.9725,73.6995,True
K,45,40,0,0.8,0.904,25.0002,False
K,45,40,0,0.9,0.9725,73.6995,True
K,45,40,0,0.95,1.0,100.0,True
K,45,40,1,0.8,0.7902,0.8071,False
K,45,40,1,0.9,0.9166,34.8358,False
K,45,40,1,0.95,0.9725,73.6995,True
K,45,40,2,0.8,0.7483,0.6577,False
K,45,40,2,0.9,0.904,25.0002,False
K,45,40,2,0.95,0.9725,73.6995,True
K,45,40,3,0.8,0.7697,0.7228,False
K,45,40,3,0.9,0.9725,73.6995,True
K,45,40,3,0.95,1.0,100.0,True
K,45,40,4,0.8,0.904,25.0002,False
K,45,40,4,0.9,0.904,25.0002,False
K,45,40,4,0.95,0.9725,73.6995,True
K,45,40,5,0.8,0.7902,0.8071,False
K,45,40,5,0.9,0.8326,1.0905,False
K,45,40,5,0.95,0.904,25.0002,False
K,45,40,6,0.8,0.904,25.0002,False
K,45,40,6,0.9,0.9725,73.6995,True
K,45,40,6,0.95,1.0,100.0,True
K,45,40,7,0.8,0.904,25.0002,False
K,45,40,7,0.9,0.9166,34.8358,False
K,45,40,7,0.95,0.9725,73.6995,True
K,45,40,8,0.8,0.7902,0.8071,False
K,45,40,8,0.9,0.904,25.0002,False
K,45,40,8,0.95,1.0,100.0,True
K,45,40,9,0.8,0.6732,0.5591,False
K,45,40,9,0.9,0.8396,1.3908,False
K,45,40,9,0.95,1.0,100.0,True
K,45,40,10,0.8,0.8037,0.8954,False
K,45,40,10,0.9,0.904,25.0002,False
K,45,40,10,0.95,0.9166,34.8358,False
K,45,40,11,0.8,0.904,25.0002,False
K,45,40,11,0.9,0.9725,73.6995,True
K,45,40,11,0.95,1.0,100.0,True
K,45,40,12,0.8,0.7417,0.6453,False
K,45,40,12,0.9,0.7902,0.8071,False
K,45,40,12,0.95,0.9725,73.6995,True
K,45,40,13,0.8,0.6732,0.5591,False
K,45,40,13,0.9,0.7902,0.8071,False
K,45,40,13,0.95,0.9725,73.6995,True
K,45,40,14,0.8,0.7902,0.8071,False
K,45,40,14,0.9,0.904,25.0002,False
K,45,40,14,0.95,0.904,25.0002,False
K,45,40,15,0.8,0.91,30.1645,False
K,45,40,15,0.9,0.9725,73.6995,True
K,45,40,15,0.95,0.9725,73.6995,True
K,45,40,16,0.8,0.8005,0.8772,False
K,45,40,16,0.9,0.904,25.0002,False
K,45,40,16,0.95,1.0,100.0,True
K,45,40,17,0.8,0.904,25.0002,False
K,45,40,17,0.9,0.9725,73.6995,True
K,45,40,17,0.95,1.0,100.0,True
K,45,40,18,0.8,0.6732,0.5591,False
K,45,40,18,0.9,0.904,25.0002,False
K,45,40,18,0.95,0.9725,73.6995,True
K,45,40,19,0.8,0.904,25.0002,False
K,45,40,19,0.9,0.9725,73.6995,True
K,45,40,19,0.95,0.9725,73.6995,True
K,45,40,20,0.8,0.6732,0.5591,False
K,45,40,20,0.9,0.9725,73.6995,True
K,45,40,20,0.95,0.973,73.923,True
K,45,40,21,0.8,0.91,30.1645,False
K,45,40,21,0.9,0.9725,73.6995,True
K,45,40,21,0.95,1.0,100.0,True
K,45,40,22,0.8,0.7697,0.7228,False
K,45,40,22,0.9,0.91,30.1645,False
K,45,40,22,0.95,0.9725,73.6995,True
K,45,40,23,0.8,0.8317,1.0781,False
K,45,40,23,0.9,0.9725,73.6995,True
K,45,40,23,0.95,0.9725,73.6995,True
K,45,40,24,0.8,0.7697,0.7228,False
K,45,40,24,0.9,0.904,25.0002,False
K,45,40,24,0.95,1.0,100.0,True
K,45,40,25,0.8,0.7697,0.7228,False
K,45,40,25,0.9,0.904,25.0002,False
K,45,40,25,0.95,1.0,100.0,True
K,45,40,26,0.8,0.904,25.0002,False
K,45,40,26,0.9,1.0,100.0,True
K,45,40,26,0.95,1.0,100.0,True
K,45,40,27,0.8,0.7697,0.7228,False
K,45,40,27,0.9,0.8266,1.0243,False
K,45,40,27,0.95,0.9725,73.6995,True
K,45,40,28,0.8,0.8037,0.8954,False
K,45,40,28,0.9,0.904,25.0002,False
K,45,40,28,0.95,0.904,25.0002,False
K,45,40,29,0.8,0.904,25.0002,False
K,45,40,29,0.9,0.9725,73.6995,True
K,45,40,29,0.95,1.0,100.0,True
K,45,40,30,0.8,0.7697,0.7228,False
K,45,40,30,0.9,0.904,25.0002,False
K,45,40,30,0.95,1.0,100.0,True
K,45,40,31,0.8,0.7697,0.7228,False
K,45,40,31,0.9,0.904,25.0002,False
K,45,40,31,0.95,0.9725,73.6995,True
K,45,40,32,0.8,0.7902,0.8071,False
K,45,40,32,0.9,0.904,25.0002,False
K,45,40,32,0.95,0.9725,73.6995,True
K,45,40,33,0.8,0.904,25.0002,False
K,45,40,33,0.9,0.9725,73.6995,True
K,45,40,33,0.95,0.9725,73.6995,True
K,45,40,34,0.8,0.7697,0.7228,False
K,45,40,34,0.9,0.8396,1.3908,False
K,45,40,34,0.95,0.9166,34.8358,False
K,45,40,35,0.8,0.904,25.0002,False
K,45,40,35,0.9,0.9166,34.8358,False
K,45,40,35,0.95,1.0,100.0,True
K,45,40,36,0.8,0.7902,0.8071,False
K,45,40,36,0.9,0.904,25.0002,False
K,45,40,36,0.95,0.9725,73.6995,True
K,45,40,37,0.8,0.8266,1.0243,False
K,45,40,37,0.9,0.9725,73.6995,True
K,45,40,37,0.95,1.0,100.0,True
K,45,40,38,0.8,0.8266,1.0243,False
K,45,40,38,0.9,0.9725,73.6995,True
K,45,40,38,0.95,1.0,100.0,True
K,45,40,39,0.8,0.8326,1.0905,False
K,45,40,39,0.9,0.9725,73.6995,True
K,45,40,39,0.95,1.0,100.0,True
K,45,50,0,0.8,0.7902,0.8071,False
K,45,50,0,0.9,0.904,25.0002,False
K,45,50,0,0.95,1.0,100.0,True
K,45,50,1,0.8,0.8326,1.0905,False
K,45,50,1,0.9,0.9725,73.6995,True
K,45,50,1,0.95,1.0,100.0,True
K,45,50,2,0.8,0.8266,1.0243,False
K,45,50,2,0.9,0.904,25.0002,False
K,45,50,2,0.95,1.0,100.0,True
K,45,50,3,0.8,0.7697,0.7228,False
K,45,50,3,0.9,0.904,25.0002,False
K,45,50,3,0.95,1.0,100.0,True
K,45,50,4,0.8,0.904,25.0002,False
K,45,50,4,0.9,0.9166,34.8358,False
K,45,50,4,0.95,0.973,74.1371,True
K,45,50,5,0.8,0.8266,1.0243,False
K,45,50,5,0.9,0.8317,1.0781,False
K,45,50,5,0.95,0.9725,73.6995,True
K,45,50,6,0.8,0.7394,0.6404,False
K,45,50,6,0.9,0.904,25.0002,False
K,45,50,6,0.95,0.9725,73.6995,True
K,45,50,7,0.8,0.7697,0.7228,False
K,45,50,7,0.9,0.9725,73.6995,True
K,45,50,7,0.95,1.0,100.0,True
K,45,50,8,0.8,0.7902,0.8071,False
K,45,50,8,0.9,0.904,25.0002,False
K,45,50,8,0.95,0.9725,73.6995,True
K,45,50,9,0.8,0.7902,0.8071,False
K,45,50,9,0.9,0.904,25.0002,False
K,45,50,9,0.95,0.9725,73.6995,True
K,45,50,10,0.8,0.8005,0.8772,False
K,45,50,10,0.9,0.9725,73.6995,True
K,45,50,10,0.95,1.0,100.0,True
K,45,50,11,0.8,0.8317,1.0781,False
K,45,50,11,0.9,0.9725,73.6995,True
K,45,50,11,0.95,1.0,100.0,True
K,45,50,12,0.8,0.904,25.0002,False
K,45,50,12,0.9,0.904,25.0002,False
K,45,50,12,0.95,1.0,100.0,True
K,45,50,13,0.8,0.8005,0.8772,False
K,45,50,13,0.9,0.9725,73.6995,True
K,45,50,13,0.95,1.0,100.0,True
K,45,50,14,0.8,0.6732,0.5591,False
K,45,50,14,0.9,0.7394,0.6404,False
K,45,50,14,0.95,1.0,100.0,True
K,45,50,15,0.8,0.8317,1.0781,False
K,45,50,15,0.9,0.9166,34.8358,False
K,45,50,15,0.95,1.0,100.0,True
K,45,50,16,0.8,0.904,25.0002,False
K,45,50,16,0.9,0.9166,34.8358,False
K,45,50,16,0.95,1.0,100.0,True
K,45,50,17,0.8,0.7394,0.6404,False
K,45,50,17,0.9,0.904,25.0002,False
K,45,50,17,0.95,1.0,100.0,True
K,45,50,18,0.8,0.8326,1.0905,False
K,45,50,18,0.9,0.9725,73.6995,True
K,45,50,18,0.95,1.0,100.0,True
K,45,50,19,0.8,0.7697,0.7228,False
K,45,50,19,0.9,0.9725,73.6995,True
K,45,50,19,0.95,1.0,100.0,True
K,45,50,20,0.8,0.8317,1.0781,False
K,45,50,20,0.9,0.9725,73.6995,True
K,45,50,20,0.95,0.973,74.1371,True
K,45,50,21,0.8,0.7394,0.6404,False
K,45,50,21,0.9,0.8266,1.0243,False
K,45,50,21,0.95,0.9725,73.6995,True
K,45,50,22,0.8,0.7902,0.8071,False
K,45,50,22,0.9,0.904,25.0002,False
K,45,50,22,0.95,1.0,100.0,True
K,45,50,23,0.8,0.7902,0.8071,False
K,45,50,23,0.9,0.904,25.0002,False
K,45,50,23,0.95,1.0,100.0,True
K,45,50,24,0.8,0.8005,0.8772,False
K,45,50,24,0.9,0.9166,34.8358,False
K,45,50,24,0.95,0.9725,73.6995,True
K,45,50,25,0.8,0.7394,0.6404,False
K,45,50,25,0.9,0.904,25.0002,False
K,45,50,25,0.95,1.0,100.0,True
K,45,50,26,0.8,0.7394,0.6404,False
K,45,50,26,0.9,0.9725,73.6995,True
K,45,50,26,0.95,1.0,100.0,True
K,45,50,27,0.8,0.7902,0.8071,False
K,45,50,27,0.9,0.904,25.0002,False
K,45,50,27,0.95,1.0,100.0,True
K,45,50,28,0.8,0.904,25.0002,False
K,45,50,28,0.9,0.9725,73.6995,True
K,45,50,28,0.95,1.0,100.0,True
K,45,50,29,0.8,0.6732,0.5591,False
K,45,50,29,0.9,0.904,25.0002,False
K,45,50,29,0.95,1.0,100.0,True
K,45,50,30,0.8,0.8037,0.8954,False
K,45,50,30,0.9,0.904,25.0002,False
K,45,50,30,0.95,0.9725,73.6995,True
K,45,50,31,0.8,0.8326,1.0905,False
K,45,50,31,0.9,0.904,25.0002,False
K,45,50,31,0.95,0.9166,34.8358,False
K,45,50,32,0.8,0.8317,1.0781,False
K,45,50,32,0.9,0.9725,73.6995,True
K,45,50,32,0.95,0.973,73.8692,True
K,45,50,33,0.8,0.8326,1.0905,False
K,45,50,33,0.9,0.9725,73.6995,True
K,45,50,33,0.95,1.0,100.0,True
K,45,50,34,0.8,0.7394,0.6404,False
K,45,50,34,0.9,0.904,25.0002,False
K,45,50,34,0.95,0.9725,73.6995,True
K,45,50,35,0.8,0.7697,0.7228,False
K,45,50,35,0.9,0.8326,1.0905,False
K,45,50,35,0.95,0.9725,73.6995,True
K,45,50,36,0.8,0.904,25.0002,False
K,45,50,36,0.9,1.0,100.0,True
K,45,50,36,0.95,1.0,100.0,True
K,45,50,37,0.8,0.6732,0.5591,False
K,45,50,37,0.9,0.9166,34.8358,False
K,45,50,37,0.95,1.0,100.0,True
K,45,50,38,0.8,0.7394,0.6404,False
K,45,50,38,0.9,0.904,25.0002,False
K,45,50,38,0.95,1.0,100.0,True
K,45,50,39,0.8,0.7394,0.6404,False
K,45,50,39,0.9,0.9725,73.6995,True
K,45,50,39,0.95,0.9725,73.6995,True
K,45,75,0,0.8,0.7697,0.7228,False
K,45,75,0,0.9,0.904,25.0002,False
K,45,75,0,0.95,0.9725,73.6995,True
K,45,75,1,0.8,0.7902,0.8071,False
K,45,75,1,0.9,0.904,25.0002,False
K,45,75,1,0.95,0.9725,73.6995,True
K,45,75,2,0.8,0.7394,0.6404,False
K,45,75,2,0.9,0.904,25.0002,False
K,45,75,2,0.95,0.9725,73.6995,True
K,45,75,3,0.8,0.8005,0.8772,False
K,45,75,3,0.9,0.904,25.0002,False
K,45,75,3,0.95,0.9725,73.6995,True
K,45,75,4,0.8,0.904,25.0002,False
K,45,75,4,0.9,0.9725,73.6995,True
K,45,75,4,0.95,1.0,100.0,True
K,45,75,5,0.8,0.7902,0.8071,False
K,45,75,5,0.9,0.904,25.0002,False
K,45,75,5,0.95,0.9725,73.6995,True
K,45,75,6,0.8,0.8266,1.0243,False
K,45,75,6,0.9,0.9725,73.6995,True
K,45,75,6,0.95,1.0,100.0,True
K,45,75,7,0.8,0.7417,0.6453,False
K,45,75,7,0.9,0.8266,1.0243,False
K,45,75,7,0.95,0.9725,73.6995,True
K,45,75,8,0.8,0.7394,0.6404,False
K,45,75,8,0.9,0.904,25.0002,False
K,45,75,8,0.95,1.0,100.0,True
K,45,75,9,0.8,0.7902,0.8071,False
K,45,75,9,0.9,0.904,25.0002,False
K,45,75,9,0.95,1.0,100.0,True
K,45,75,10,0.8,0.8005,0.8772,False
K,45,75,10,0.9,0.91,30.1645,False
K,45,75,10,0.95,0.9725,73.6995,True
K,45,75,11,0.8,0.8266,1.0243,False
K,45,75,11,0.9,0.904,25.0002,False
K,45,75,11,0.95,0.9725,73.6995,True
K,45,75,12,0.8,0.8037,0.8954,False
K,45,75,12,0.9,0.904,25.0002,False
K,45,75,12,0.95,0.9725,73.6995,True
K,45,75,13,0.8,0.7697,0.7228,False
K,45,75,13,0.9,0.904,25.0002,False
K,45,75,13,0.95,0.9725,73.6995,True
K,45,75,14,0.8,0.8266,1.0243,False
K,45,75,14,0.9,0.9725,73.6995,True
K,45,75,14,0.95,1.0,100.0,True
K,45,75,15,0.8,0.904,25.0002,False
K,45,75,15,0.9,0.9725,73.6995,True
K,45,75,15,0.95,0.9725,73.6995,True
K,45,75,16,0.8,0.7697,0.7228,False
K,45,75,16,0.9,0.904,25.0002,False
K,45,75,16,0.95,0.9725,73.6995,True
K,45,75,17,0.8,0.7394,0.6404,False
K,45,75,17,0.9,0.904,25.0002,False
K,45,75,17,0.95,0.9725,73.6995,True
K,45,75,18,0.8,0.7902,0.8071,False
K,45,75,18,0.9,0.904,25.0002,False
K,45,75,18,0.95,1.0,100.0,True
K,45,75,19,0.8,0.904,25.0002,False
K,45,75,19,0.9,0.9725,73.6995,True
K,45,75,19,0.95,1.0,100.0,True
K,45,75,20,0.8,0.8266,1.0243,False
K,45,75,20,0.9,0.9725,73.6995,True
K,45,75,20,0.95,1.0,100.0,True
K,45,75,21,0.8,0.8037,0.8954,False
K,45,75,21,0.9,0.9725,73.6995,True
K,45,75,21,0.95,1.0,100.0,True
K,45,75,22,0.8,0.8326,1.0905,False
K,45,75,22,0.9,0.9725,73.6995,True
K,45,75,22,0.95,1.0,100.0,True
K,45,75,23,0.8,0.8266,1.0243,False
K,45,75,23,0.9,0.904,25.0002,False
K,45,75,23,0.95,0.9725,73.6995,True
K,45,75,24,0.8,0.7483,0.6577,False
K,45,75,24,0.9,0.904,25.0002,False
K,45,75,24,0.95,0.9725,73.6995,True
K,45,75,25,0.8,0.7697,0.7228,False
K,45,75,25,0.9,0.9166,34.8358,False
K,45,75,25,0.95,0.9725,73.6995,True
K,45,75,26,0.8,0.8037,0.8954,False
K,45,75,26,0.9,0.904,25.0002,False
K,45,75,26,0.95,0.9725,73.6995,True
K,45,75,27,0.8,0.904,25.0002,False
K,45,75,27,0.9,0.9725,73.6995,True
K,45,75,27,0.95,1.0,100.0,True
K,45,75,28,0.8,0.7394,0.6404,False
K,45,75,28,0.9,0.904,25.0002,False
K,45,75,28,0.95,1.0,100.0,True
K,45,75,29,0.8,0.8266,1.0243,False
K,45,75,29,0.9,0.9725,73.6995,True
K,45,75,29,0.95,1.0,100.0,True
K,45,75,30,0.8,0.8037,0.8954,False
K,45,75,30,0.9,0.9725,73.6995,True
K,45,75,30,0.95,1.0,100.0,True
K,45,75,31,0.8,0.904,25.0002,False
K,45,75,31,0.9,0.9725,73.6995,True
K,45,75,31,0.95,1.0,100.0,True
K,45,75,32,0.8,0.7394,0.6404,False
K,45,75,32,0.9,0.904,25.0002,False
K,45,75,32,0.95,0.9725,73.6995,True
K,45,75,33,0.8,0.8037,0.8954,False
K,45,75,33,0.9,0.9166,34.8358,False
K,45,75,33,0.95,1.0,100.0,True
K,45,75,34,0.8,0.8266,1.0243,False
K,45,75,34,0.9,0.9725,73.6995,True
K,45,75,34,0.95,0.973,73.923,True
K,45,75,35,0.8,0.8005,0.8772,False
K,45,75,35,0.9,0.904,25.0002,False
K,45,75,35,0.95,0.9725,73.6995,True
K,45,75,36,0.8,0.7902,0.8071,False
K,45,75,36,0.9,0.904,25.0002,False
K,45,75,36,0.95,0.9725,73.6995,True
K,45,75,37,0.8,0.8266,1.0243,False
K,45,75,37,0.9,0.904,25.0002,False
K,45,75,37,0.95,0.9725,73.6995,True
K,45,75,38,0.8,0.7394,0.6404,False
K,45,75,38,0.9,0.904,25.0002,False
K,45,75,38,0.95,0.9725,73.6995,True
K,45,75,39,0.8,0.8317,1.0781,False
K,45,75,39,0.9,0.9725,73.6995,True
K,45,75,39,0.95,0.9725,73.6995,True
K,45,100,0,0.8,0.7902,0.8071,False
K,45,100,0,0.9,0.904,25.0002,False
K,45,100,0,0.95,0.9725,73.6995,True
K,45,100,1,0.8,0.7902,0.8071,False
K,45,100,1,0.9,0.904,25.0002,False
K,45,100,1,0.95,0.9725,73.6995,True
K,45,100,2,0.8,0.7394,0.6404,False
K,45,100,2,0.9,0.904,25.0002,False
K,45,100,2,0.95,0.9725,73.6995,True
K,45,100,3,0.8,0.8326,1.0905,False
K,45,100,3,0.9,0.9725,73.6995,True
K,45,100,3,0.95,1.0,100.0,True
K,45,100,4,0.8,0.7394,0.6404,False
K,45,100,4,0.9,0.904,25.0002,False
K,45,100,4,0.95,0.9725,73.6995,True
K,45,100,5,0.8,0.8326,1.0905,False
K,45,100,5,0.9,0.9166,34.8358,False
K,45,100,5,0.95,1.0,100.0,True
K,45,100,6,0.8,0.8266,1.0243,False
K,45,100,6,0.9,0.904,25.0002,False
K,45,100,6,0.95,1.0,100.0,True
K,45,100,7,0.8,0.8326,1.0905,False
K,45,100,7,0.9,0.9725,73.6995,True
K,45,100,7,0.95,1.0,100.0,True
K,45,100,8,0.8,0.7902,0.8071,False
K,45,100,8,0.9,0.904,25.0002,False
K,45,100,8,0.95,0.9725,73.6995,True
K,45,100,9,0.8,0.8266,1.0243,False
K,45,100,9,0.9,0.904,25.0002,False
K,45,100,9,0.95,1.0,100.0,True
K,45,100,10,0.8,0.7394,0.6404,False
K,45,100,10,0.9,0.834,1.0993,False
K,45,100,10,0.95,0.9725,73.6995,True
K,45,100,11,0.8,0.7902,0.8071,False
K,45,100,11,0.9,0.904,25.0002,False
K,45,100,11,0.95,0.9725,73.6995,True
K,45,100,12,0.8,0.7902,0.8071,False
K,45,100,12,0.9,0.904,25.0002,False
K,45,100,12,0.95,1.0,100.0,True
K,45,100,13,0.8,0.6732,0.5591,False
K,45,100,13,0.9,0.8326,1.0905,False
K,45,100,13,0.95,0.904,25.0002,False
K,45,100,14,0.8,0.8266,1.0243,False
K,45,100,14,0.9,0.904,25.0002,False
K,45,100,14,0.95,0.9725,73.6995,True
K,45,100,15,0.8,0.8005,0.8772,False
K,45,100,15,0.9,0.904,25.0002,False
K,45,100,15,0.95,0.9725,73.6995,True
K,45,100,16,0.8,0.7902,0.8071,False
K,45,100,16,0.9,0.904,25.0002,False
K,45,100,16,0.95,0.9725,73.6995,True
K,45,100,17,0.8,0.7394,0.6404,False
K,45,100,17,0.9,0.8326,1.0905,False
K,45,100,17,0.95,0.9725,73.6995,True
K,45,100,18,0.8,0.7697,0.7228,False
K,45,100,18,0.9,0.9725,73.6995,True
K,45,100,18,0.95,0.9725,73.6995,True
K,45,100,19,0.8,0.7394,0.6404,False
K,45,100,19,0.9,0.8317,1.0781,False
K,45,100,19,0.95,0.904,25.0002,False
K,45,100,20,0.8,0.7697,0.7228,False
K,45,100,20,0.9,0.904,25.0002,False
K,45,100,20,0.95,0.9725,73.6995,True
K,45,100,21,0.8,0.7902,0.8071,False
K,45,100,21,0.9,0.8326,1.0905,False
K,45,100,21,0.95,0.9725,73.6995,True
K,45,100,22,0.8,0.7394,0.6404,False
K,45,100,22,0.9,0.904,25.0002,False
K,45,100,22,0.95,0.9725,73.6995,True
K,45,100,23,0.8,0.8266,1.0243,False
K,45,100,23,0.9,0.9166,34.8925,False
K,45,100,23,0.95,1.0,100.0,True
K,45,100,24,0.8,0.7697,0.7228,False
K,45,100,24,0.9,0.904,25.0002,False
K,45,100,24,0.95,0.9725,73.6995,True
K,45,100,25,0.8,0.8005,0.8772,False
K,45,100,25,0.9,0.9725,73.6995,True
K,45,100,25,0.95,1.0,100.0,True
K,45,100,26,0.8,0.7697,0.7228,False
K,45,100,26,0.9,0.904,25.0002,False
K,45,100,26,0.95,0.9725,73.6995,True
K,45,100,27,0.8,0.7902,0.8071,False
K,45,100,27,0.9,0.91,30.1645,False
K,45,100,27,0.95,0.9725,73.6995,True
K,45,100,28,0.8,0.7902,0.8071,False
K,45,100,28,0.9,0.904,25.0002,False
K,45,100,28,0.95,0.9725,73.6995,True
K,45,100,29,0.8,0.8266,1.0243,False
K,45,100,29,0.9,0.9725,73.6995,True
K,45,100,29,0.95,1.0,100.0,True
K,45,100,30,0.8,0.8005,0.8772,False
K,45,100,30,0.9,0.904,25.0002,False
K,45,100,30,0.95,0.9725,73.6995,True
K,45,100,31,0.8,0.7902,0.8071,False
K,45,100,31,0.9,0.904,25.0002,False
K,45,100,31,0.95,0.9725,73.6995,True
K,45,100,32,0.8,0.8037,0.8954,False
K,45,100,32,0.9,0.9166,34.8358,False
K,45,100,32,0.95,0.973,73.8692,True
K,45,100,33,0.8,0.8266,1.0243,False
K,45,100,33,0.9,0.9725,73.6995,True
K,45,100,33,0.95,0.9725,73.6995,True
K,45,100,34,0.8,0.8317,1.0781,False
K,45,100,34,0.9,0.9166,34.8358,False
K,45,100,34,0.95,0.973,73.8692,True
K,45,100,35,0.8,0.7697,0.7228,False
K,45,100,35,0.9,0.9725,73.6995,True
K,45,100,35,0.95,1.0,100.0,True
K,45,100,36,0.8,0.7902,0.8071,False
K,45,100,36,0.9,0.904,25.0002,False
K,45,100,36,0.95,0.9725,73.6995,True
K,45,100,37,0.8,0.7697,0.7228,False
K,45,100,37,0.9,0.904,25.0002,False
K,45,100,37,0.95,1.0,100.0,True
K,45,100,38,0.8,0.6732,0.5591,False
K,45,100,38,0.9,0.904,25.0002,False
K,45,100,38,0.95,0.904,25.0002,False
K,45,100,39,0.8,0.8005,0.8772,False
K,45,100,39,0.9,0.904,25.0002,False
K,45,100,39,0.95,0.9725,73.6995,True
K,45,150,0,0.8,0.7902,0.8071,False
K,45,150,0,0.9,0.904,25.0002,False
K,45,150,0,0.95,0.9725,73.6995,True
K,45,150,1,0.8,0.7394,0.6404,False
K,45,150,1,0.9,0.904,25.0002,False
K,45,150,1,0.95,0.9725,73.6995,True
K,45,150,2,0.8,0.7394,0.6404,False
K,45,150,2,0.9,0.904,25.0002,False
K,45,150,2,0.95,0.9725,73.6995,True
K,45,150,3,0.8,0.7697,0.7228,False
K,45,150,3,0.9,0.904,25.0002,False
K,45,150,3,0.95,0.9725,73.6995,True
K,45,150,4,0.8,0.7394,0.6404,False
K,45,150,4,0.9,0.904,25.0002,False
K,45,150,4,0.95,0.9725,73.6995,True
K,45,150,5,0.8,0.7394,0.6404,False
K,45,150,5,0.9,0.904,25.0002,False
K,45,150,5,0.95,0.9725,73.6995,True
K,45,150,6,0.8,0.7902,0.8071,False
K,45,150,6,0.9,0.904,25.0002,False
K,45,150,6,0.95,0.9725,73.6995,True
K,45,150,7,0.8,0.7394,0.6404,False
K,45,150,7,0.9,0.904,25.0002,False
K,45,150,7,0.95,0.9166,34.8358,False
K,45,150,8,0.8,0.7483,0.6577,False
K,45,150,8,0.9,0.904,25.0002,False
K,45,150,8,0.95,0.9166,34.8358,False
K,45,150,9,0.8,0.7902,0.8071,False
K,45,150,9,0.9,0.904,25.0002,False
K,45,150,9,0.95,0.9725,73.6995,True
K,45,150,10,0.8,0.7697,0.7228,False
K,45,150,10,0.9,0.904,25.0002,False
K,45,150,10,0.95,0.9725,73.6995,True
K,45,150,11,0.8,0.8005,0.8772,False
K,45,150,11,0.9,0.9166,34.8358,False
K,45,150,11,0.95,1.0,100.0,True
K,45,150,12,0.8,0.8005,0.8772,False
K,45,150,12,0.9,0.904,25.0002,False
K,45,150,12,0.95,0.9725,73.6995,True
K,45,150,13,0.8,0.7394,0.6404,False
K,45,150,13,0.9,0.904,25.0002,False
K,45,150,13,0.95,0.9725,73.6995,True
K,45,150,14,0.8,0.8266,1.0243,False
K,45,150,14,0.9,0.9166,34.8358,False
K,45,150,14,0.95,0.9725,73.6995,True
K,45,150,15,0.8,0.7902,0.8071,False
K,45,150,15,0.9,0.904,25.0002,False
K,45,150,15,0.95,0.9725,73.6995,True
K,45,150,16,0.8,0.7697,0.7228,False
K,45,150,16,0.9,0.8266,1.0243,False
K,45,150,16,0.95,0.9725,73.6995,True
K,45,150,17,0.8,0.8005,0.8772,False
K,45,150,17,0.9,0.91,30.1645,False
K,45,150,17,0.95,0.9725,73.6995,True
K,45,150,18,0.8,0.7394,0.6404,False
K,45,150,18,0.9,0.8266,1.0243,False
K,45,150,18,0.95,0.904,25.0002,False
K,45,150,19,0.8,0.7697,0.7228,False
K,45,150,19,0.9,0.904,25.0002,False
K,45,150,19,0.95,0.9725,73.6995,True
K,45,150,20,0.8,0.8005,0.8772,False
K,45,150,20,0.9,0.904,25.0002,False
K,45,150,20,0.95,0.9725,73.6995,True
K,45,150,21,0.8,0.7697,0.7228,False
K,45,150,21,0.9,0.904,25.0002,False
K,45,150,21,0.95,0.9725,73.6995,True
K,45,150,22,0.8,0.7483,0.6577,False
K,45,150,22,0.9,0.904,25.0002,False
K,45,150,22,0.95,0.9725,73.6995,True
K,45,150,23,0.8,0.8266,1.0243,False
K,45,150,23,0.9,0.9166,34.8358,False
K,45,150,23,0.95,0.9725,73.6995,True
K,45,150,24,0.8,0.8266,1.0243,False
K,45,150,24,0.9,0.904,25.0002,False
K,45,150,24,0.95,0.9725,73.6995,True
K,45,150,25,0.8,0.7902,0.8071,False
K,45,150,25,0.9,0.904,25.0002,False
K,45,150,25,0.95,0.9725,73.6995,True
K,45,150,26,0.8,0.7394,0.6404,False
K,45,150,26,0.9,0.904,25.0002,False
K,45,150,26,0.95,1.0,100.0,True
K,45,150,27,0.8,0.7697,0.7228,False
K,45,150,27,0.9,0.904,25.0002,False
K,45,150,27,0.95,0.904,25.0002,False
K,45,150,28,0.8,0.8266,1.0243,False
K,45,150,28,0.9,0.904,25.0002,False
K,45,150,28,0.95,0.9725,73.6995,True
K,45,150,29,0.8,0.8005,0.8772,False
K,45,150,29,0.9,0.904,25.0002,False
K,45,150,29,0.95,1.0,100.0,True
K,45,150,30,0.8,0.7697,0.7228,False
K,45,150,30,0.9,0.8326,1.0905,False
K,45,150,30,0.95,0.9725,73.6995,True
K,45,150,31,0.8,0.7394,0.6404,False
K,45,150,31,0.9,0.904,25.0002,False
K,45,150,31,0.95,0.9725,73.6995,True
K,45,150,32,0.8,0.8037,0.8954,False
K,45,150,32,0.9,0.904,25.0002,False
K,45,150,32,0.95,0.9725,73.6995,True
K,45,150,33,0.8,0.7697,0.7228,False
K,45,150,33,0.9,0.904,25.0002,False
K,45,150,33,0.95,0.9725,73.6995,True
K,45,150,34,0.8,0.7902,0.8071,False
K,45,150,34,0.9,0.904,25.0002,False
K,45,150,34,0.95,0.9725,73.6995,True
K,45,150,35,0.8,0.7697,0.7228,False
K,45,150,35,0.9,0.904,25.0002,False
K,45,150,35,0.95,0.91,30.1645,False
K,45,150,36,0.8,0.7902,0.8071,False
K,45,150,36,0.9,0.904,25.0002,False
K,45,150,36,0.95,0.9725,73.6995,True
K,45,150,37,0.8,0.7902,0.8071,False
K,45,150,37,0.9,0.904,25.0002,False
K,45,150,37,0.95,0.9725,73.6995,True
K,45,150,38,0.8,0.7697,0.7228,False
K,45,150,38,0.9,0.904,25.0002,False
K,45,150,38,0.95,0.904,25.0002,False
K,45,150,39,0.8,0.7697,0.7228,False
K,45,150,39,0.9,0.904,25.0002,False
K,45,150,39,0.95,0.9725,73.6995,True
K,45,250,0,0.8,0.8266,1.0243,False
K,45,250,0,0.9,0.904,25.0002,False
K,45,250,0,0.95,0.9725,73.6995,True
K,45,250,1,0.8,0.7902,0.8071,False
K,45,250,1,0.9,0.904,25.0002,False
K,45,250,1,0.95,0.9725,73.6995,True
K,45,250,2,0.8,0.7697,0.7228,False
K,45,250,2,0.9,0.904,25.0002,False
K,45,250,2,0.95,0.9725,73.6995,True
K,45,250,3,0.8,0.7417,0.6453,False
K,45,250,3,0.9,0.904,25.0002,False
K,45,250,3,0.95,0.9725,73.6995,True
K,45,250,4,0.8,0.7902,0.8071,False
K,45,250,4,0.9,0.91,30.1645,False
K,45,250,4,0.95,0.9725,73.6995,True
K,45,250,5,0.8,0.7697,0.7228,False
K,45,250,5,0.9,0.904,25.0002,False
K,45,250,5,0.95,0.9725,73.6995,True
K,45,250,6,0.8,0.7697,0.7228,False
K,45,250,6,0.9,0.904,25.0002,False
K,45,250,6,0.95,0.9725,73.6995,True
K,45,250,7,0.8,0.7697,0.7228,False
K,45,250,7,0.9,0.904,25.0002,False
K,45,250,7,0.95,0.9725,73.6995,True
K,45,250,8,0.8,0.7697,0.7228,False
K,45,250,8,0.9,0.904,25.0002,False
K,45,250,8,0.95,0.9725,73.6995,True
K,45,250,9,0.8,0.7697,0.7228,False
K,45,250,9,0.9,0.904,25.0002,False
K,45,250,9,0.95,0.9725,73.6995,True
K,45,250,10,0.8,0.7902,0.8071,False
K,45,250,10,0.9,0.904,25.0002,False
K,45,250,10,0.95,0.9725,73.6995,True
K,45,250,11,0.8,0.7902,0.8071,False
K,45,250,11,0.9,0.904,25.0002,False
K,45,250,11,0.95,0.9725,73.6995,True
K,45,250,12,0.8,0.7902,0.8071,False
K,45,250,12,0.9,0.904,25.0002,False
K,45,250,12,0.95,0.9725,73.6995,True
K,45,250,13,0.8,0.7697,0.7228,False
K,45,250,13,0.9,0.904,25.0002,False
K,45,250,13,0.95,0.9725,73.6995,True
K,45,250,14,0.8,0.7697,0.7228,False
K,45,250,14,0.9,0.904,25.0002,False
K,45,250,14,0.95,0.9725,73.6995,True
K,45,250,15,0.8,0.7902,0.8071,False
K,45,250,15,0.9,0.904,25.0002,False
K,45,250,15,0.95,0.9725,73.6995,True
K,45,250,16,0.8,0.7697,0.7228,False
K,45,250,16,0.9,0.904,25.0002,False
K,45,250,16,0.95,0.973,73.923,True
K,45,250,17,0.8,0.7697,0.7228,False
K,45,250,17,0.9,0.8326,1.0905,False
K,45,250,17,0.95,0.9166,34.8358,False
K,45,250,18,0.8,0.7697,0.7228,False
K,45,250,18,0.9,0.904,25.0002,False
K,45,250,18,0.95,0.9725,73.6995,True
K,45,250,19,0.8,0.7902,0.8071,False
K,45,250,19,0.9,0.904,25.0002,False
K,45,250,19,0.95,0.9725,73.6995,True
K,45,250,20,0.8,0.7697,0.7228,False
K,45,250,20,0.9,0.904,25.0002,False
K,45,250,20,0.95,0.9725,73.6995,True
K,45,250,21,0.8,0.7394,0.6404,False
K,45,250,21,0.9,0.904,25.0002,False
K,45,250,21,0.95,0.9725,73.6995,True
K,45,250,22,0.8,0.8005,0.8772,False
K,45,250,22,0.9,0.904,25.0002,False
K,45,250,22,0.95,0.9725,73.6995,True
K,45,250,23,0.8,0.7697,0.7228,False
K,45,250,23,0.9,0.904,25.0002,False
K,45,250,23,0.95,0.9725,73.6995,True
K,45,250,24,0.8,0.7394,0.6404,False
K,45,250,24,0.9,0.904,25.0002,False
K,45,250,24,0.95,0.9725,73.6995,True
K,45,250,25,0.8,0.7697,0.7228,False
K,45,250,25,0.9,0.904,25.0002,False
K,45,250,25,0.95,0.9725,73.6995,True
K,45,250,26,0.8,0.7902,0.8071,False
K,45,250,26,0.9,0.904,25.0002,False
K,45,250,26,0.95,0.9725,73.6995,True
K,45,250,27,0.8,0.8266,1.0243,False
K,45,250,27,0.9,0.904,25.0002,False
K,45,250,27,0.95,0.9725,73.6995,True
K,45,250,28,0.8,0.7697,0.7228,False
K,45,250,28,0.9,0.904,25.0002,False
K,45,250,28,0.95,0.9725,73.6995,True
K,45,250,29,0.8,0.7394,0.6404,False
K,45,250,29,0.9,0.904,25.0002,False
K,45,250,29,0.95,0.9725,73.6995,True
K,45,250,30,0.8,0.7697,0.7228,False
K,45,250,30,0.9,0.904,25.0002,False
K,45,250,30,0.95,0.9725,73.6995,True
K,45,250,31,0.8,0.7902,0.8071,False
K,45,250,31,0.9,0.904,25.0002,False
K,45,250,31,0.95,0.9725,73.6995,True
K,45,250,32,0.8,0.7697,0.7228,False
K,45,250,32,0.9,0.904,25.0002,False
K,45,250,32,0.95,0.9725,73.6995,True
K,45,250,33,0.8,0.7394,0.6404,False
K,45,250,33,0.9,0.904,25.0002,False
K,45,250,33,0.95,0.9725,73.6995,True
K,45,250,34,0.8,0.7902,0.8071,False
K,45,250,34,0.9,0.904,25.0002,False
K,45,250,34,0.95,0.9725,73.6995,True
K,45,250,35,0.8,0.8037,0.8954,False
K,45,250,35,0.9,0.904,25.0002,False
K,45,250,35,0.95,0.9725,73.6995,True
K,45,250,36,0.8,0.8005,0.8772,False
K,45,250,36,0.9,0.904,25.0002,False
K,45,250,36,0.95,0.9725,73.6995,True
K,45,250,37,0.8,0.8005,0.8772,False
K,45,250,37,0.9,0.904,25.0002,False
K,45,250,37,0.95,0.9725,73.6995,True
K,45,250,38,0.8,0.8005,0.8772,False
K,45,250,38,0.9,0.904,25.0002,False
K,45,250,38,0.95,0.9725,73.6995,True
K,45,250,39,0.8,0.7902,0.8071,False
K,45,250,39,0.9,0.904,25.0002,False
K,45,250,39,0.95,0.9725,73.6995,True
K,45,500,0,0.8,0.7697,0.7228,False
K,45,500,0,0.9,0.904,25.0002,False
K,45,500,0,0.95,0.9725,73.6995,True
K,45,500,1,0.8,0.7697,0.7228,False
K,45,500,1,0.9,0.904,25.0002,False
K,45,500,1,0.95,0.9725,73.6995,True
K,45,500,2,0.8,0.8005,0.8772,False
K,45,500,2,0.9,0.904,25.0002,False
K,45,500,2,0.95,0.9725,73.6995,True
K,45,500,3,0.8,0.7902,0.8071,False
K,45,500,3,0.9,0.904,25.0002,False
K,45,500,3,0.95,0.9725,73.6995,True
K,45,500,4,0.8,0.7697,0.7228,False
K,45,500,4,0.9,0.904,25.0002,False
K,45,500,4,0.95,0.9725,73.6995,True
K,45,500,5,0.8,0.7697,0.7228,False
K,45,500,5,0.9,0.904,25.0002,False
K,45,500,5,0.95,0.9725,73.6995,True
K,45,500,6,0.8,0.7902,0.8071,False
K,45,500,6,0.9,0.904,25.0002,False
K,45,500,6,0.95,0.9725,73.6995,True
K,45,500,7,0.8,0.7697,0.7228,False
K,45,500,7,0.9,0.904,25.0002,False
K,45,500,7,0.95,0.9725,73.6995,True
K,45,500,8,0.8,0.7483,0.6577,False
K,45,500,8,0.9,0.904,25.0002,False
K,45,500,8,0.95,0.9725,73.6995,True
K,45,500,9,0.8,0.7902,0.8071,False
K,45,500,9,0.9,0.904,25.0002,False
K,45,500,9,0.95,0.9725,73.6995,True
K,45,500,10,0.8,0.8005,0.8772,False
K,45,500,10,0.9,0.904,25.0002,False
K,45,500,10,0.95,0.9725,73.6995,True
K,45,500,11,0.8,0.7697,0.7228,False
K,45,500,11,0.9,0.904,25.0002,False
K,45,500,11,0.95,0.9725,73.6995,True
K,45,500,12,0.8,0.7697,0.7228,False
K,45,500,12,0.9,0.904,25.0002,False
K,45,500,12,0.95,0.9725,73.6995,True
K,45,500,13,0.8,0.7697,0.7228,False
K,45,500,13,0.9,0.904,25.0002,False
K,45,500,13,0.95,0.9725,73.6995,True
K,45,500,14,0.8,0.7697,0.7228,False
K,45,500,14,0.9,0.904,25.0002,False
K,45,500,14,0.95,0.9725,73.6995,True
K,45,500,15,0.8,0.7697,0.7228,False
K,45,500,15,0.9,0.904,25.0002,False
K,45,500,15,0.95,0.9725,73.6995,True
K,45,500,16,0.8,0.7902,0.8071,False
K,45,500,16,0.9,0.904,25.0002,False
K,45,500,16,0.95,0.9725,73.6995,True
K,45,500,17,0.8,0.7902,0.8071,False
K,45,500,17,0.9,0.904,25.0002,False
K,45,500,17,0.95,0.9725,73.6995,True
K,45,500,18,0.8,0.7697,0.7228,False
K,45,500,18,0.9,0.904,25.0002,False
K,45,500,18,0.95,0.9725,73.6995,True
K,45,500,19,0.8,0.7697,0.7228,False
K,45,500,19,0.9,0.904,25.0002,False
K,45,500,19,0.95,0.9725,73.6995,True
K,45,500,20,0.8,0.7697,0.7228,False
K,45,500,20,0.9,0.904,25.0002,False
K,45,500,20,0.95,0.9725,73.6995,True
K,45,500,21,0.8,0.7902,0.8071,False
K,45,500,21,0.9,0.904,25.0002,False
K,45,500,21,0.95,0.9725,73.6995,True
K,45,500,22,0.8,0.7902,0.8071,False
K,45,500,22,0.9,0.904,25.0002,False
K,45,500,22,0.95,0.9725,73.6995,True
K,45,500,23,0.8,0.7902,0.8071,False
K,45,500,23,0.9,0.904,25.0002,False
K,45,500,23,0.95,0.9725,73.6995,True
K,45,500,24,0.8,0.7697,0.7228,False
K,45,500,24,0.9,0.904,25.0002,False
K,45,500,24,0.95,0.9725,73.6995,True
K,45,500,25,0.8,0.7697,0.7228,False
K,45,500,25,0.9,0.904,25.0002,False
K,45,500,25,0.95,0.9725,73.6995,True
K,45,500,26,0.8,0.7697,0.7228,False
K,45,500,26,0.9,0.904,25.0002,False
K,45,500,26,0.95,0.9725,73.6995,True
K,45,500,27,0.8,0.7902,0.8071,False
K,45,500,27,0.9,0.904,25.0002,False
K,45,500,27,0.95,0.9725,73.6995,True
K,45,500,28,0.8,0.7902,0.8071,False
K,45,500,28,0.9,0.904,25.0002,False
K,45,500,28,0.95,0.9725,73.6995,True
K,45,500,29,0.8,0.7697,0.7228,False
K,45,500,29,0.9,0.904,25.0002,False
K,45,500,29,0.95,0.9725,73.6995,True
K,45,500,30,0.8,0.7902,0.8071,False
K,45,500,30,0.9,0.904,25.0002,False
K,45,500,30,0.95,0.9725,73.6995,True
K,45,500,31,0.8,0.7697,0.7228,False
K,45,500,31,0.9,0.904,25.0002,False
K,45,500,31,0.95,0.9725,73.6995,True
K,45,500,32,0.8,0.7902,0.8071,False
K,45,500,32,0.9,0.904,25.0002,False
K,45,500,32,0.95,0.9725,73.6995,True
K,45,500,33,0.8,0.7697,0.7228,False
K,45,500,33,0.9,0.904,25.0002,False
K,45,500,33,0.95,0.9725,73.6995,True
K,45,500,34,0.8,0.7697,0.7228,False
K,45,500,34,0.9,0.904,25.0002,False
K,45,500,34,0.95,0.9725,73.6995,True
K,45,500,35,0.8,0.7697,0.7228,False
K,45,500,35,0.9,0.904,25.0002,False
K,45,500,35,0.95,0.9725,73.6995,True
K,45,500,36,0.8,0.7483,0.6577,False
K,45,500,36,0.9,0.904,25.0002,False
K,45,500,36,0.95,0.9725,73.6995,True
K,45,500,37,0.8,0.7697,0.7228,False
K,45,500,37,0.9,0.904,25.0002,False
K,45,500,37,0.95,0.9725,73.6995,True
K,45,500,38,0.8,0.8266,1.0243,False
K,45,500,38,0.9,0.9166,34.8358,False
K,45,500,38,0.95,0.9725,73.6995,True
K,45,500,39,0.8,0.7902,0.8071,False
K,45,500,39,0.9,0.904,25.0002,False
K,45,500,39,0.95,0.9725,73.6995,True
K,45,1000,0,0.8,0.7697,0.7228,False
K,45,1000,0,0.9,0.904,25.0002,False
K,45,1000,0,0.95,0.9725,73.6995,True
K,45,1000,1,0.8,0.7902,0.8071,False
K,45,1000,1,0.9,0.904,25.0002,False
K,45,1000,1,0.95,0.9725,73.6995,True
K,45,1000,2,0.8,0.7697,0.7228,False
K,45,1000,2,0.9,0.904,25.0002,False
K,45,1000,2,0.95,0.9725,73.6995,True
K,45,1000,3,0.8,0.7902,0.8071,False
K,45,1000,3,0.9,0.904,25.0002,False
K,45,1000,3,0.95,0.9725,73.6995,True
K,45,1000,4,0.8,0.7697,0.7228,False
K,45,1000,4,0.9,0.904,25.0002,False
K,45,1000,4,0.95,0.9725,73.6995,True
K,45,1000,5,0.8,0.7697,0.7228,False
K,45,1000,5,0.9,0.904,25.0002,False
K,45,1000,5,0.95,0.9725,73.6995,True
K,45,1000,6,0.8,0.7902,0.8071,False
K,45,1000,6,0.9,0.904,25.0002,False
K,45,1000,6,0.95,0.9725,73.6995,True
K,45,1000,7,0.8,0.7697,0.7228,False
K,45,1000,7,0.9,0.904,25.0002,False
K,45,1000,7,0.95,0.9725,73.6995,True
K,45,1000,8,0.8,0.7697,0.7228,False
K,45,1000,8,0.9,0.904,25.0002,False
K,45,1000,8,0.95,0.9725,73.6995,True
K,45,1000,9,0.8,0.7697,0.7228,False
K,45,1000,9,0.9,0.904,25.0002,False
K,45,1000,9,0.95,0.9725,73.6995,True
K,45,1000,10,0.8,0.7697,0.7228,False
K,45,1000,10,0.9,0.904,25.0002,False
K,45,1000,10,0.95,0.9725,73.6995,True
K,45,1000,11,0.8,0.7697,0.7228,False
K,45,1000,11,0.9,0.904,25.0002,False
K,45,1000,11,0.95,0.9725,73.6995,True
K,45,1000,12,0.8,0.7697,0.7228,False
K,45,1000,12,0.9,0.904,25.0002,False
K,45,1000,12,0.95,0.9725,73.6995,True
K,45,1000,13,0.8,0.7697,0.7228,False
K,45,1000,13,0.9,0.904,25.0002,False
K,45,1000,13,0.95,0.9725,73.6995,True
K,45,1000,14,0.8,0.7697,0.7228,False
K,45,1000,14,0.9,0.904,25.0002,False
K,45,1000,14,0.95,0.9725,73.6995,True
K,45,1000,15,0.8,0.7697,0.7228,False
K,45,1000,15,0.9,0.904,25.0002,False
K,45,1000,15,0.95,0.9725,73.6995,True
K,45,1000,16,0.8,0.7697,0.7228,False
K,45,1000,16,0.9,0.904,25.0002,False
K,45,1000,16,0.95,0.9725,73.6995,True
K,45,1000,17,0.8,0.7902,0.8071,False
K,45,1000,17,0.9,0.904,25.0002,False
K,45,1000,17,0.95,0.9725,73.6995,True
K,45,1000,18,0.8,0.7697,0.7228,False
K,45,1000,18,0.9,0.904,25.0002,False
K,45,1000,18,0.95,0.9725,73.6995,True
K,45,1000,19,0.8,0.7697,0.7228,False
K,45,1000,19,0.9,0.904,25.0002,False
K,45,1000,19,0.95,0.9725,73.6995,True
K,45,1000,20,0.8,0.7697,0.7228,False
K,45,1000,20,0.9,0.904,25.0002,False
K,45,1000,20,0.95,0.9725,73.6995,True
K,45,1000,21,0.8,0.7902,0.8071,False
K,45,1000,21,0.9,0.904,25.0002,False
K,45,1000,21,0.95,0.9725,73.6995,True
K,45,1000,22,0.8,0.7697,0.7228,False
K,45,1000,22,0.9,0.904,25.0002,False
K,45,1000,22,0.95,0.9725,73.6995,True
K,45,1000,23,0.8,0.7697,0.7228,False
K,45,1000,23,0.9,0.904,25.0002,False
K,45,1000,23,0.95,0.9725,73.6995,True
K,45,1000,24,0.8,0.7902,0.8071,False
K,45,1000,24,0.9,0.904,25.0002,False
K,45,1000,24,0.95,0.9725,73.6995,True
K,45,1000,25,0.8,0.7697,0.7228,False
K,45,1000,25,0.9,0.904,25.0002,False
K,45,1000,25,0.95,0.9725,73.6995,True
K,45,1000,26,0.8,0.7697,0.7228,False
K,45,1000,26,0.9,0.904,25.0002,False
K,45,1000,26,0.95,0.9725,73.6995,True
K,45,1000,27,0.8,0.7697,0.7228,False
K,45,1000,27,0.9,0.904,25.0002,False
K,45,1000,27,0.95,0.9725,73.6995,True
K,45,1000,28,0.8,0.7697,0.7228,False
K,45,1000,28,0.9,0.904,25.0002,False
K,45,1000,28,0.95,0.9725,73.6995,True
K,45,1000,29,0.8,0.7697,0.7228,False
K,45,1000,29,0.9,0.904,25.0002,False
K,45,1000,29,0.95,0.9725,73.6995,True
K,45,1000,30,0.8,0.7697,0.7228,False
K,45,1000,30,0.9,0.904,25.0002,False
K,45,1000,30,0.95,0.9725,73.6995,True
K,45,1000,31,0.8,0.7902,0.8071,False
K,45,1000,31,0.9,0.904,25.0002,False
K,45,1000,31,0.95,0.9725,73.6995,True
K,45,1000,32,0.8,0.7697,0.7228,False
K,45,1000,32,0.9,0.904,25.0002,False
K,45,1000,32,0.95,0.9725,73.6995,True
K,45,1000,33,0.8,0.7697,0.7228,False
K,45,1000,33,0.9,0.904,25.0002,False
K,45,1000,33,0.95,0.9725,73.6995,True
K,45,1000,34,0.8,0.7697,0.7228,False
K,45,1000,34,0.9,0.904,25.0002,False
K,45,1000,34,0.95,0.9725,73.6995,True
K,45,1000,35,0.8,0.7697,0.7228,False
K,45,1000,35,0.9,0.904,25.0002,False
K,45,1000,35,0.95,0.9725,73.6995,True
K,45,1000,36,0.8,0.7697,0.7228,False
K,45,1000,36,0.9,0.904,25.0002,False
K,45,1000,36,0.95,0.9725,73.6995,True
K,45,1000,37,0.8,0.7697,0.7228,False
K,45,1000,37,0.9,0.904,25.0002,False
K,45,1000,37,0.95,0.9725,73.6995,True
K,45,1000,38,0.8,0.7697,0.7228,False
K,45,1000,38,0.9,0.904,25.0002,False
K,45,1000,38,0.95,0.9725,73.6995,True
K,45,1000,39,0.8,0.7902,0.8071,False
K,45,1000,39,0.9,0.904,25.0002,False
K,45,1000,39,0.95,0.9725,73.6995,True
K,45,1252,0,0.8,0.7697,0.7228,False
K,45,1252,0,0.9,0.904,25.0002,False
K,45,1252,0,0.95,0.9725,73.6995,True
K,46,10,0,0.8,1.0,100.0,True
K,46,10,0,0.9,1.0,100.0,True
K,46,10,0,0.95,1.0,100.0,True
K,46,10,1,0.8,1.0,100.0,True
K,46,10,1,0.9,1.0,100.0,True
K,46,10,1,0.95,1.0,100.0,True
K,46,10,2,0.8,1.0,100.0,True
K,46,10,2,0.9,1.0,100.0,True
K,46,10,2,0.95,1.0,100.0,True
K,46,10,3,0.8,0.78,0.7284,False
K,46,10,3,0.9,0.78,0.7284,False
K,46,10,3,0.95,0.78,0.7284,False
K,46,10,4,0.8,0.78,0.7284,False
K,46,10,4,0.9,0.78,0.7284,False
K,46,10,4,0.95,0.78,0.7284,False
K,46,10,5,0.8,1.0,100.0,True
K,46,10,5,0.9,1.0,100.0,True
K,46,10,5,0.95,1.0,100.0,True
K,46,10,6,0.8,0.9179,44.7935,False
K,46,10,6,0.9,0.9179,44.7935,False
K,46,10,6,0.95,0.9179,44.7935,False
K,46,10,7,0.8,0.6793,0.4981,False
K,46,10,7,0.9,0.6793,0.4981,False
K,46,10,7,0.95,0.6793,0.4981,False
K,46,10,8,0.8,0.8303,1.0129,False
K,46,10,8,0.9,0.8303,1.0129,False
K,46,10,8,0.95,0.8303,1.0129,False
K,46,10,9,0.8,0.6793,0.4981,False
K,46,10,9,0.9,0.6793,0.4981,False
K,46,10,9,0.95,0.6793,0.4981,False
K,46,10,10,0.8,0.6793,0.4981,False
K,46,10,10,0.9,0.6793,0.4981,False
K,46,10,10,0.95,0.6793,0.4981,False
K,46,10,11,0.8,1.0,100.0,True
K,46,10,11,0.9,1.0,100.0,True
K,46,10,11,0.95,1.0,100.0,True
K,46,10,12,0.8,1.0,100.0,True
K,46,10,12,0.9,1.0,100.0,True
K,46,10,12,0.95,1.0,100.0,True
K,46,10,13,0.8,1.0,100.0,True
K,46,10,13,0.9,1.0,100.0,True
K,46,10,13,0.95,1.0,100.0,True
K,46,10,14,0.8,1.0,100.0,True
K,46,10,14,0.9,1.0,100.0,True
K,46,10,14,0.95,1.0,100.0,True
K,46,10,15,0.8,0.8093,0.8556,False
K,46,10,15,0.9,0.8093,0.8556,False
K,46,10,15,0.95,0.8093,0.8556,False
K,46,10,16,0.8,1.0,100.0,True
K,46,10,16,0.9,1.0,100.0,True
K,46,10,16,0.95,1.0,100.0,True
K,46,10,17,0.8,0.9179,44.7935,False
K,46,10,17,0.9,0.9179,44.7935,False
K,46,10,17,0.95,0.9179,44.7935,False
K,46,10,18,0.8,1.0,100.0,True
K,46,10,18,0.9,1.0,100.0,True
K,46,10,18,0.95,1.0,100.0,True
K,46,10,19,0.8,1.0,100.0,True
K,46,10,19,0.9,1.0,100.0,True
K,46,10,19,0.95,1.0,100.0,True
K,46,10,20,0.8,1.0,100.0,True
K,46,10,20,0.9,1.0,100.0,True
K,46,10,20,0.95,1.0,100.0,True
K,46,10,21,0.8,0.8093,0.8556,False
K,46,10,21,0.9,0.8093,0.8556,False
K,46,10,21,0.95,0.8093,0.8556,False
K,46,10,22,0.8,1.0,100.0,True
K,46,10,22,0.9,1.0,100.0,True
K,46,10,22,0.95,1.0,100.0,True
K,46,10,23,0.8,1.0,100.0,True
K,46,10,23,0.9,1.0,100.0,True
K,46,10,23,0.95,1.0,100.0,True
K,46,10,24,0.8,0.8732,18.2411,False
K,46,10,24,0.9,0.8732,18.2411,False
K,46,10,24,0.95,0.8732,18.2411,False
K,46,10,25,0.8,1.0,100.0,True
K,46,10,25,0.9,1.0,100.0,True
K,46,10,25,0.95,1.0,100.0,True
K,46,10,26,0.8,0.7184,0.5623,False
K,46,10,26,0.9,0.7184,0.5623,False
K,46,10,26,0.95,0.7184,0.5623,False
K,46,10,27,0.8,1.0,100.0,True
K,46,10,27,0.9,1.0,100.0,True
K,46,10,27,0.95,1.0,100.0,True
K,46,10,28,0.8,0.8135,0.885,False
K,46,10,28,0.9,0.8135,0.885,False
K,46,10,28,0.95,0.8135,0.885,False
K,46,10,29,0.8,1.0,100.0,True
K,46,10,29,0.9,1.0,100.0,True
K,46,10,29,0.95,1.0,100.0,True
K,46,10,30,0.8,0.7972,0.8018,False
K,46,10,30,0.9,0.7972,0.8018,False
K,46,10,30,0.95,0.7972,0.8018,False
K,46,10,31,0.8,0.9179,44.7935,False
K,46,10,31,0.9,0.9179,44.7935,False
K,46,10,31,0.95,0.9179,44.7935,False
K,46,10,32,0.8,1.0,100.0,True
K,46,10,32,0.9,1.0,100.0,True
K,46,10,32,0.95,1.0,100.0,True
K,46,10,33,0.8,1.0,100.0,True
K,46,10,33,0.9,1.0,100.0,True
K,46,10,33,0.95,1.0,100.0,True
K,46,10,34,0.8,0.9179,44.7935,False
K,46,10,34,0.9,0.9179,44.7935,False
K,46,10,34,0.95,0.9179,44.7935,False
K,46,10,35,0.8,1.0,100.0,True
K,46,10,35,0.9,1.0,100.0,True
K,46,10,35,0.95,1.0,100.0,True
K,46,10,36,0.8,1.0,100.0,True
K,46,10,36,0.9,1.0,100.0,True
K,46,10,36,0.95,1.0,100.0,True
K,46,10,37,0.8,1.0,100.0,True
K,46,10,37,0.9,1.0,100.0,True
K,46,10,37,0.95,1.0,100.0,True
K,46,10,38,0.8,1.0,100.0,True
K,46,10,38,0.9,1.0,100.0,True
K,46,10,38,0.95,1.0,100.0,True
K,46,10,39,0.8,1.0,100.0,True
K,46,10,39,0.9,1.0,100.0,True
K,46,10,39,0.95,1.0,100.0,True
K,46,15,0,0.8,0.7972,0.8018,False
K,46,15,0,0.9,0.7972,0.8018,False
K,46,15,0,0.95,0.7972,0.8018,False
K,46,15,1,0.8,1.0,100.0,True
K,46,15,1,0.9,1.0,100.0,True
K,46,15,1,0.95,1.0,100.0,True
K,46,15,2,0.8,0.8368,1.1268,False
K,46,15,2,0.9,1.0,100.0,True
K,46,15,2,0.95,1.0,100.0,True
K,46,15,3,0.8,0.7972,0.8018,False
K,46,15,3,0.9,1.0,100.0,True
K,46,15,3,0.95,1.0,100.0,True
K,46,15,4,0.8,0.8303,1.0129,False
K,46,15,4,0.9,0.8368,1.1268,False
K,46,15,4,0.95,0.8368,1.1268,False
K,46,15,5,0.8,0.8303,1.0129,False
K,46,15,5,0.9,0.9179,44.7935,False
K,46,15,5,0.95,0.9179,44.7935,False
K,46,15,6,0.8,0.8135,0.885,False
K,46,15,6,0.9,0.9179,44.7935,False
K,46,15,6,0.95,0.9179,44.7935,False
K,46,15,7,0.8,1.0,100.0,True
K,46,15,7,0.9,1.0,100.0,True
K,46,15,7,0.95,1.0,100.0,True
K,46,15,8,0.8,1.0,100.0,True
K,46,15,8,0.9,1.0,100.0,True
K,46,15,8,0.95,1.0,100.0,True
K,46,15,9,0.8,0.6793,0.4981,False
K,46,15,9,0.9,0.8368,1.1268,False
K,46,15,9,0.95,0.8368,1.1268,False
K,46,15,10,0.8,0.7184,0.5623,False
K,46,15,10,0.9,0.7184,0.5623,False
K,46,15,10,0.95,0.7184,0.5623,False
K,46,15,11,0.8,0.8093,0.8556,False
K,46,15,11,0.9,1.0,100.0,True
K,46,15,11,0.95,1.0,100.0,True
K,46,15,12,0.8,0.8093,0.8556,False
K,46,15,12,0.9,0.8732,18.2411,False
K,46,15,12,0.95,0.8732,18.2411,False
K,46,15,13,0.8,0.9179,44.7935,False
K,46,15,13,0.9,1.0,100.0,True
K,46,15,13,0.95,1.0,100.0,True
K,46,15,14,0.8,0.9179,44.7935,False
K,46,15,14,0.9,1.0,100.0,True
K,46,15,14,0.95,1.0,100.0,True
K,46,15,15,0.8,1.0,100.0,True
K,46,15,15,0.9,1.0,100.0,True
K,46,15,15,0.95,1.0,100.0,True
K,46,15,16,0.8,0.9179,44.7935,False
K,46,15,16,0.9,1.0,100.0,True
K,46,15,16,0.95,1.0,100.0,True
K,46,15,17,0.8,0.9179,44.7935,False
K,46,15,17,0.9,1.0,100.0,True
K,46,15,17,0.95,1.0,100.0,True
K,46,15,18,0.8,1.0,100.0,True
K,46,15,18,0.9,1.0,100.0,True
K,46,15,18,0.95,1.0,100.0,True
K,46,15,19,0.8,0.8093,0.8556,False
K,46,15,19,0.9,0.8317,1.0511,False
K,46,15,19,0.95,0.8317,1.0511,False
K,46,15,20,0.8,0.78,0.7284,False
K,46,15,20,0.9,0.7972,0.8018,False
K,46,15,20,0.95,0.7972,0.8018,False
K,46,15,21,0.8,0.9179,44.7935,False
K,46,15,21,0.9,1.0,100.0,True
K,46,15,21,0.95,1.0,100.0,True
K,46,15,22,0.8,0.8732,18.2411,False
K,46,15,22,0.9,1.0,100.0,True
K,46,15,22,0.95,1.0,100.0,True
K,46,15,23,0.8,0.8732,18.2411,False
K,46,15,23,0.9,1.0,100.0,True
K,46,15,23,0.95,1.0,100.0,True
K,46,15,24,0.8,0.6793,0.4981,False
K,46,15,24,0.9,1.0,100.0,True
K,46,15,24,0.95,1.0,100.0,True
K,46,15,25,0.8,0.9179,44.7935,False
K,46,15,25,0.9,1.0,100.0,True
K,46,15,25,0.95,1.0,100.0,True
K,46,15,26,0.8,0.9198,45.8941,False
K,46,15,26,0.9,1.0,100.0,True
K,46,15,26,0.95,1.0,100.0,True
K,46,15,27,0.8,0.8303,1.0129,False
K,46,15,27,0.9,1.0,100.0,True
K,46,15,27,0.95,1.0,100.0,True
K,46,15,28,0.8,1.0,100.0,True
K,46,15,28,0.9,1.0,100.0,True
K,46,15,28,0.95,1.0,100.0,True
K,46,15,29,0.8,0.8317,1.0511,False
K,46,15,29,0.9,1.0,100.0,True
K,46,15,29,0.95,1.0,100.0,True
K,46,15,30,0.8,0.6793,0.4981,False
K,46,15,30,0.9,0.8303,1.0129,False
K,46,15,30,0.95,0.8303,1.0129,False
K,46,15,31,0.8,0.8732,18.2411,False
K,46,15,31,0.9,0.9179,44.7935,False
K,46,15,31,0.95,0.9179,44.7935,False
K,46,15,32,0.8,1.0,100.0,True
K,46,15,32,0.9,1.0,100.0,True
K,46,15,32,0.95,1.0,100.0,True
K,46,15,33,0.8,0.9179,44.7935,False
K,46,15,33,0.9,1.0,100.0,True
K,46,15,33,0.95,1.0,100.0,True
K,46,15,34,0.8,1.0,100.0,True
K,46,15,34,0.9,1.0,100.0,True
K,46,15,34,0.95,1.0,100.0,True
K,46,15,35,0.8,0.8368,1.1268,False
K,46,15,35,0.9,1.0,100.0,True
K,46,15,35,0.95,1.0,100.0,True
K,46,15,36,0.8,0.8303,1.0129,False
K,46,15,36,0.9,0.8732,18.2411,False
K,46,15,36,0.95,0.8732,18.2411,False
K,46,15,37,0.8,0.9179,44.7935,False
K,46,15,37,0.9,1.0,100.0,True
K,46,15,37,0.95,1.0,100.0,True
K,46,15,38,0.8,1.0,100.0,True
K,46,15,38,0.9,1.0,100.0,True
K,46,15,38,0.95,1.0,100.0,True
K,46,15,39,0.8,0.78,0.7284,False
K,46,15,39,0.9,0.8732,18.2411,False
K,46,15,39,0.95,0.8732,18.2411,False
K,46,20,0,0.8,0.8303,1.0129,False
K,46,20,0,0.9,0.9179,44.7935,False
K,46,20,0,0.95,0.9179,44.7935,False
K,46,20,1,0.8,0.8093,0.8556,False
K,46,20,1,0.9,1.0,100.0,True
K,46,20,1,0.95,1.0,100.0,True
K,46,20,2,0.8,0.8135,0.885,False
K,46,20,2,0.9,0.9179,44.7935,False
K,46,20,2,0.95,0.9179,44.7935,False
K,46,20,3,0.8,0.78,0.7284,False
K,46,20,3,0.9,0.8368,1.1268,False
K,46,20,3,0.95,0.8368,1.1268,False
K,46,20,4,0.8,0.7254,0.5787,False
K,46,20,4,0.9,1.0,100.0,True
K,46,20,4,0.95,1.0,100.0,True
K,46,20,5,0.8,0.8303,1.0129,False
K,46,20,5,0.9,1.0,100.0,True
K,46,20,5,0.95,1.0,100.0,True
K,46,20,6,0.8,0.8303,1.0129,False
K,46,20,6,0.9,1.0,100.0,True
K,46,20,6,0.95,1.0,100.0,True
K,46,20,7,0.8,0.8732,18.2411,False
K,46,20,7,0.9,1.0,100.0,True
K,46,20,7,0.95,1.0,100.0,True
K,46,20,8,0.8,0.5529,0.3892,False
K,46,20,8,0.9,0.8135,0.885,False
K,46,20,8,0.95,0.8135,0.885,False
K,46,20,9,0.8,0.8135,0.885,False
K,46,20,9,0.9,1.0,100.0,True
K,46,20,9,0.95,1.0,100.0,True
K,46,20,10,0.8,0.8093,0.8556,False
K,46,20,10,0.9,0.8732,18.2411,False
K,46,20,10,0.95,0.8732,18.2411,False
K,46,20,11,0.8,1.0,100.0,True
K,46,20,11,0.9,1.0,100.0,True
K,46,20,11,0.95,1.0,100.0,True
K,46,20,12,0.8,0.8303,1.0129,False
K,46,20,12,0.9,0.8732,18.2411,False
K,46,20,12,0.95,0.8732,18.2411,False
K,46,20,13,0.8,0.8732,18.2411,False
K,46,20,13,0.9,1.0,100.0,True
K,46,20,13,0.95,1.0,100.0,True
K,46,20,14,0.8,0.8093,0.8556,False
K,46,20,14,0.9,0.9179,44.7935,False
K,46,20,14,0.95,0.9179,44.7935,False
K,46,20,15,0.8,0.78,0.7284,False
K,46,20,15,0.9,0.8732,18.2411,False
K,46,20,15,0.95,0.8732,18.2411,False
K,46,20,16,0.8,1.0,100.0,True
K,46,20,16,0.9,1.0,100.0,True
K,46,20,16,0.95,1.0,100.0,True
K,46,20,17,0.8,0.8368,1.1268,False
K,46,20,17,0.9,1.0,100.0,True
K,46,20,17,0.95,1.0,100.0,True
K,46,20,18,0.8,0.8317,1.0511,False
K,46,20,18,0.9,0.9179,44.7935,False
K,46,20,18,0.95,0.9179,44.7935,False
K,46,20,19,0.8,0.9179,44.7935,False
K,46,20,19,0.9,1.0,100.0,True
K,46,20,19,0.95,1.0,100.0,True
K,46,20,20,0.8,0.8732,18.2411,False
K,46,20,20,0.9,1.0,100.0,True
K,46,20,20,0.95,1.0,100.0,True
K,46,20,21,0.8,0.78,0.7284,False
K,46,20,21,0.9,1.0,100.0,True
K,46,20,21,0.95,1.0,100.0,True
K,46,20,22,0.8,0.7972,0.8018,False
K,46,20,22,0.9,1.0,100.0,True
K,46,20,22,0.95,1.0,100.0,True
K,46,20,23,0.8,0.9179,44.7935,False
K,46,20,23,0.9,1.0,100.0,True
K,46,20,23,0.95,1.0,100.0,True
K,46,20,24,0.8,0.8368,1.1268,False
K,46,20,24,0.9,1.0,100.0,True
K,46,20,24,0.95,1.0,100.0,True
K,46,20,25,0.8,0.7184,0.5623,False
K,46,20,25,0.9,0.8732,18.2411,False
K,46,20,25,0.95,0.8732,18.2411,False
K,46,20,26,0.8,0.8303,1.0129,False
K,46,20,26,0.9,1.0,100.0,True
K,46,20,26,0.95,1.0,100.0,True
K,46,20,27,0.8,0.9179,44.7935,False
K,46,20,27,0.9,1.0,100.0,True
K,46,20,27,0.95,1.0,100.0,True
K,46,20,28,0.8,0.8732,18.2411,False
K,46,20,28,0.9,1.0,100.0,True
K,46,20,28,0.95,1.0,100.0,True
K,46,20,29,0.8,0.8135,0.885,False
K,46,20,29,0.9,0.8303,1.0129,False
K,46,20,29,0.95,0.8303,1.0129,False
K,46,20,30,0.8,0.7972,0.8018,False
K,46,20,30,0.9,1.0,100.0,True
K,46,20,30,0.95,1.0,100.0,True
K,46,20,31,0.8,0.78,0.7284,False
K,46,20,31,0.9,1.0,100.0,True
K,46,20,31,0.95,1.0,100.0,True
K,46,20,32,0.8,0.8732,18.2411,False
K,46,20,32,0.9,1.0,100.0,True
K,46,20,32,0.95,1.0,100.0,True
K,46,20,33,0.8,0.9179,44.7935,False
K,46,20,33,0.9,1.0,100.0,True
K,46,20,33,0.95,1.0,100.0,True
K,46,20,34,0.8,0.78,0.7284,False
K,46,20,34,0.9,0.9179,44.7935,False
K,46,20,34,0.95,0.9179,44.7935,False
K,46,20,35,0.8,0.9179,44.7935,False
K,46,20,35,0.9,1.0,100.0,True
K,46,20,35,0.95,1.0,100.0,True
K,46,20,36,0.8,0.78,0.7284,False
K,46,20,36,0.9,1.0,100.0,True
K,46,20,36,0.95,1.0,100.0,True
K,46,20,37,0.8,0.8732,18.2411,False
K,46,20,37,0.9,0.9179,44.7935,False
K,46,20,37,0.95,0.9179,44.7935,False
K,46,20,38,0.8,0.8368,1.1268,False
K,46,20,38,0.9,1.0,100.0,True
K,46,20,38,0.95,1.0,100.0,True
K,46,20,39,0.8,0.78,0.7284,False
K,46,20,39,0.9,0.8732,18.2411,False
K,46,20,39,0.95,0.8732,18.2411,False
K,46,25,0,0.8,0.8732,18.2411,False
K,46,25,0,0.9,1.0,100.0,True
K,46,25,0,0.95,1.0,100.0,True
K,46,25,1,0.8,0.8732,18.2411,False
K,46,25,1,0.9,1.0,100.0,True
K,46,25,1,0.95,1.0,100.0,True
K,46,25,2,0.8,0.8093,0.8556,False
K,46,25,2,0.9,1.0,100.0,True
K,46,25,2,0.95,1.0,100.0,True
K,46,25,3,0.8,0.9179,44.7935,False
K,46,25,3,0.9,1.0,100.0,True
K,46,25,3,0.95,1.0,100.0,True
K,46,25,4,0.8,0.8093,0.8556,False
K,46,25,4,0.9,1.0,100.0,True
K,46,25,4,0.95,1.0,100.0,True
K,46,25,5,0.8,0.7305,0.5974,False
K,46,25,5,0.9,1.0,100.0,True
K,46,25,5,0.95,1.0,100.0,True
K,46,25,6,0.8,1.0,100.0,True
K,46,25,6,0.9,1.0,100.0,True
K,46,25,6,0.95,1.0,100.0,True
K,46,25,7,0.8,0.9179,44.7935,False
K,46,25,7,0.9,1.0,100.0,True
K,46,25,7,0.95,1.0,100.0,True
K,46,25,8,0.8,0.8093,0.8556,False
K,46,25,8,0.9,1.0,100.0,True
K,46,25,8,0.95,1.0,100.0,True
K,46,25,9,0.8,0.8732,18.2411,False
K,46,25,9,0.9,1.0,100.0,True
K,46,25,9,0.95,1.0,100.0,True
K,46,25,10,0.8,0.8732,18.2411,False
K,46,25,10,0.9,1.0,100.0,True
K,46,25,10,0.95,1.0,100.0,True
K,46,25,11,0.8,0.8317,1.0511,False
K,46,25,11,0.9,1.0,100.0,True
K,46,25,11,0.95,1.0,100.0,True
K,46,25,12,0.8,0.9179,44.7935,False
K,46,25,12,0.9,1.0,100.0,True
K,46,25,12,0.95,1.0,100.0,True
K,46,25,13,0.8,1.0,100.0,True
K,46,25,13,0.9,1.0,100.0,True
K,46,25,13,0.95,1.0,100.0,True
K,46,25,14,0.8,0.8732,18.2411,False
K,46,25,14,0.9,1.0,100.0,True
K,46,25,14,0.95,1.0,100.0,True
K,46,25,15,0.8,0.7184,0.5623,False
K,46,25,15,0.9,0.9179,44.7935,False
K,46,25,15,0.95,0.9179,44.7935,False
K,46,25,16,0.8,0.8732,18.2411,False
K,46,25,16,0.9,1.0,100.0,True
K,46,25,16,0.95,1.0,100.0,True
K,46,25,17,0.8,1.0,100.0,True
K,46,25,17,0.9,1.0,100.0,True
K,46,25,17,0.95,1.0,100.0,True
K,46,25,18,0.8,0.78,0.7284,False
K,46,25,18,0.9,1.0,100.0,True
K,46,25,18,0.95,1.0,100.0,True
K,46,25,19,0.8,0.78,0.7284,False
K,46,25,19,0.9,1.0,100.0,True
K,46,25,19,0.95,1.0,100.0,True
K,46,25,20,0.8,0.8317,1.0511,False
K,46,25,20,0.9,1.0,100.0,True
K,46,25,20,0.95,1.0,100.0,True
K,46,25,21,0.8,0.8303,1.0129,False
K,46,25,21,0.9,1.0,100.0,True
K,46,25,21,0.95,1.0,100.0,True
K,46,25,22,0.8,0.7972,0.8018,False
K,46,25,22,0.9,0.8732,18.2411,False
K,46,25,22,0.95,0.8732,18.2411,False
K,46,25,23,0.8,1.0,100.0,True
K,46,25,23,0.9,1.0,100.0,True
K,46,25,23,0.95,1.0,100.0,True
K,46,25,24,0.8,0.7972,0.8018,False
K,46,25,24,0.9,1.0,100.0,True
K,46,25,24,0.95,1.0,100.0,True
K,46,25,25,0.8,1.0,100.0,True
K,46,25,25,0.9,1.0,100.0,True
K,46,25,25,0.95,1.0,100.0,True
K,46,25,26,0.8,0.78,0.7284,False
K,46,25,26,0.9,1.0,100.0,True
K,46,25,26,0.95,1.0,100.0,True
K,46,25,27,0.8,0.7972,0.8018,False
K,46,25,27,0.9,1.0,100.0,True
K,46,25,27,0.95,1.0,100.0,True
K,46,25,28,0.8,0.6793,0.4981,False
K,46,25,28,0.9,1.0,100.0,True
K,46,25,28,0.95,1.0,100.0,True
K,46,25,29,0.8,0.8732,18.2411,False
K,46,25,29,0.9,1.0,100.0,True
K,46,25,29,0.95,1.0,100.0,True
K,46,25,30,0.8,0.9179,44.7935,False
K,46,25,30,0.9,1.0,100.0,True
K,46,25,30,0.95,1.0,100.0,True
K,46,25,31,0.8,0.7972,0.8018,False
K,46,25,31,0.9,0.9179,44.7935,False
K,46,25,31,0.95,0.9179,44.7935,False
K,46,25,32,0.8,0.8732,18.2411,False
K,46,25,32,0.9,1.0,100.0,True
K,46,25,32,0.95,1.0,100.0,True
K,46,25,33,0.8,0.7254,0.5787,False
K,46,25,33,0.9,0.9179,44.7935,False
K,46,25,33,0.95,0.9179,44.7935,False
K,46,25,34,0.8,0.9179,44.7935,False
K,46,25,34,0.9,1.0,100.0,True
K,46,25,34,0.95,1.0,100.0,True
K,46,25,35,0.8,0.8303,1.0129,False
K,46,25,35,0.9,1.0,100.0,True
K,46,25,35,0.95,1.0,100.0,True
K,46,25,36,0.8,0.8368,1.1268,False
K,46,25,36,0.9,1.0,100.0,True
K,46,25,36,0.95,1.0,100.0,True
K,46,25,37,0.8,0.7972,0.8018,False
K,46,25,37,0.9,0.9179,44.7935,False
K,46,25,37,0.95,0.9179,44.7935,False
K,46,25,38,0.8,1.0,100.0,True
K,46,25,38,0.9,1.0,100.0,True
K,46,25,38,0.95,1.0,100.0,True
K,46,25,39,0.8,0.7305,0.5974,False
K,46,25,39,0.9,0.8303,1.0129,False
K,46,25,39,0.95,0.8303,1.0129,False
K,46,30,0,0.8,0.78,0.7284,False
K,46,30,0,0.9,1.0,100.0,True
K,46,30,0,0.95,1.0,100.0,True
K,46,30,1,0.8,0.9179,44.7935,False
K,46,30,1,0.9,1.0,100.0,True
K,46,30,1,0.95,1.0,100.0,True
K,46,30,2,0.8,0.8093,0.8556,False
K,46,30,2,0.9,0.9179,44.7935,False
K,46,30,2,0.95,1.0,100.0,True
K,46,30,3,0.8,0.8303,1.0129,False
K,46,30,3,0.9,1.0,100.0,True
K,46,30,3,0.95,1.0,100.0,True
K,46,30,4,0.8,0.8732,18.2411,False
K,46,30,4,0.9,0.9179,44.7935,False
K,46,30,4,0.95,0.9179,44.7935,False
K,46,30,5,0.8,0.8732,18.2411,False
K,46,30,5,0.9,0.9179,44.7935,False
K,46,30,5,0.95,1.0,100.0,True
K,46,30,6,0.8,0.8732,18.2411,False
K,46,30,6,0.9,1.0,100.0,True
K,46,30,6,0.95,1.0,100.0,True
K,46,30,7,0.8,0.7972,0.8018,False
K,46,30,7,0.9,0.8368,1.1268,False
K,46,30,7,0.95,1.0,100.0,True
K,46,30,8,0.8,0.6793,0.4981,False
K,46,30,8,0.9,1.0,100.0,True
K,46,30,8,0.95,1.0,100.0,True
K,46,30,9,0.8,0.6793,0.4981,False
K,46,30,9,0.9,0.7972,0.8018,False
K,46,30,9,0.95,1.0,100.0,True
K,46,30,10,0.8,0.8368,1.1268,False
K,46,30,10,0.9,1.0,100.0,True
K,46,30,10,0.95,1.0,100.0,True
K,46,30,11,0.8,0.8732,18.2411,False
K,46,30,11,0.9,1.0,100.0,True
K,46,30,11,0.95,1.0,100.0,True
K,46,30,12,0.8,0.7972,0.8018,False
K,46,30,12,0.9,0.8732,18.2411,False
K,46,30,12,0.95,0.9179,44.7935,False
K,46,30,13,0.8,0.78,0.7284,False
K,46,30,13,0.9,0.8368,1.1268,False
K,46,30,13,0.95,0.8368,1.1268,False
K,46,30,14,0.8,0.7972,0.8018,False
K,46,30,14,0.9,1.0,100.0,True
K,46,30,14,0.95,1.0,100.0,True
K,46,30,15,0.8,0.5758,0.406,False
K,46,30,15,0.9,0.842,2.3557,False
K,46,30,15,0.95,1.0,100.0,True
K,46,30,16,0.8,0.8303,1.0129,False
K,46,30,16,0.9,1.0,100.0,True
K,46,30,16,0.95,1.0,100.0,True
K,46,30,17,0.8,0.8303,1.0129,False
K,46,30,17,0.9,0.9179,44.7935,False
K,46,30,17,0.95,1.0,100.0,True
K,46,30,18,0.8,0.8317,1.0511,False
K,46,30,18,0.9,0.9179,44.7935,False
K,46,30,18,0.95,1.0,100.0,True
K,46,30,19,0.8,0.9179,44.7935,False
K,46,30,19,0.9,1.0,100.0,True
K,46,30,19,0.95,1.0,100.0,True
K,46,30,20,0.8,0.78,0.7284,False
K,46,30,20,0.9,0.9179,44.7935,False
K,46,30,20,0.95,0.9179,44.7935,False
K,46,30,21,0.8,0.8368,1.1268,False
K,46,30,21,0.9,0.8732,18.2411,False
K,46,30,21,0.95,1.0,100.0,True
K,46,30,22,0.8,0.6793,0.4981,False
K,46,30,22,0.9,1.0,100.0,True
K,46,30,22,0.95,1.0,100.0,True
K,46,30,23,0.8,0.78,0.7284,False
K,46,30,23,0.9,0.9179,44.7935,False
K,46,30,23,0.95,1.0,100.0,True
K,46,30,24,0.8,0.842,2.3557,False
K,46,30,24,0.9,1.0,100.0,True
K,46,30,24,0.95,1.0,100.0,True
K,46,30,25,0.8,0.8135,0.885,False
K,46,30,25,0.9,1.0,100.0,True
K,46,30,25,0.95,1.0,100.0,True
K,46,30,26,0.8,0.9179,44.7935,False
K,46,30,26,0.9,1.0,100.0,True
K,46,30,26,0.95,1.0,100.0,True
K,46,30,27,0.8,0.7972,0.8018,False
K,46,30,27,0.9,1.0,100.0,True
K,46,30,27,0.95,1.0,100.0,True
K,46,30,28,0.8,0.8303,1.0129,False
K,46,30,28,0.9,1.0,100.0,True
K,46,30,28,0.95,1.0,100.0,True
K,46,30,29,0.8,0.78,0.7284,False
K,46,30,29,0.9,0.9179,44.7935,False
K,46,30,29,0.95,0.9179,44.7935,False
K,46,30,30,0.8,0.7972,0.8018,False
K,46,30,30,0.9,0.8368,1.1268,False
K,46,30,30,0.95,1.0,100.0,True
K,46,30,31,0.8,0.9179,44.7935,False
K,46,30,31,0.9,0.9179,44.7935,False
K,46,30,31,0.95,1.0,100.0,True
K,46,30,32,0.8,1.0,100.0,True
K,46,30,32,0.9,1.0,100.0,True
K,46,30,32,0.95,1.0,100.0,True
K,46,30,33,0.8,0.8303,1.0129,False
K,46,30,33,0.9,1.0,100.0,True
K,46,30,33,0.95,1.0,100.0,True
K,46,30,34,0.8,0.8732,18.2411,False
K,46,30,34,0.9,1.0,100.0,True
K,46,30,34,0.95,1.0,100.0,True
K,46,30,35,0.8,0.8732,18.2411,False
K,46,30,35,0.9,1.0,100.0,True
K,46,30,35,0.95,1.0,100.0,True
K,46,30,36,0.8,0.7184,0.5623,False
K,46,30,36,0.9,0.8093,0.8556,False
K,46,30,36,0.95,0.8135,0.885,False
K,46,30,37,0.8,0.8303,1.0129,False
K,46,30,37,0.9,0.9179,44.7935,False
K,46,30,37,0.95,1.0,100.0,True
K,46,30,38,0.8,0.8732,18.2411,False
K,46,30,38,0.9,1.0,100.0,True
K,46,30,38,0.95,1.0,100.0,True
K,46,30,39,0.8,0.7972,0.8018,False
K,46,30,39,0.9,1.0,100.0,True
K,46,30,39,0.95,1.0,100.0,True
K,46,40,0,0.8,0.9179,44.7935,False
K,46,40,0,0.9,1.0,100.0,True
K,46,40,0,0.95,1.0,100.0,True
K,46,40,1,0.8,0.9179,44.7935,False
K,46,40,1,0.9,1.0,100.0,True
K,46,40,1,0.95,1.0,100.0,True
K,46,40,2,0.8,0.9179,44.7935,False
K,46,40,2,0.9,1.0,100.0,True
K,46,40,2,0.95,1.0,100.0,True
K,46,40,3,0.8,0.7305,0.5974,False
K,46,40,3,0.9,0.9179,44.7935,False
K,46,40,3,0.95,1.0,100.0,True
K,46,40,4,0.8,0.8317,1.0511,False
K,46,40,4,0.9,0.9179,44.7935,False
K,46,40,4,0.95,1.0,100.0,True
K,46,40,5,0.8,0.8303,1.0129,False
K,46,40,5,0.9,1.0,100.0,True
K,46,40,5,0.95,1.0,100.0,True
K,46,40,6,0.8,0.78,0.7284,False
K,46,40,6,0.9,0.8732,18.2411,False
K,46,40,6,0.95,1.0,100.0,True
K,46,40,7,0.8,0.8732,18.2411,False
K,46,40,7,0.9,1.0,100.0,True
K,46,40,7,0.95,1.0,100.0,True
K,46,40,8,0.8,0.6793,0.4981,False
K,46,40,8,0.9,0.7254,0.5787,False
K,46,40,8,0.95,0.8368,1.1268,False
K,46,40,9,0.8,0.8093,0.8556,False
K,46,40,9,0.9,0.9179,44.7935,False
K,46,40,9,0.95,1.0,100.0,True
K,46,40,10,0.8,0.8303,1.0129,False
K,46,40,10,0.9,1.0,100.0,True
K,46,40,10,0.95,1.0,100.0,True
K,46,40,11,0.8,0.8732,18.2411,False
K,46,40,11,0.9,1.0,100.0,True
K,46,40,11,0.95,1.0,100.0,True
K,46,40,12,0.8,0.9179,44.7935,False
K,46,40,12,0.9,1.0,100.0,True
K,46,40,12,0.95,1.0,100.0,True
K,46,40,13,0.8,0.78,0.7284,False
K,46,40,13,0.9,0.8303,1.0129,False
K,46,40,13,0.95,1.0,100.0,True
K,46,40,14,0.8,0.8303,1.0129,False
K,46,40,14,0.9,1.0,100.0,True
K,46,40,14,0.95,1.0,100.0,True
K,46,40,15,0.8,0.7305,0.5974,False
K,46,40,15,0.9,0.8732,18.2411,False
K,46,40,15,0.95,1.0,100.0,True
K,46,40,16,0.8,0.9179,44.7935,False
K,46,40,16,0.9,1.0,100.0,True
K,46,40,16,0.95,1.0,100.0,True
K,46,40,17,0.8,0.9179,44.7935,False
K,46,40,17,0.9,1.0,100.0,True
K,46,40,17,0.95,1.0,100.0,True
K,46,40,18,0.8,0.7972,0.8018,False
K,46,40,18,0.9,1.0,100.0,True
K,46,40,18,0.95,1.0,100.0,True
K,46,40,19,0.8,0.9179,44.7935,False
K,46,40,19,0.9,1.0,100.0,True
K,46,40,19,0.95,1.0,100.0,True
K,46,40,20,0.8,0.7972,0.8018,False
K,46,40,20,0.9,0.9179,44.7935,False
K,46,40,20,0.95,1.0,100.0,True
K,46,40,21,0.8,0.8303,1.0129,False
K,46,40,21,0.9,1.0,100.0,True
K,46,40,21,0.95,1.0,100.0,True
K,46,40,22,0.8,0.6793,0.4981,False
K,46,40,22,0.9,0.8093,0.8556,False
K,46,40,22,0.95,1.0,100.0,True
K,46,40,23,0.8,0.9179,44.7935,False
K,46,40,23,0.9,1.0,100.0,True
K,46,40,23,0.95,1.0,100.0,True
K,46,40,24,0.8,0.7184,0.5623,False
K,46,40,24,0.9,0.9179,44.7935,False
K,46,40,24,0.95,1.0,100.0,True
K,46,40,25,0.8,0.8303,1.0129,False
K,46,40,25,0.9,0.9179,44.7935,False
K,46,40,25,0.95,1.0,100.0,True
K,46,40,26,0.8,0.7972,0.8018,False
K,46,40,26,0.9,1.0,100.0,True
K,46,40,26,0.95,1.0,100.0,True
K,46,40,27,0.8,0.9179,44.7935,False
K,46,40,27,0.9,1.0,100.0,True
K,46,40,27,0.95,1.0,100.0,True
K,46,40,28,0.8,0.8732,18.2411,False
K,46,40,28,0.9,1.0,100.0,True
K,46,40,28,0.95,1.0,100.0,True
K,46,40,29,0.8,0.9179,44.7935,False
K,46,40,29,0.9,1.0,100.0,True
K,46,40,29,0.95,1.0,100.0,True
K,46,40,30,0.8,0.7249,0.5767,False
K,46,40,30,0.9,0.9179,44.7935,False
K,46,40,30,0.95,1.0,100.0,True
K,46,40,31,0.8,0.6862,0.5118,False
K,46,40,31,0.9,0.8732,18.2411,False
K,46,40,31,0.95,1.0,100.0,True
K,46,40,32,0.8,0.7972,0.8018,False
K,46,40,32,0.9,1.0,100.0,True
K,46,40,32,0.95,1.0,100.0,True
K,46,40,33,0.8,0.8093,0.8556,False
K,46,40,33,0.9,1.0,100.0,True
K,46,40,33,0.95,1.0,100.0,True
K,46,40,34,0.8,0.7972,0.8018,False
K,46,40,34,0.9,1.0,100.0,True
K,46,40,34,0.95,1.0,100.0,True
K,46,40,35,0.8,0.9179,44.7935,False
K,46,40,35,0.9,1.0,100.0,True
K,46,40,35,0.95,1.0,100.0,True
K,46,40,36,0.8,0.9179,44.7935,False
K,46,40,36,0.9,1.0,100.0,True
K,46,40,36,0.95,1.0,100.0,True
K,46,40,37,0.8,0.8303,1.0129,False
K,46,40,37,0.9,1.0,100.0,True
K,46,40,37,0.95,1.0,100.0,True
K,46,40,38,0.8,0.8303,1.0129,False
K,46,40,38,0.9,0.9179,44.7935,False
K,46,40,38,0.95,1.0,100.0,True
K,46,40,39,0.8,0.8303,1.0129,False
K,46,40,39,0.9,1.0,100.0,True
K,46,40,39,0.95,1.0,100.0,True
K,46,50,0,0.8,0.8303,1.0129,False
K,46,50,0,0.9,0.8732,18.2411,False
K,46,50,0,0.95,1.0,100.0,True
K,46,50,1,0.8,0.8303,1.0129,False
K,46,50,1,0.9,0.8732,18.2411,False
K,46,50,1,0.95,1.0,100.0,True
K,46,50,2,0.8,0.8732,18.2411,False
K,46,50,2,0.9,1.0,100.0,True
K,46,50,2,0.95,1.0,100.0,True
K,46,50,3,0.8,0.78,0.7284,False
K,46,50,3,0.9,0.9179,44.7935,False
K,46,50,3,0.95,1.0,100.0,True
K,46,50,4,0.8,0.842,2.3557,False
K,46,50,4,0.9,1.0,100.0,True
K,46,50,4,0.95,1.0,100.0,True
K,46,50,5,0.8,0.78,0.7284,False
K,46,50,5,0.9,0.9179,44.7935,False
K,46,50,5,0.95,1.0,100.0,True
K,46,50,6,0.8,0.8135,0.885,False
K,46,50,6,0.9,0.8732,18.2411,False
K,46,50,6,0.95,1.0,100.0,True
K,46,50,7,0.8,0.8093,0.8556,False
K,46,50,7,0.9,0.9179,44.7935,False
K,46,50,7,0.95,1.0,100.0,True
K,46,50,8,0.8,0.8093,0.8556,False
K,46,50,8,0.9,0.9179,44.7935,False
K,46,50,8,0.95,1.0,100.0,True
K,46,50,9,0.8,0.7972,0.8018,False
K,46,50,9,0.9,1.0,100.0,True
K,46,50,9,0.95,1.0,100.0,True
K,46,50,10,0.8,0.8368,1.1268,False
K,46,50,10,0.9,1.0,100.0,True
K,46,50,10,0.95,1.0,100.0,True
K,46,50,11,0.8,0.8732,18.2411,False
K,46,50,11,0.9,1.0,100.0,True
K,46,50,11,0.95,1.0,100.0,True
K,46,50,12,0.8,0.9179,44.7935,False
K,46,50,12,0.9,1.0,100.0,True
K,46,50,12,0.95,1.0,100.0,True
K,46,50,13,0.8,0.78,0.7284,False
K,46,50,13,0.9,0.8303,1.0129,False
K,46,50,13,0.95,1.0,100.0,True
K,46,50,14,0.8,0.78,0.7284,False
K,46,50,14,0.9,0.8732,18.2411,False
K,46,50,14,0.95,1.0,100.0,True
K,46,50,15,0.8,0.6793,0.4981,False
K,46,50,15,0.9,0.8732,18.2411,False
K,46,50,15,0.95,1.0,100.0,True
K,46,50,16,0.8,0.78,0.7284,False
K,46,50,16,0.9,1.0,100.0,True
K,46,50,16,0.95,1.0,100.0,True
K,46,50,17,0.8,0.7972,0.8018,False
K,46,50,17,0.9,0.8732,18.2411,False
K,46,50,17,0.95,0.9179,44.7935,False
K,46,50,18,0.8,0.8303,1.0129,False
K,46,50,18,0.9,1.0,100.0,True
K,46,50,18,0.95,1.0,100.0,True
K,46,50,19,0.8,0.8303,1.0129,False
K,46,50,19,0.9,1.0,100.0,True
K,46,50,19,0.95,1.0,100.0,True
K,46,50,20,0.8,0.78,0.7284,False
K,46,50,20,0.9,1.0,100.0,True
K,46,50,20,0.95,1.0,100.0,True
K,46,50,21,0.8,0.7972,0.8018,False
K,46,50,21,0.9,0.9179,44.7935,False
K,46,50,21,0.95,1.0,100.0,True
K,46,50,22,0.8,0.8732,18.2411,False
K,46,50,22,0.9,0.9179,44.7935,False
K,46,50,22,0.95,1.0,100.0,True
K,46,50,23,0.8,0.7972,0.8018,False
K,46,50,23,0.9,1.0,100.0,True
K,46,50,23,0.95,1.0,100.0,True
K,46,50,24,0.8,0.8303,1.0129,False
K,46,50,24,0.9,0.9179,44.7935,False
K,46,50,24,0.95,1.0,100.0,True
K,46,50,25,0.8,0.842,2.3557,False
K,46,50,25,0.9,0.9179,44.7935,False
K,46,50,25,0.95,1.0,100.0,True
K,46,50,26,0.8,0.8093,0.8556,False
K,46,50,26,0.9,0.8732,18.2411,False
K,46,50,26,0.95,1.0,100.0,True
K,46,50,27,0.8,0.78,0.7284,False
K,46,50,27,0.9,1.0,100.0,True
K,46,50,27,0.95,1.0,100.0,True
K,46,50,28,0.8,0.8093,0.8556,False
K,46,50,28,0.9,0.9179,44.7935,False
K,46,50,28,0.95,1.0,100.0,True
K,46,50,29,0.8,0.8093,0.8556,False
K,46,50,29,0.9,1.0,100.0,True
K,46,50,29,0.95,1.0,100.0,True
K,46,50,30,0.8,0.8368,1.1268,False
K,46,50,30,0.9,1.0,100.0,True
K,46,50,30,0.95,1.0,100.0,True
K,46,50,31,0.8,0.7972,0.8018,False
K,46,50,31,0.9,0.8732,18.2411,False
K,46,50,31,0.95,1.0,100.0,True
K,46,50,32,0.8,0.8093,0.8556,False
K,46,50,32,0.9,1.0,100.0,True
K,46,50,32,0.95,1.0,100.0,True
K,46,50,33,0.8,0.7972,0.8018,False
K,46,50,33,0.9,0.9179,44.7935,False
K,46,50,33,0.95,1.0,100.0,True
K,46,50,34,0.8,0.8732,18.2411,False
K,46,50,34,0.9,1.0,100.0,True
K,46,50,34,0.95,1.0,100.0,True
K,46,50,35,0.8,0.78,0.7284,False
K,46,50,35,0.9,0.9179,44.7935,False
K,46,50,35,0.95,1.0,100.0,True
K,46,50,36,0.8,0.8093,0.8556,False
K,46,50,36,0.9,1.0,100.0,True
K,46,50,36,0.95,1.0,100.0,True
K,46,50,37,0.8,0.842,2.3557,False
K,46,50,37,0.9,0.9179,44.7935,False
K,46,50,37,0.95,1.0,100.0,True
K,46,50,38,0.8,0.8303,1.0129,False
K,46,50,38,0.9,0.8732,18.2411,False
K,46,50,38,0.95,1.0,100.0,True
K,46,50,39,0.8,0.7972,0.8018,False
K,46,50,39,0.9,0.8303,1.0129,False
K,46,50,39,0.95,1.0,100.0,True
K,46,75,0,0.8,0.8093,0.8556,False
K,46,75,0,0.9,0.9179,44.7935,False
K,46,75,0,0.95,1.0,100.0,True
K,46,75,1,0.8,0.78,0.7284,False
K,46,75,1,0.9,0.8732,18.2411,False
K,46,75,1,0.95,1.0,100.0,True
K,46,75,2,0.8,0.7184,0.5623,False
K,46,75,2,0.9,1.0,100.0,True
K,46,75,2,0.95,1.0,100.0,True
K,46,75,3,0.8,0.7184,0.5623,False
K,46,75,3,0.9,0.9179,44.7935,False
K,46,75,3,0.95,1.0,100.0,True
K,46,75,4,0.8,0.7184,0.5623,False
K,46,75,4,0.9,0.9179,44.7935,False
K,46,75,4,0.95,1.0,100.0,True
K,46,75,5,0.8,0.8732,18.2411,False
K,46,75,5,0.9,1.0,100.0,True
K,46,75,5,0.95,1.0,100.0,True
K,46,75,6,0.8,0.78,0.7284,False
K,46,75,6,0.9,1.0,100.0,True
K,46,75,6,0.95,1.0,100.0,True
K,46,75,7,0.8,0.78,0.7284,False
K,46,75,7,0.9,0.9179,44.7935,False
K,46,75,7,0.95,1.0,100.0,True
K,46,75,8,0.8,0.7972,0.8018,False
K,46,75,8,0.9,0.8303,1.0129,False
K,46,75,8,0.95,1.0,100.0,True
K,46,75,9,0.8,0.7972,0.8018,False
K,46,75,9,0.9,0.8368,1.1268,False
K,46,75,9,0.95,0.9179,44.7935,False
K,46,75,10,0.8,0.842,2.3557,False
K,46,75,10,0.9,1.0,100.0,True
K,46,75,10,0.95,1.0,100.0,True
K,46,75,11,0.8,0.7972,0.8018,False
K,46,75,11,0.9,0.9179,44.7935,False
K,46,75,11,0.95,1.0,100.0,True
K,46,75,12,0.8,0.78,0.7284,False
K,46,75,12,0.9,0.8732,18.2411,False
K,46,75,12,0.95,1.0,100.0,True
K,46,75,13,0.8,0.8732,18.2411,False
K,46,75,13,0.9,1.0,100.0,True
K,46,75,13,0.95,1.0,100.0,True
K,46,75,14,0.8,0.8732,18.2411,False
K,46,75,14,0.9,1.0,100.0,True
K,46,75,14,0.95,1.0,100.0,True
K,46,75,15,0.8,0.7184,0.5623,False
K,46,75,15,0.9,1.0,100.0,True
K,46,75,15,0.95,1.0,100.0,True
K,46,75,16,0.8,0.8732,18.2411,False
K,46,75,16,0.9,1.0,100.0,True
K,46,75,16,0.95,1.0,100.0,True
K,46,75,17,0.8,0.8303,1.0129,False
K,46,75,17,0.9,1.0,100.0,True
K,46,75,17,0.95,1.0,100.0,True
K,46,75,18,0.8,0.8317,1.0511,False
K,46,75,18,0.9,0.9179,44.7935,False
K,46,75,18,0.95,1.0,100.0,True
K,46,75,19,0.8,0.8303,1.0129,False
K,46,75,19,0.9,0.9179,44.7935,False
K,46,75,19,0.95,1.0,100.0,True
K,46,75,20,0.8,0.8732,18.2411,False
K,46,75,20,0.9,1.0,100.0,True
K,46,75,20,0.95,1.0,100.0,True
K,46,75,21,0.8,0.78,0.7284,False
K,46,75,21,0.9,0.9179,44.7935,False
K,46,75,21,0.95,1.0,100.0,True
K,46,75,22,0.8,0.78,0.7284,False
K,46,75,22,0.9,0.8732,18.2411,False
K,46,75,22,0.95,1.0,100.0,True
K,46,75,23,0.8,0.78,0.7284,False
K,46,75,23,0.9,0.8317,1.0511,False
K,46,75,23,0.95,1.0,100.0,True
K,46,75,24,0.8,0.8093,0.8556,False
K,46,75,24,0.9,0.9179,44.7935,False
K,46,75,24,0.95,1.0,100.0,True
K,46,75,25,0.8,0.8303,1.0129,False
K,46,75,25,0.9,1.0,100.0,True
K,46,75,25,0.95,1.0,100.0,True
K,46,75,26,0.8,0.78,0.7284,False
K,46,75,26,0.9,0.9179,44.7935,False
K,46,75,26,0.95,1.0,100.0,True
K,46,75,27,0.8,0.7972,0.8018,False
K,46,75,27,0.9,0.9179,44.7935,False
K,46,75,27,0.95,1.0,100.0,True
K,46,75,28,0.8,0.9179,44.7935,False
K,46,75,28,0.9,1.0,100.0,True
K,46,75,28,0.95,1.0,100.0,True
K,46,75,29,0.8,0.7972,0.8018,False
K,46,75,29,0.9,0.8732,18.2411,False
K,46,75,29,0.95,1.0,100.0,True
K,46,75,30,0.8,0.7972,0.8018,False
K,46,75,30,0.9,0.9179,44.7935,False
K,46,75,30,0.95,1.0,100.0,True
K,46,75,31,0.8,0.8303,1.0129,False
K,46,75,31,0.9,1.0,100.0,True
K,46,75,31,0.95,1.0,100.0,True
K,46,75,32,0.8,0.8303,1.0129,False
K,46,75,32,0.9,1.0,100.0,True
K,46,75,32,0.95,1.0,100.0,True
K,46,75,33,0.8,0.7184,0.5623,False
K,46,75,33,0.9,0.8732,18.2411,False
K,46,75,33,0.95,0.9179,44.7935,False
K,46,75,34,0.8,0.7282,0.583,False
K,46,75,34,0.9,0.8732,18.2411,False
K,46,75,34,0.95,1.0,100.0,True
K,46,75,35,0.8,0.7972,0.8018,False
K,46,75,35,0.9,0.9179,44.7935,False
K,46,75,35,0.95,1.0,100.0,True
K,46,75,36,0.8,0.9179,44.7935,False
K,46,75,36,0.9,1.0,100.0,True
K,46,75,36,0.95,1.0,100.0,True
K,46,75,37,0.8,0.7184,0.5623,False
K,46,75,37,0.9,1.0,100.0,True
K,46,75,37,0.95,1.0,100.0,True
K,46,75,38,0.8,0.78,0.7284,False
K,46,75,38,0.9,0.9179,44.7935,False
K,46,75,38,0.95,1.0,100.0,True
K,46,75,39,0.8,0.7972,0.8018,False
K,46,75,39,0.9,1.0,100.0,True
K,46,75,39,0.95,1.0,100.0,True
K,46,100,0,0.8,0.8303,1.0129,False
K,46,100,0,0.9,1.0,100.0,True
K,46,100,0,0.95,1.0,100.0,True
K,46,100,1,0.8,0.78,0.7284,False
K,46,100,1,0.9,0.9179,44.7935,False
K,46,100,1,0.95,1.0,100.0,True
K,46,100,2,0.8,0.78,0.7284,False
K,46,100,2,0.9,0.9179,44.7935,False
K,46,100,2,0.95,1.0,100.0,True
K,46,100,3,0.8,0.8368,1.1268,False
K,46,100,3,0.9,1.0,100.0,True
K,46,100,3,0.95,1.0,100.0,True
K,46,100,4,0.8,0.7972,0.8018,False
K,46,100,4,0.9,0.8732,18.2411,False
K,46,100,4,0.95,1.0,100.0,True
K,46,100,5,0.8,0.7972,0.8018,False
K,46,100,5,0.9,0.9179,44.7935,False
K,46,100,5,0.95,1.0,100.0,True
K,46,100,6,0.8,0.7184,0.5623,False
K,46,100,6,0.9,0.8303,1.0129,False
K,46,100,6,0.95,0.9179,44.7935,False
K,46,100,7,0.8,0.78,0.7284,False
K,46,100,7,0.9,0.9179,44.7935,False
K,46,100,7,0.95,1.0,100.0,True
K,46,100,8,0.8,0.8303,1.0129,False
K,46,100,8,0.9,0.9179,44.7935,False
K,46,100,8,0.95,1.0,100.0,True
K,46,100,9,0.8,0.7972,0.8018,False
K,46,100,9,0.9,0.9179,44.7935,False
K,46,100,9,0.95,1.0,100.0,True
K,46,100,10,0.8,0.8135,0.885,False
K,46,100,10,0.9,1.0,100.0,True
K,46,100,10,0.95,1.0,100.0,True
K,46,100,11,0.8,0.7305,0.5974,False
K,46,100,11,0.9,0.9179,44.7935,False
K,46,100,11,0.95,1.0,100.0,True
K,46,100,12,0.8,0.78,0.7284,False
K,46,100,12,0.9,0.8732,18.2411,False
K,46,100,12,0.95,1.0,100.0,True
K,46,100,13,0.8,0.78,0.7284,False
K,46,100,13,0.9,0.8732,18.2411,False
K,46,100,13,0.95,1.0,100.0,True
K,46,100,14,0.8,0.8093,0.8556,False
K,46,100,14,0.9,0.9179,44.7935,False
K,46,100,14,0.95,1.0,100.0,True
K,46,100,15,0.8,0.8303,1.0129,False
K,46,100,15,0.9,0.9179,44.7935,False
K,46,100,15,0.95,1.0,100.0,True
K,46,100,16,0.8,0.78,0.7284,False
K,46,100,16,0.9,0.8732,18.2411,False
K,46,100,16,0.95,0.9179,44.7935,False
K,46,100,17,0.8,0.7972,0.8018,False
K,46,100,17,0.9,0.8732,18.2411,False
K,46,100,17,0.95,1.0,100.0,True
K,46,100,18,0.8,0.842,2.3557,False
K,46,100,18,0.9,1.0,100.0,True
K,46,100,18,0.95,1.0,100.0,True
K,46,100,19,0.8,0.7249,0.5767,False
K,46,100,19,0.9,0.8093,0.8556,False
K,46,100,19,0.95,0.8732,18.2411,False
K,46,100,20,0.8,0.78,0.7284,False
K,46,100,20,0.9,0.9179,44.7935,False
K,46,100,20,0.95,1.0,100.0,True
K,46,100,21,0.8,0.78,0.7284,False
K,46,100,21,0.9,0.9179,44.7935,False
K,46,100,21,0.95,1.0,100.0,True
K,46,100,22,0.8,0.78,0.7284,False
K,46,100,22,0.9,0.9179,44.7935,False
K,46,100,22,0.95,1.0,100.0,True
K,46,100,23,0.8,0.7184,0.5623,False
K,46,100,23,0.9,0.8732,18.2411,False
K,46,100,23,0.95,1.0,100.0,True
K,46,100,24,0.8,0.8303,1.0129,False
K,46,100,24,0.9,0.9179,44.7935,False
K,46,100,24,0.95,1.0,100.0,True
K,46,100,25,0.8,0.7972,0.8018,False
K,46,100,25,0.9,0.9179,44.7935,False
K,46,100,25,0.95,1.0,100.0,True
K,46,100,26,0.8,0.7184,0.5623,False
K,46,100,26,0.9,0.9179,44.7935,False
K,46,100,26,0.95,1.0,100.0,True
K,46,100,27,0.8,0.78,0.7284,False
K,46,100,27,0.9,0.8317,1.0511,False
K,46,100,27,0.95,0.9179,44.7935,False
K,46,100,28,0.8,0.7254,0.5787,False
K,46,100,28,0.9,0.8317,1.0511,False
K,46,100,28,0.95,1.0,100.0,True
K,46,100,29,0.8,0.8093,0.8556,False
K,46,100,29,0.9,0.9179,44.7935,False
K,46,100,29,0.95,1.0,100.0,True
K,46,100,30,0.8,0.78,0.7284,False
K,46,100,30,0.9,1.0,100.0,True
K,46,100,30,0.95,1.0,100.0,True
K,46,100,31,0.8,0.8368,1.1268,False
K,46,100,31,0.9,0.9179,44.7935,False
K,46,100,31,0.95,1.0,100.0,True
K,46,100,32,0.8,0.78,0.7284,False
K,46,100,32,0.9,0.8732,18.2411,False
K,46,100,32,0.95,1.0,100.0,True
K,46,100,33,0.8,0.78,0.7284,False
K,46,100,33,0.9,1.0,100.0,True
K,46,100,33,0.95,1.0,100.0,True
K,46,100,34,0.8,0.78,0.7284,False
K,46,100,34,0.9,0.8368,1.1268,False
K,46,100,34,0.95,0.9179,44.7935,False
K,46,100,35,0.8,0.7972,0.8018,False
K,46,100,35,0.9,0.8368,1.1268,False
K,46,100,35,0.95,1.0,100.0,True
K,46,100,36,0.8,0.78,0.7284,False
K,46,100,36,0.9,0.9179,44.7935,False
K,46,100,36,0.95,1.0,100.0,True
K,46,100,37,0.8,0.842,2.3557,False
K,46,100,37,0.9,1.0,100.0,True
K,46,100,37,0.95,1.0,100.0,True
K,46,100,38,0.8,0.78,0.7284,False
K,46,100,38,0.9,0.8732,18.2411,False
K,46,100,38,0.95,0.9179,44.7935,False
K,46,100,39,0.8,0.78,0.7284,False
K,46,100,39,0.9,0.9179,44.7935,False
K,46,100,39,0.95,1.0,100.0,True
K,46,150,0,0.8,0.78,0.7284,False
K,46,150,0,0.9,0.8732,18.2411,False
K,46,150,0,0.95,1.0,100.0,True
K,46,150,1,0.8,0.8303,1.0129,False
K,46,150,1,0.9,0.9179,44.7935,False
K,46,150,1,0.95,1.0,100.0,True
K,46,150,2,0.8,0.7972,0.8018,False
K,46,150,2,0.9,0.9179,44.7935,False
K,46,150,2,0.95,1.0,100.0,True
K,46,150,3,0.8,0.7254,0.5787,False
K,46,150,3,0.9,0.842,2.3557,False
K,46,150,3,0.95,1.0,100.0,True
K,46,150,4,0.8,0.8732,18.2411,False
K,46,150,4,0.9,1.0,100.0,True
K,46,150,4,0.95,1.0,100.0,True
K,46,150,5,0.8,0.8303,1.0129,False
K,46,150,5,0.9,0.9179,44.7935,False
K,46,150,5,0.95,1.0,100.0,True
K,46,150,6,0.8,0.78,0.7284,False
K,46,150,6,0.9,0.9179,44.7935,False
K,46,150,6,0.95,1.0,100.0,True
K,46,150,7,0.8,0.7972,0.8018,False
K,46,150,7,0.9,0.9179,44.7935,False
K,46,150,7,0.95,1.0,100.0,True
K,46,150,8,0.8,0.7972,0.8018,False
K,46,150,8,0.9,0.9179,44.7935,False
K,46,150,8,0.95,1.0,100.0,True
K,46,150,9,0.8,0.78,0.7284,False
K,46,150,9,0.9,0.9179,44.7935,False
K,46,150,9,0.95,1.0,100.0,True
K,46,150,10,0.8,0.7972,0.8018,False
K,46,150,10,0.9,0.9179,44.7935,False
K,46,150,10,0.95,1.0,100.0,True
K,46,150,11,0.8,0.78,0.7284,False
K,46,150,11,0.9,0.9179,44.7935,False
K,46,150,11,0.95,1.0,100.0,True
K,46,150,12,0.8,0.78,0.7284,False
K,46,150,12,0.9,0.8317,1.0511,False
K,46,150,12,0.95,1.0,100.0,True
K,46,150,13,0.8,0.78,0.7284,False
K,46,150,13,0.9,0.9179,44.7935,False
K,46,150,13,0.95,1.0,100.0,True
K,46,150,14,0.8,0.7305,0.5974,False
K,46,150,14,0.9,0.9179,44.7935,False
K,46,150,14,0.95,1.0,100.0,True
K,46,150,15,0.8,0.8093,0.8556,False
K,46,150,15,0.9,0.9179,44.7935,False
K,46,150,15,0.95,1.0,100.0,True
K,46,150,16,0.8,0.7184,0.5623,False
K,46,150,16,0.9,0.8317,1.0511,False
K,46,150,16,0.95,1.0,100.0,True
K,46,150,17,0.8,0.7282,0.583,False
K,46,150,17,0.9,0.8303,1.0129,False
K,46,150,17,0.95,0.9179,44.7935,False
K,46,150,18,0.8,0.78,0.7284,False
K,46,150,18,0.9,0.8732,18.2411,False
K,46,150,18,0.95,1.0,100.0,True
K,46,150,19,0.8,0.78,0.7284,False
K,46,150,19,0.9,0.8368,1.1268,False
K,46,150,19,0.95,1.0,100.0,True
K,46,150,20,0.8,0.7972,0.8018,False
K,46,150,20,0.9,0.9179,44.7935,False
K,46,150,20,0.95,1.0,100.0,True
K,46,150,21,0.8,0.7184,0.5623,False
K,46,150,21,0.9,0.8303,1.0129,False
K,46,150,21,0.95,0.9179,44.7935,False
K,46,150,22,0.8,0.78,0.7284,False
K,46,150,22,0.9,0.8368,1.1268,False
K,46,150,22,0.95,1.0,100.0,True
K,46,150,23,0.8,0.7972,0.8018,False
K,46,150,23,0.9,0.9179,44.7935,False
K,46,150,23,0.95,1.0,100.0,True
K,46,150,24,0.8,0.7972,0.8018,False
K,46,150,24,0.9,0.9179,44.7935,False
K,46,150,24,0.95,1.0,100.0,True
K,46,150,25,0.8,0.7972,0.8018,False
K,46,150,25,0.9,0.9179,44.7935,False
K,46,150,25,0.95,1.0,100.0,True
K,46,150,26,0.8,0.7972,0.8018,False
K,46,150,26,0.9,0.9179,44.7935,False
K,46,150,26,0.95,1.0,100.0,True
K,46,150,27,0.8,0.7972,0.8018,False
K,46,150,27,0.9,1.0,100.0,True
K,46,150,27,0.95,1.0,100.0,True
K,46,150,28,0.8,0.8303,1.0129,False
K,46,150,28,0.9,0.9179,44.7935,False
K,46,150,28,0.95,1.0,100.0,True
K,46,150,29,0.8,0.8303,1.0129,False
K,46,150,29,0.9,0.9179,44.7935,False
K,46,150,29,0.95,1.0,100.0,True
K,46,150,30,0.8,0.8303,1.0129,False
K,46,150,30,0.9,0.8732,18.2411,False
K,46,150,30,0.95,1.0,100.0,True
K,46,150,31,0.8,0.8303,1.0129,False
K,46,150,31,0.9,1.0,100.0,True
K,46,150,31,0.95,1.0,100.0,True
K,46,150,32,0.8,0.78,0.7284,False
K,46,150,32,0.9,0.8732,18.2411,False
K,46,150,32,0.95,1.0,100.0,True
K,46,150,33,0.8,0.8135,0.885,False
K,46,150,33,0.9,0.9179,44.7935,False
K,46,150,33,0.95,1.0,100.0,True
K,46,150,34,0.8,0.8093,0.8556,False
K,46,150,34,0.9,0.9179,44.7935,False
K,46,150,34,0.95,1.0,100.0,True
K,46,150,35,0.8,0.78,0.7284,False
K,46,150,35,0.9,0.8732,18.2411,False
K,46,150,35,0.95,1.0,100.0,True
K,46,150,36,0.8,0.7254,0.5787,False
K,46,150,36,0.9,0.8303,1.0129,False
K,46,150,36,0.95,0.8732,18.2411,False
K,46,150,37,0.8,0.7972,0.8018,False
K,46,150,37,0.9,0.9179,44.7935,False
K,46,150,37,0.95,1.0,100.0,True
K,46,150,38,0.8,0.78,0.7284,False
K,46,150,38,0.9,0.9179,44.7935,False
K,46,150,38,0.95,1.0,100.0,True
K,46,150,39,0.8,0.78,0.7284,False
K,46,150,39,0.9,1.0,100.0,True
K,46,150,39,0.95,1.0,100.0,True
K,46,250,0,0.8,0.8093,0.8556,False
K,46,250,0,0.9,0.9179,44.7935,False
K,46,250,0,0.95,1.0,100.0,True
K,46,250,1,0.8,0.78,0.7284,False
K,46,250,1,0.9,0.9179,44.7935,False
K,46,250,1,0.95,1.0,100.0,True
K,46,250,2,0.8,0.7972,0.8018,False
K,46,250,2,0.9,0.9179,44.7935,False
K,46,250,2,0.95,1.0,100.0,True
K,46,250,3,0.8,0.78,0.7284,False
K,46,250,3,0.9,0.8732,18.2411,False
K,46,250,3,0.95,1.0,100.0,True
K,46,250,4,0.8,0.78,0.7284,False
K,46,250,4,0.9,0.8732,18.2411,False
K,46,250,4,0.95,1.0,100.0,True
K,46,250,5,0.8,0.8093,0.8556,False
K,46,250,5,0.9,0.9179,44.7935,False
K,46,250,5,0.95,1.0,100.0,True
K,46,250,6,0.8,0.78,0.7284,False
K,46,250,6,0.9,0.8732,18.2411,False
K,46,250,6,0.95,1.0,100.0,True
K,46,250,7,0.8,0.8093,0.8556,False
K,46,250,7,0.9,0.9179,44.7935,False
K,46,250,7,0.95,1.0,100.0,True
K,46,250,8,0.8,0.7305,0.5974,False
K,46,250,8,0.9,0.8732,18.2411,False
K,46,250,8,0.95,1.0,100.0,True
K,46,250,9,0.8,0.8093,0.8556,False
K,46,250,9,0.9,0.9179,44.7935,False
K,46,250,9,0.95,1.0,100.0,True
K,46,250,10,0.8,0.78,0.7284,False
K,46,250,10,0.9,0.8732,18.2411,False
K,46,250,10,0.95,0.9179,44.7935,False
K,46,250,11,0.8,0.78,0.7284,False
K,46,250,11,0.9,0.8732,18.2411,False
K,46,250,11,0.95,1.0,100.0,True
K,46,250,12,0.8,0.8368,1.1268,False
K,46,250,12,0.9,1.0,100.0,True
K,46,250,12,0.95,1.0,100.0,True
K,46,250,13,0.8,0.7972,0.8018,False
K,46,250,13,0.9,0.8732,18.2411,False
K,46,250,13,0.95,1.0,100.0,True
K,46,250,14,0.8,0.7972,0.8018,False
K,46,250,14,0.9,0.8732,18.2411,False
K,46,250,14,0.95,1.0,100.0,True
K,46,250,15,0.8,0.7972,0.8018,False
K,46,250,15,0.9,0.8732,18.2411,False
K,46,250,15,0.95,1.0,100.0,True
K,46,250,16,0.8,0.7972,0.8018,False
K,46,250,16,0.9,0.9179,44.7935,False
K,46,250,16,0.95,1.0,100.0,True
K,46,250,17,0.8,0.78,0.7284,False
K,46,250,17,0.9,0.8317,1.0511,False
K,46,250,17,0.95,0.9179,44.7935,False
K,46,250,18,0.8,0.8093,0.8556,False
K,46,250,18,0.9,0.9179,44.7935,False
K,46,250,18,0.95,1.0,100.0,True
K,46,250,19,0.8,0.7972,0.8018,False
K,46,250,19,0.9,0.9179,44.7935,False
K,46,250,19,0.95,1.0,100.0,True
K,46,250,20,0.8,0.7254,0.5787,False
K,46,250,20,0.9,0.7972,0.8018,False
K,46,250,20,0.95,0.8732,18.2411,False
K,46,250,21,0.8,0.78,0.7284,False
K,46,250,21,0.9,0.8732,18.2411,False
K,46,250,21,0.95,1.0,100.0,True
K,46,250,22,0.8,0.8093,0.8556,False
K,46,250,22,0.9,1.0,100.0,True
K,46,250,22,0.95,1.0,100.0,True
K,46,250,23,0.8,0.7972,0.8018,False
K,46,250,23,0.9,0.9179,44.7935,False
K,46,250,23,0.95,1.0,100.0,True
K,46,250,24,0.8,0.7972,0.8018,False
K,46,250,24,0.9,0.9179,44.7935,False
K,46,250,24,0.95,1.0,100.0,True
K,46,250,25,0.8,0.7972,0.8018,False
K,46,250,25,0.9,0.8732,18.2411,False
K,46,250,25,0.95,1.0,100.0,True
K,46,250,26,0.8,0.8093,0.8556,False
K,46,250,26,0.9,0.9179,44.7935,False
K,46,250,26,0.95,1.0,100.0,True
K,46,250,27,0.8,0.7184,0.5623,False
K,46,250,27,0.9,0.8368,1.1268,False
K,46,250,27,0.95,1.0,100.0,True
K,46,250,28,0.8,0.78,0.7284,False
K,46,250,28,0.9,0.8732,18.2411,False
K,46,250,28,0.95,1.0,100.0,True
K,46,250,29,0.8,0.7972,0.8018,False
K,46,250,29,0.9,0.8732,18.2411,False
K,46,250,29,0.95,1.0,100.0,True
K,46,250,30,0.8,0.78,0.7284,False
K,46,250,30,0.9,0.9179,44.7935,False
K,46,250,30,0.95,1.0,100.0,True
K,46,250,31,0.8,0.8135,0.885,False
K,46,250,31,0.9,0.9179,44.7935,False
K,46,250,31,0.95,1.0,100.0,True
K,46,250,32,0.8,0.7972,0.8018,False
K,46,250,32,0.9,0.9179,44.7935,False
K,46,250,32,0.95,1.0,100.0,True
K,46,250,33,0.8,0.7972,0.8018,False
K,46,250,33,0.9,0.9179,44.7935,False
K,46,250,33,0.95,1.0,100.0,True
K,46,250,34,0.8,0.7972,0.8018,False
K,46,250,34,0.9,0.9179,44.7935,False
K,46,250,34,0.95,1.0,100.0,True
K,46,250,35,0.8,0.7972,0.8018,False
K,46,250,35,0.9,0.8732,18.2411,False
K,46,250,35,0.95,1.0,100.0,True
K,46,250,36,0.8,0.8093,0.8556,False
K,46,250,36,0.9,0.9179,44.7935,False
K,46,250,36,0.95,1.0,100.0,True
K,46,250,37,0.8,0.78,0.7284,False
K,46,250,37,0.9,0.8732,18.2411,False
K,46,250,37,0.95,0.9179,44.7935,False
K,46,250,38,0.8,0.7972,0.8018,False
K,46,250,38,0.9,0.9179,44.7935,False
K,46,250,38,0.95,1.0,100.0,True
K,46,250,39,0.8,0.8303,1.0129,False
K,46,250,39,0.9,0.9179,44.7935,False
K,46,250,39,0.95,1.0,100.0,True
K,46,500,0,0.8,0.78,0.7284,False
K,46,500,0,0.9,0.9179,44.7935,False
K,46,500,0,0.95,1.0,100.0,True
K,46,500,1,0.8,0.78,0.7284,False
K,46,500,1,0.9,0.9179,44.7935,False
K,46,500,1,0.95,1.0,100.0,True
K,46,500,2,0.8,0.78,0.7284,False
K,46,500,2,0.9,0.8732,18.2411,False
K,46,500,2,0.95,1.0,100.0,True
K,46,500,3,0.8,0.7972,0.8018,False
K,46,500,3,0.9,0.9179,44.7935,False
K,46,500,3,0.95,1.0,100.0,True
K,46,500,4,0.8,0.78,0.7284,False
K,46,500,4,0.9,0.8732,18.2411,False
K,46,500,4,0.95,1.0,100.0,True
K,46,500,5,0.8,0.7972,0.8018,False
K,46,500,5,0.9,0.9179,44.7935,False
K,46,500,5,0.95,1.0,100.0,True
K,46,500,6,0.8,0.78,0.7284,False
K,46,500,6,0.9,0.9179,44.7935,False
K,46,500,6,0.95,1.0,100.0,True
K,46,500,7,0.8,0.78,0.7284,False
K,46,500,7,0.9,0.8732,18.2411,False
K,46,500,7,0.95,1.0,100.0,True
K,46,500,8,0.8,0.7972,0.8018,False
K,46,500,8,0.9,0.9179,44.7935,False
K,46,500,8,0.95,1.0,100.0,True
K,46,500,9,0.8,0.78,0.7284,False
K,46,500,9,0.9,0.8732,18.2411,False
K,46,500,9,0.95,1.0,100.0,True
K,46,500,10,0.8,0.7972,0.8018,False
K,46,500,10,0.9,0.9179,44.7935,False
K,46,500,10,0.95,1.0,100.0,True
K,46,500,11,0.8,0.7972,0.8018,False
K,46,500,11,0.9,0.8732,18.2411,False
K,46,500,11,0.95,1.0,100.0,True
K,46,500,12,0.8,0.78,0.7284,False
K,46,500,12,0.9,0.8732,18.2411,False
K,46,500,12,0.95,1.0,100.0,True
K,46,500,13,0.8,0.7972,0.8018,False
K,46,500,13,0.9,0.8732,18.2411,False
K,46,500,13,0.95,1.0,100.0,True
K,46,500,14,0.8,0.78,0.7284,False
K,46,500,14,0.9,0.8732,18.2411,False
K,46,500,14,0.95,1.0,100.0,True
K,46,500,15,0.8,0.7972,0.8018,False
K,46,500,15,0.9,0.9179,44.7935,False
K,46,500,15,0.95,1.0,100.0,True
K,46,500,16,0.8,0.78,0.7284,False
K,46,500,16,0.9,0.8732,18.2411,False
K,46,500,16,0.95,1.0,100.0,True
K,46,500,17,0.8,0.7972,0.8018,False
K,46,500,17,0.9,0.9179,44.7935,False
K,46,500,17,0.95,1.0,100.0,True
K,46,500,18,0.8,0.7972,0.8018,False
K,46,500,18,0.9,0.9179,44.7935,False
K,46,500,18,0.95,1.0,100.0,True
K,46,500,19,0.8,0.7972,0.8018,False
K,46,500,19,0.9,0.8732,18.2411,False
K,46,500,19,0.95,1.0,100.0,True
K,46,500,20,0.8,0.78,0.7284,False
K,46,500,20,0.9,0.8732,18.2411,False
K,46,500,20,0.95,1.0,100.0,True
K,46,500,21,0.8,0.78,0.7284,False
K,46,500,21,0.9,0.8732,18.2411,False
K,46,500,21,0.95,1.0,100.0,True
K,46,500,22,0.8,0.7972,0.8018,False
K,46,500,22,0.9,0.8732,18.2411,False
K,46,500,22,0.95,1.0,100.0,True
K,46,500,23,0.8,0.7972,0.8018,False
K,46,500,23,0.9,0.9179,44.7935,False
K,46,500,23,0.95,1.0,100.0,True
K,46,500,24,0.8,0.7972,0.8018,False
K,46,500,24,0.9,0.9179,44.7935,False
K,46,500,24,0.95,1.0,100.0,True
K,46,500,25,0.8,0.78,0.7284,False
K,46,500,25,0.9,0.8732,18.2411,False
K,46,500,25,0.95,1.0,100.0,True
K,46,500,26,0.8,0.7972,0.8018,False
K,46,500,26,0.9,0.9179,44.7935,False
K,46,500,26,0.95,1.0,100.0,True
K,46,500,27,0.8,0.78,0.7284,False
K,46,500,27,0.9,0.9179,44.7935,False
K,46,500,27,0.95,1.0,100.0,True
K,46,500,28,0.8,0.7972,0.8018,False
K,46,500,28,0.9,0.9179,44.7935,False
K,46,500,28,0.95,1.0,100.0,True
K,46,500,29,0.8,0.78,0.7284,False
K,46,500,29,0.9,0.8732,18.2411,False
K,46,500,29,0.95,1.0,100.0,True
K,46,500,30,0.8,0.78,0.7284,False
K,46,500,30,0.9,0.8732,18.2411,False
K,46,500,30,0.95,1.0,100.0,True
K,46,500,31,0.8,0.78,0.7284,False
K,46,500,31,0.9,0.8732,18.2411,False
K,46,500,31,0.95,1.0,100.0,True
K,46,500,32,0.8,0.78,0.7284,False
K,46,500,32,0.9,0.8732,18.2411,False
K,46,500,32,0.95,1.0,100.0,True
K,46,500,33,0.8,0.78,0.7284,False
K,46,500,33,0.9,0.9179,44.7935,False
K,46,500,33,0.95,1.0,100.0,True
K,46,500,34,0.8,0.7972,0.8018,False
K,46,500,34,0.9,0.9179,44.7935,False
K,46,500,34,0.95,1.0,100.0,True
K,46,500,35,0.8,0.7972,0.8018,False
K,46,500,35,0.9,0.9179,44.7935,False
K,46,500,35,0.95,1.0,100.0,True
K,46,500,36,0.8,0.78,0.7284,False
K,46,500,36,0.9,0.8732,18.2411,False
K,46,500,36,0.95,1.0,100.0,True
K,46,500,37,0.8,0.78,0.7284,False
K,46,500,37,0.9,0.8732,18.2411,False
K,46,500,37,0.95,1.0,100.0,True
K,46,500,38,0.8,0.78,0.7284,False
K,46,500,38,0.9,0.8732,18.2411,False
K,46,500,38,0.95,1.0,100.0,True
K,46,500,39,0.8,0.7972,0.8018,False
K,46,500,39,0.9,0.9179,44.7935,False
K,46,500,39,0.95,1.0,100.0,True
K,46,1000,0,0.8,0.78,0.7284,False
K,46,1000,0,0.9,0.8732,18.2411,False
K,46,1000,0,0.95,1.0,100.0,True
K,46,1000,1,0.8,0.7972,0.8018,False
K,46,1000,1,0.9,0.9179,44.7935,False
K,46,1000,1,0.95,1.0,100.0,True
K,46,1000,2,0.8,0.7972,0.8018,False
K,46,1000,2,0.9,0.9179,44.7935,False
K,46,1000,2,0.95,1.0,100.0,True
K,46,1000,3,0.8,0.78,0.7284,False
K,46,1000,3,0.9,0.9179,44.7935,False
K,46,1000,3,0.95,1.0,100.0,True
K,46,1000,4,0.8,0.78,0.7284,False
K,46,1000,4,0.9,0.8732,18.2411,False
K,46,1000,4,0.95,1.0,100.0,True
K,46,1000,5,0.8,0.78,0.7284,False
K,46,1000,5,0.9,0.9179,44.7935,False
K,46,1000,5,0.95,1.0,100.0,True
K,46,1000,6,0.8,0.7972,0.8018,False
K,46,1000,6,0.9,0.9179,44.7935,False
K,46,1000,6,0.95,1.0,100.0,True
K,46,1000,7,0.8,0.78,0.7284,False
K,46,1000,7,0.9,0.8732,18.2411,False
K,46,1000,7,0.95,1.0,100.0,True
K,46,1000,8,0.8,0.7972,0.8018,False
K,46,1000,8,0.9,0.9179,44.7935,False
K,46,1000,8,0.95,1.0,100.0,True
K,46,1000,9,0.8,0.7972,0.8018,False
K,46,1000,9,0.9,0.9179,44.7935,False
K,46,1000,9,0.95,1.0,100.0,True
K,46,1000,10,0.8,0.78,0.7284,False
K,46,1000,10,0.9,0.8732,18.2411,False
K,46,1000,10,0.95,1.0,100.0,True
K,46,1000,11,0.8,0.7972,0.8018,False
K,46,1000,11,0.9,0.8732,18.2411,False
K,46,1000,11,0.95,1.0,100.0,True
K,46,1000,12,0.8,0.7972,0.8018,False
K,46,1000,12,0.9,0.9179,44.7935,False
K,46,1000,12,0.95,1.0,100.0,True
K,46,1000,13,0.8,0.7972,0.8018,False
K,46,1000,13,0.9,0.9179,44.7935,False
K,46,1000,13,0.95,1.0,100.0,True
K,46,1000,14,0.8,0.7972,0.8018,False
K,46,1000,14,0.9,0.9179,44.7935,False
K,46,1000,14,0.95,1.0,100.0,True
K,46,1000,15,0.8,0.78,0.7284,False
K,46,1000,15,0.9,0.8732,18.2411,False
K,46,1000,15,0.95,1.0,100.0,True
K,46,1000,16,0.8,0.7972,0.8018,False
K,46,1000,16,0.9,0.9179,44.7935,False
K,46,1000,16,0.95,1.0,100.0,True
K,46,1000,17,0.8,0.78,0.7284,False
K,46,1000,17,0.9,0.9179,44.7935,False
K,46,1000,17,0.95,1.0,100.0,True
K,46,1000,18,0.8,0.78,0.7284,False
K,46,1000,18,0.9,0.8732,18.2411,False
K,46,1000,18,0.95,1.0,100.0,True
K,46,1000,19,0.8,0.78,0.7284,False
K,46,1000,19,0.9,0.8732,18.2411,False
K,46,1000,19,0.95,1.0,100.0,True
K,46,1000,20,0.8,0.78,0.7284,False
K,46,1000,20,0.9,0.8732,18.2411,False
K,46,1000,20,0.95,1.0,100.0,True
K,46,1000,21,0.8,0.7972,0.8018,False
K,46,1000,21,0.9,0.9179,44.7935,False
K,46,1000,21,0.95,1.0,100.0,True
K,46,1000,22,0.8,0.78,0.7284,False
K,46,1000,22,0.9,0.8732,18.2411,False
K,46,1000,22,0.95,1.0,100.0,True
K,46,1000,23,0.8,0.78,0.7284,False
K,46,1000,23,0.9,0.8732,18.2411,False
K,46,1000,23,0.95,1.0,100.0,True
K,46,1000,24,0.8,0.78,0.7284,False
K,46,1000,24,0.9,0.8732,18.2411,False
K,46,1000,24,0.95,1.0,100.0,True
K,46,1000,25,0.8,0.78,0.7284,False
K,46,1000,25,0.9,0.8732,18.2411,False
K,46,1000,25,0.95,1.0,100.0,True
K,46,1000,26,0.8,0.7972,0.8018,False
K,46,1000,26,0.9,0.8732,18.2411,False
K,46,1000,26,0.95,1.0,100.0,True
K,46,1000,27,0.8,0.78,0.7284,False
K,46,1000,27,0.9,0.8732,18.2411,False
K,46,1000,27,0.95,1.0,100.0,True
K,46,1000,28,0.8,0.7972,0.8018,False
K,46,1000,28,0.9,0.8732,18.2411,False
K,46,1000,28,0.95,1.0,100.0,True
K,46,1000,29,0.8,0.7972,0.8018,False
K,46,1000,29,0.9,0.9179,44.7935,False
K,46,1000,29,0.95,1.0,100.0,True
K,46,1000,30,0.8,0.7972,0.8018,False
K,46,1000,30,0.9,0.9179,44.7935,False
K,46,1000,30,0.95,1.0,100.0,True
K,46,1000,31,0.8,0.78,0.7284,False
K,46,1000,31,0.9,0.8732,18.2411,False
K,46,1000,31,0.95,1.0,100.0,True
K,46,1000,32,0.8,0.7972,0.8018,False
K,46,1000,32,0.9,0.9179,44.7935,False
K,46,1000,32,0.95,1.0,100.0,True
K,46,1000,33,0.8,0.78,0.7284,False
K,46,1000,33,0.9,0.9179,44.7935,False
K,46,1000,33,0.95,1.0,100.0,True
K,46,1000,34,0.8,0.78,0.7284,False
K,46,1000,34,0.9,0.8732,18.2411,False
K,46,1000,34,0.95,1.0,100.0,True
K,46,1000,35,0.8,0.7972,0.8018,False
K,46,1000,35,0.9,0.8732,18.2411,False
K,46,1000,35,0.95,1.0,100.0,True
K,46,1000,36,0.8,0.7972,0.8018,False
K,46,1000,36,0.9,0.8732,18.2411,False
K,46,1000,36,0.95,1.0,100.0,True
K,46,1000,37,0.8,0.78,0.7284,False
K,46,1000,37,0.9,0.8732,18.2411,False
K,46,1000,37,0.95,1.0,100.0,True
K,46,1000,38,0.8,0.7972,0.8018,False
K,46,1000,38,0.9,0.9179,44.7935,False
K,46,1000,38,0.95,1.0,100.0,True
K,46,1000,39,0.8,0.7972,0.8018,False
K,46,1000,39,0.9,0.9179,44.7935,False
K,46,1000,39,0.95,1.0,100.0,True
K,46,1252,0,0.8,0.78,0.7284,False
K,46,1252,0,0.9,0.8732,18.2411,False
K,46,1252,0,0.95,1.0,100.0,True
PS,42,10,0,0.8,0.8985,0.385,False
PS,42,10,0,0.9,0.8985,0.385,False
PS,42,10,0,0.95,0.8985,0.385,False
PS,42,10,1,0.8,0.8086,0.3435,False
PS,42,10,1,0.9,0.8086,0.3435,False
PS,42,10,1,0.95,0.8086,0.3435,False
PS,42,10,2,0.8,0.8099,0.344,False
PS,42,10,2,0.9,0.8099,0.344,False
PS,42,10,2,0.95,0.8099,0.344,False
PS,42,10,3,0.8,0.9953,0.4428,False
PS,42,10,3,0.9,0.9953,0.4428,False
PS,42,10,3,0.95,0.9953,0.4428,False
PS,42,10,4,0.8,0.8985,0.385,False
PS,42,10,4,0.9,0.8985,0.385,False
PS,42,10,4,0.95,0.8985,0.385,False
PS,42,10,5,0.8,0.8099,0.344,False
PS,42,10,5,0.9,0.8099,0.344,False
PS,42,10,5,0.95,0.8099,0.344,False
PS,42,10,6,0.8,0.9661,0.4193,False
PS,42,10,6,0.9,0.9661,0.4193,False
PS,42,10,6,0.95,0.9661,0.4193,False
PS,42,10,7,0.8,0.9953,0.4428,False
PS,42,10,7,0.9,0.9953,0.4428,False
PS,42,10,7,0.95,0.9953,0.4428,False
PS,42,10,8,0.8,0.9578,0.4146,False
PS,42,10,8,0.9,0.9578,0.4146,False
PS,42,10,8,0.95,0.9578,0.4146,False
PS,42,10,9,0.8,0.8558,0.3657,False
PS,42,10,9,0.9,0.8558,0.3657,False
PS,42,10,9,0.95,0.8558,0.3657,False
PS,42,10,10,0.8,0.9149,0.393,False
PS,42,10,10,0.9,0.9149,0.393,False
PS,42,10,10,0.95,0.9149,0.393,False
PS,42,10,11,0.8,0.8558,0.3657,False
PS,42,10,11,0.9,0.8558,0.3657,False
PS,42,10,11,0.95,0.8558,0.3657,False
PS,42,10,12,0.8,0.9953,0.4428,False
PS,42,10,12,0.9,0.9953,0.4428,False
PS,42,10,12,0.95,0.9953,0.4428,False
PS,42,10,13,0.8,0.8558,0.3657,False
PS,42,10,13,0.9,0.8558,0.3657,False
PS,42,10,13,0.95,0.8558,0.3657,False
PS,42,10,14,0.8,0.8985,0.385,False
PS,42,10,14,0.9,0.8985,0.385,False
PS,42,10,14,0.95,0.8985,0.385,False
PS,42,10,15,0.8,0.9578,0.4146,False
PS,42,10,15,0.9,0.9578,0.4146,False
PS,42,10,15,0.95,0.9578,0.4146,False
PS,42,10,16,0.8,0.9229,0.3975,False
PS,42,10,16,0.9,0.9229,0.3975,False
PS,42,10,16,0.95,0.9229,0.3975,False
PS,42,10,17,0.8,0.8086,0.3435,False
PS,42,10,17,0.9,0.8086,0.3435,False
PS,42,10,17,0.95,0.8086,0.3435,False
PS,42,10,18,0.8,0.9661,0.4193,False
PS,42,10,18,0.9,0.9661,0.4193,False
PS,42,10,18,0.95,0.9661,0.4193,False
PS,42,10,19,0.8,0.8086,0.3435,False
PS,42,10,19,0.9,0.8086,0.3435,False
PS,42,10,19,0.95,0.8086,0.3435,False
PS,42,10,20,0.8,0.9229,0.3975,False
PS,42,10,20,0.9,0.9229,0.3975,False
PS,42,10,20,0.95,0.9229,0.3975,False
PS,42,10,21,0.8,0.976,0.4263,False
PS,42,10,21,0.9,0.976,0.4263,False
PS,42,10,21,0.95,0.976,0.4263,False
PS,42,10,22,0.8,0.8086,0.3435,False
PS,42,10,22,0.9,0.8086,0.3435,False
PS,42,10,22,0.95,0.8086,0.3435,False
PS,42,10,23,0.8,0.7515,0.3176,False
PS,42,10,23,0.9,0.7515,0.3176,False
PS,42,10,23,0.95,0.7515,0.3176,False
PS,42,10,24,0.8,0.8558,0.3657,False
PS,42,10,24,0.9,0.8558,0.3657,False
PS,42,10,24,0.95,0.8558,0.3657,False
PS,42,10,25,0.8,0.9953,0.4428,False
PS,42,10,25,0.9,0.9953,0.4428,False
PS,42,10,25,0.95,0.9953,0.4428,False
PS,42,10,26,0.8,0.976,0.4263,False
PS,42,10,26,0.9,0.976,0.4263,False
PS,42,10,26,0.95,0.976,0.4263,False
PS,42,10,27,0.8,0.9149,0.393,False
PS,42,10,27,0.9,0.9149,0.393,False
PS,42,10,27,0.95,0.9149,0.393,False
PS,42,10,28,0.8,0.8985,0.385,False
PS,42,10,28,0.9,0.8985,0.385,False
PS,42,10,28,0.95,0.8985,0.385,False
PS,42,10,29,0.8,0.9229,0.3975,False
PS,42,10,29,0.9,0.9229,0.3975,False
PS,42,10,29,0.95,0.9229,0.3975,False
PS,42,10,30,0.8,0.976,0.4263,False
PS,42,10,30,0.9,0.976,0.4263,False
PS,42,10,30,0.95,0.976,0.4263,False
PS,42,10,31,0.8,0.9953,0.4428,False
PS,42,10,31,0.9,0.9953,0.4428,False
PS,42,10,31,0.95,0.9953,0.4428,False
PS,42,10,32,0.8,0.8558,0.3657,False
PS,42,10,32,0.9,0.8558,0.3657,False
PS,42,10,32,0.95,0.8558,0.3657,False
PS,42,10,33,0.8,0.8558,0.3657,False
PS,42,10,33,0.9,0.8558,0.3657,False
PS,42,10,33,0.95,0.8558,0.3657,False
PS,42,10,34,0.8,0.9149,0.393,False
PS,42,10,34,0.9,0.9149,0.393,False
PS,42,10,34,0.95,0.9149,0.393,False
PS,42,10,35,0.8,0.976,0.4263,False
PS,42,10,35,0.9,0.976,0.4263,False
PS,42,10,35,0.95,0.976,0.4263,False
PS,42,10,36,0.8,0.7493,0.3165,False
PS,42,10,36,0.9,0.7493,0.3165,False
PS,42,10,36,0.95,0.7493,0.3165,False
PS,42,10,37,0.8,0.8558,0.3657,False
PS,42,10,37,0.9,0.8558,0.3657,False
PS,42,10,37,0.95,0.8558,0.3657,False
PS,42,10,38,0.8,0.8086,0.3435,False
PS,42,10,38,0.9,0.8086,0.3435,False
PS,42,10,38,0.95,0.8086,0.3435,False
PS,42,10,39,0.8,0.9578,0.4146,False
PS,42,10,39,0.9,0.9578,0.4146,False
PS,42,10,39,0.95,0.9578,0.4146,False
PS,42,15,0,0.8,0.8985,0.385,False
PS,42,15,0,0.9,0.9953,0.4428,False
PS,42,15,0,0.95,0.9953,0.4428,False
PS,42,15,1,0.8,0.8086,0.3435,False
PS,42,15,1,0.9,0.9149,0.393,False
PS,42,15,1,0.95,0.9149,0.393,False
PS,42,15,2,0.8,0.8985,0.385,False
PS,42,15,2,0.9,0.9229,0.3975,False
PS,42,15,2,0.95,0.9229,0.3975,False
PS,42,15,3,0.8,0.9149,0.393,False
PS,42,15,3,0.9,0.976,0.4263,False
PS,42,15,3,0.95,0.976,0.4263,False
PS,42,15,4,0.8,0.9269,0.3996,False
PS,42,15,4,0.9,0.9578,0.4146,False
PS,42,15,4,0.95,0.9578,0.4146,False
PS,42,15,5,0.8,0.9149,0.393,False
PS,42,15,5,0.9,0.9953,0.4428,False
PS,42,15,5,0.95,0.9953,0.4428,False
PS,42,15,6,0.8,0.8558,0.3657,False
PS,42,15,6,0.9,0.8558,0.3657,False
PS,42,15,6,0.95,0.8558,0.3657,False
PS,42,15,7,0.8,0.8558,0.3657,False
PS,42,15,7,0.9,0.8985,0.385,False
PS,42,15,7,0.95,0.8985,0.385,False
PS,42,15,8,0.8,0.8985,0.385,False
PS,42,15,8,0.9,0.9149,0.393,False
PS,42,15,8,0.95,0.9149,0.393,False
PS,42,15,9,0.8,0.8086,0.3435,False
PS,42,15,9,0.9,0.8558,0.3657,False
PS,42,15,9,0.95,0.8558,0.3657,False
PS,42,15,10,0.8,0.9229,0.3975,False
PS,42,15,10,0.9,0.9716,0.4228,False
PS,42,15,10,0.95,0.9716,0.4228,False
PS,42,15,11,0.8,0.8985,0.385,False
PS,42,15,11,0.9,0.9229,0.3975,False
PS,42,15,11,0.95,0.9229,0.3975,False
PS,42,15,12,0.8,0.8985,0.385,False
PS,42,15,12,0.9,0.8985,0.385,False
PS,42,15,12,0.95,0.8985,0.385,False
PS,42,15,13,0.8,0.8558,0.3657,False
PS,42,15,13,0.9,0.9953,0.4428,False
PS,42,15,13,0.95,0.9953,0.4428,False
PS,42,15,14,0.8,0.9149,0.393,False
PS,42,15,14,0.9,0.9578,0.4146,False
PS,42,15,14,0.95,0.9578,0.4146,False
PS,42,15,15,0.8,0.8086,0.3435,False
PS,42,15,15,0.9,0.976,0.4263,False
PS,42,15,15,0.95,0.976,0.4263,False
PS,42,15,16,0.8,0.9149,0.393,False
PS,42,15,16,0.9,0.9953,0.4428,False
PS,42,15,16,0.95,0.9953,0.4428,False
PS,42,15,17,0.8,0.9269,0.3996,False
PS,42,15,17,0.9,0.9716,0.4228,False
PS,42,15,17,0.95,0.9716,0.4228,False
PS,42,15,18,0.8,0.8558,0.3657,False
PS,42,15,18,0.9,0.9716,0.4228,False
PS,42,15,18,0.95,0.9716,0.4228,False
PS,42,15,19,0.8,0.8985,0.385,False
PS,42,15,19,0.9,0.9149,0.393,False
PS,42,15,19,0.95,0.9149,0.393,False
PS,42,15,20,0.8,0.9578,0.4146,False
PS,42,15,20,0.9,0.9953,0.4428,False
PS,42,15,20,0.95,0.9953,0.4428,False
PS,42,15,21,0.8,0.8558,0.3657,False
PS,42,15,21,0.9,0.9578,0.4146,False
PS,42,15,21,0.95,0.9578,0.4146,False
PS,42,15,22,0.8,0.9149,0.393,False
PS,42,15,22,0.9,0.9661,0.4193,False
PS,42,15,22,0.95,0.9661,0.4193,False
PS,42,15,23,0.8,0.8558,0.3657,False
PS,42,15,23,0.9,0.8558,0.3657,False
PS,42,15,23,0.95,0.8558,0.3657,False
PS,42,15,24,0.8,0.8985,0.385,False
PS,42,15,24,0.9,0.976,0.4263,False
PS,42,15,24,0.95,0.976,0.4263,False
PS,42,15,25,0.8,0.9953,0.4428,False
PS,42,15,25,0.9,0.9953,0.4428,False
PS,42,15,25,0.95,0.9953,0.4428,False
PS,42,15,26,0.8,0.9578,0.4146,False
PS,42,15,26,0.9,0.9661,0.4193,False
PS,42,15,26,0.95,0.9661,0.4193,False
PS,42,15,27,0.8,0.8086,0.3435,False
PS,42,15,27,0.9,0.9149,0.393,False
PS,42,15,27,0.95,0.9149,0.393,False
PS,42,15,28,0.8,0.9149,0.393,False
PS,42,15,28,0.9,0.9716,0.4228,False
PS,42,15,28,0.95,0.9716,0.4228,False
PS,42,15,29,0.8,0.7685,0.325,False
PS,42,15,29,0.9,0.9149,0.393,False
PS,42,15,29,0.95,0.9149,0.393,False
PS,42,15,30,0.8,0.7493,0.3165,False
PS,42,15,30,0.9,0.8086,0.3435,False
PS,42,15,30,0.95,0.8086,0.3435,False
PS,42,15,31,0.8,0.9149,0.393,False
PS,42,15,31,0.9,0.9953,0.4428,False
PS,42,15,31,0.95,0.9953,0.4428,False
PS,42,15,32,0.8,0.8086,0.3435,False
PS,42,15,32,0.9,0.8985,0.385,False
PS,42,15,32,0.95,0.8985,0.385,False
PS,42,15,33,0.8,0.9716,0.4228,False
PS,42,15,33,0.9,0.9953,0.4428,False
PS,42,15,33,0.95,0.9953,0.4428,False
PS,42,15,34,0.8,0.9229,0.3975,False
PS,42,15,34,0.9,0.9661,0.4193,False
PS,42,15,34,0.95,0.9661,0.4193,False
PS,42,15,35,0.8,0.9578,0.4146,False
PS,42,15,35,0.9,0.976,0.4263,False
PS,42,15,35,0.95,0.976,0.4263,False
PS,42,15,36,0.8,0.9149,0.393,False
PS,42,15,36,0.9,0.9229,0.3975,False
PS,42,15,36,0.95,0.9229,0.3975,False
PS,42,15,37,0.8,0.976,0.4263,False
PS,42,15,37,0.9,0.9953,0.4428,False
PS,42,15,37,0.95,0.9953,0.4428,False
PS,42,15,38,0.8,0.8558,0.3657,False
PS,42,15,38,0.9,0.9229,0.3975,False
PS,42,15,38,0.95,0.9229,0.3975,False
PS,42,15,39,0.8,0.7493,0.3165,False
PS,42,15,39,0.9,0.9149,0.393,False
PS,42,15,39,0.95,0.9149,0.393,False
PS,42,20,0,0.8,0.8558,0.3657,False
PS,42,20,0,0.9,0.9716,0.4228,False
PS,42,20,0,0.95,0.9716,0.4228,False
PS,42,20,1,0.8,0.8558,0.3657,False
PS,42,20,1,0.9,0.9953,0.4428,False
PS,42,20,1,0.95,0.9953,0.4428,False
PS,42,20,2,0.8,0.8558,0.3657,False
PS,42,20,2,0.9,0.9578,0.4146,False
PS,42,20,2,0.95,0.9578,0.4146,False
PS,42,20,3,0.8,0.9578,0.4146,False
PS,42,20,3,0.9,0.9953,0.4428,False
PS,42,20,3,0.95,0.9953,0.4428,False
PS,42,20,4,0.8,0.8558,0.3657,False
PS,42,20,4,0.9,0.976,0.4263,False
PS,42,20,4,0.95,0.976,0.4263,False
PS,42,20,5,0.8,0.8558,0.3657,False
PS,42,20,5,0.9,0.9953,0.4428,False
PS,42,20,5,0.95,0.9953,0.4428,False
PS,42,20,6,0.8,0.9578,0.4146,False
PS,42,20,6,0.9,0.9953,0.4428,False
PS,42,20,6,0.95,0.9953,0.4428,False
PS,42,20,7,0.8,0.6799,0.2859,False
PS,42,20,7,0.9,0.9661,0.4193,False
PS,42,20,7,0.95,0.9661,0.4193,False
PS,42,20,8,0.8,0.8558,0.3657,False
PS,42,20,8,0.9,0.8985,0.385,False
PS,42,20,8,0.95,0.8985,0.385,False
PS,42,20,9,0.8,0.7493,0.3165,False
PS,42,20,9,0.9,0.9149,0.393,False
PS,42,20,9,0.95,0.9149,0.393,False
PS,42,20,10,0.8,0.9149,0.393,False
PS,42,20,10,0.9,0.976,0.4263,False
PS,42,20,10,0.95,0.976,0.4263,False
PS,42,20,11,0.8,0.7493,0.3165,False
PS,42,20,11,0.9,0.8558,0.3657,False
PS,42,20,11,0.95,0.8558,0.3657,False
PS,42,20,12,0.8,0.7493,0.3165,False
PS,42,20,12,0.9,0.9578,0.4146,False
PS,42,20,12,0.95,0.9578,0.4146,False
PS,42,20,13,0.8,0.9661,0.4193,False
PS,42,20,13,0.9,0.9953,0.4428,False
PS,42,20,13,0.95,0.9953,0.4428,False
PS,42,20,14,0.8,0.8086,0.3435,False
PS,42,20,14,0.9,0.9229,0.3975,False
PS,42,20,14,0.95,0.9229,0.3975,False
PS,42,20,15,0.8,0.9149,0.393,False
PS,42,20,15,0.9,0.9953,0.4428,False
PS,42,20,15,0.95,0.9953,0.4428,False
PS,42,20,16,0.8,0.8086,0.3435,False
PS,42,20,16,0.9,0.9716,0.4228,False
PS,42,20,16,0.95,0.9716,0.4228,False
PS,42,20,17,0.8,0.8985,0.385,False
PS,42,20,17,0.9,0.9661,0.4193,False
PS,42,20,17,0.95,0.9661,0.4193,False
PS,42,20,18,0.8,0.8086,0.3435,False
PS,42,20,18,0.9,0.9229,0.3975,False
PS,42,20,18,0.95,0.9229,0.3975,False
PS,42,20,19,0.8,0.9149,0.393,False
PS,42,20,19,0.9,0.9578,0.4146,False
PS,42,20,19,0.95,0.9578,0.4146,False
PS,42,20,20,0.8,0.9149,0.393,False
PS,42,20,20,0.9,0.9953,0.4428,False
PS,42,20,20,0.95,0.9953,0.4428,False
PS,42,20,21,0.8,0.7685,0.325,False
PS,42,20,21,0.9,0.8985,0.385,False
PS,42,20,21,0.95,0.8985,0.385,False
PS,42,20,22,0.8,0.8985,0.385,False
PS,42,20,22,0.9,0.9953,0.4428,False
PS,42,20,22,0.95,0.9953,0.4428,False
PS,42,20,23,0.8,0.8985,0.385,False
PS,42,20,23,0.9,0.9229,0.3975,False
PS,42,20,23,0.95,0.9229,0.3975,False
PS,42,20,24,0.8,0.8099,0.344,False
PS,42,20,24,0.9,0.8985,0.385,False
PS,42,20,24,0.95,0.8985,0.385,False
PS,42,20,25,0.8,0.9578,0.4146,False
PS,42,20,25,0.9,0.9953,0.4428,False
PS,42,20,25,0.95,0.9953,0.4428,False
PS,42,20,26,0.8,0.7685,0.325,False
PS,42,20,26,0.9,0.8985,0.385,False
PS,42,20,26,0.95,0.8985,0.385,False
PS,42,20,27,0.8,0.8985,0.385,False
PS,42,20,27,0.9,0.9716,0.4228,False
PS,42,20,27,0.95,0.9716,0.4228,False
PS,42,20,28,0.8,0.8558,0.3657,False
PS,42,20,28,0.9,0.9149,0.393,False
PS,42,20,28,0.95,0.9149,0.393,False
PS,42,20,29,0.8,0.9149,0.393,False
PS,42,20,29,0.9,0.9149,0.393,False
PS,42,20,29,0.95,0.9149,0.393,False
PS,42,20,30,0.8,0.8985,0.385,False
PS,42,20,30,0.9,0.9149,0.393,False
PS,42,20,30,0.95,0.9149,0.393,False
PS,42,20,31,0.8,0.9149,0.393,False
PS,42,20,31,0.9,0.9716,0.4228,False
PS,42,20,31,0.95,0.9716,0.4228,False
PS,42,20,32,0.8,0.8086,0.3435,False
PS,42,20,32,0.9,0.9953,0.4428,False
PS,42,20,32,0.95,0.9953,0.4428,False
PS,42,20,33,0.8,0.8985,0.385,False
PS,42,20,33,0.9,0.9229,0.3975,False
PS,42,20,33,0.95,0.9229,0.3975,False
PS,42,20,34,0.8,0.8558,0.3657,False
PS,42,20,34,0.9,0.9149,0.393,False
PS,42,20,34,0.95,0.9149,0.393,False
PS,42,20,35,0.8,0.8985,0.385,False
PS,42,20,35,0.9,0.9229,0.3975,False
PS,42,20,35,0.95,0.9229,0.3975,False
PS,42,20,36,0.8,0.8099,0.344,False
PS,42,20,36,0.9,0.9578,0.4146,False
PS,42,20,36,0.95,0.9578,0.4146,False
PS,42,20,37,0.8,0.7493,0.3165,False
PS,42,20,37,0.9,0.8086,0.3435,False
PS,42,20,37,0.95,0.8086,0.3435,False
PS,42,20,38,0.8,0.7493,0.3165,False
PS,42,20,38,0.9,0.8985,0.385,False
PS,42,20,38,0.95,0.8985,0.385,False
PS,42,20,39,0.8,0.8086,0.3435,False
PS,42,20,39,0.9,0.8086,0.3435,False
PS,42,20,39,0.95,0.8086,0.3435,False
PS,42,25,0,0.8,0.8086,0.3435,False
PS,42,25,0,0.9,0.9716,0.4228,False
PS,42,25,0,0.95,0.9716,0.4228,False
PS,42,25,1,0.8,0.8558,0.3657,False
PS,42,25,1,0.9,0.9661,0.4193,False
PS,42,25,1,0.95,0.9661,0.4193,False
PS,42,25,2,0.8,0.9661,0.4193,False
PS,42,25,2,0.9,0.9953,0.4428,False
PS,42,25,2,0.95,0.9953,0.4428,False
PS,42,25,3,0.8,0.8558,0.3657,False
PS,42,25,3,0.9,0.9953,0.4428,False
PS,42,25,3,0.95,0.9953,0.4428,False
PS,42,25,4,0.8,0.9149,0.393,False
PS,42,25,4,0.9,0.9716,0.4228,False
PS,42,25,4,0.95,0.9716,0.4228,False
PS,42,25,5,0.8,0.8558,0.3657,False
PS,42,25,5,0.9,0.9953,0.4428,False
PS,42,25,5,0.95,0.9953,0.4428,False
PS,42,25,6,0.8,0.8558,0.3657,False
PS,42,25,6,0.9,0.9953,0.4428,False
PS,42,25,6,0.95,0.9953,0.4428,False
PS,42,25,7,0.8,0.8985,0.385,False
PS,42,25,7,0.9,0.9953,0.4428,False
PS,42,25,7,0.95,0.9953,0.4428,False
PS,42,25,8,0.8,0.7685,0.325,False
PS,42,25,8,0.9,0.9578,0.4146,False
PS,42,25,8,0.95,0.9578,0.4146,False
PS,42,25,9,0.8,0.8985,0.385,False
PS,42,25,9,0.9,0.9229,0.3975,False
PS,42,25,9,0.95,0.9229,0.3975,False
PS,42,25,10,0.8,0.8558,0.3657,False
PS,42,25,10,0.9,0.9953,0.4428,False
PS,42,25,10,0.95,0.9953,0.4428,False
PS,42,25,11,0.8,0.7685,0.325,False
PS,42,25,11,0.9,0.8985,0.385,False
PS,42,25,11,0.95,0.8985,0.385,False
PS,42,25,12,0.8,0.7685,0.325,False
PS,42,25,12,0.9,0.9578,0.4146,False
PS,42,25,12,0.95,0.9578,0.4146,False
PS,42,25,13,0.8,0.8558,0.3657,False
PS,42,25,13,0.9,0.9953,0.4428,False
PS,42,25,13,0.95,0.9953,0.4428,False
PS,42,25,14,0.8,0.8086,0.3435,False
PS,42,25,14,0.9,0.9149,0.393,False
PS,42,25,14,0.95,0.9149,0.393,False
PS,42,25,15,0.8,0.9149,0.393,False
PS,42,25,15,0.9,0.9953,0.4428,False
PS,42,25,15,0.95,0.9953,0.4428,False
PS,42,25,16,0.8,0.8558,0.3657,False
PS,42,25,16,0.9,0.9953,0.4428,False
PS,42,25,16,0.95,0.9953,0.4428,False
PS,42,25,17,0.8,0.8985,0.385,False
PS,42,25,17,0.9,0.9953,0.4428,False
PS,42,25,17,0.95,0.9953,0.4428,False
PS,42,25,18,0.8,0.8086,0.3435,False
PS,42,25,18,0.9,0.8985,0.385,False
PS,42,25,18,0.95,0.8985,0.385,False
PS,42,25,19,0.8,0.7493,0.3165,False
PS,42,25,19,0.9,0.8985,0.385,False
PS,42,25,19,0.95,0.8985,0.385,False
PS,42,25,20,0.8,0.8558,0.3657,False
PS,42,25,20,0.9,0.9578,0.4146,False
PS,42,25,20,0.95,0.9578,0.4146,False
PS,42,25,21,0.8,0.8086,0.3435,False
PS,42,25,21,0.9,0.9716,0.4228,False
PS,42,25,21,0.95,0.9716,0.4228,False
PS,42,25,22,0.8,0.9149,0.393,False
PS,42,25,22,0.9,0.9953,0.4428,False
PS,42,25,22,0.95,0.9953,0.4428,False
PS,42,25,23,0.8,0.8086,0.3435,False
PS,42,25,23,0.9,0.976,0.4263,False
PS,42,25,23,0.95,0.976,0.4263,False
PS,42,25,24,0.8,0.8558,0.3657,False
PS,42,25,24,0.9,0.8985,0.385,False
PS,42,25,24,0.95,0.8985,0.385,False
PS,42,25,25,0.8,0.9149,0.393,False
PS,42,25,25,0.9,0.9953,0.4428,False
PS,42,25,25,0.95,0.9953,0.4428,False
PS,42,25,26,0.8,0.7685,0.325,False
PS,42,25,26,0.9,0.9953,0.4428,False
PS,42,25,26,0.95,0.9953,0.4428,False
PS,42,25,27,0.8,0.8558,0.3657,False
PS,42,25,27,0.9,0.9953,0.4428,False
PS,42,25,27,0.95,0.9953,0.4428,False
PS,42,25,28,0.8,0.9269,0.3996,False
PS,42,25,28,0.9,0.976,0.4263,False
PS,42,25,28,0.95,0.976,0.4263,False
PS,42,25,29,0.8,0.9149,0.393,False
PS,42,25,29,0.9,0.9953,0.4428,False
PS,42,25,29,0.95,0.9953,0.4428,False
PS,42,25,30,0.8,0.8086,0.3435,False
PS,42,25,30,0.9,0.9953,0.4428,False
PS,42,25,30,0.95,0.9953,0.4428,False
PS,42,25,31,0.8,0.8106,0.3444,False
PS,42,25,31,0.9,0.9269,0.3996,False
PS,42,25,31,0.95,0.9269,0.3996,False
PS,42,25,32,0.8,0.7298,0.3077,False
PS,42,25,32,0.9,0.9578,0.4146,False
PS,42,25,32,0.95,0.9578,0.4146,False
PS,42,25,33,0.8,0.9149,0.393,False
PS,42,25,33,0.9,0.9953,0.4428,False
PS,42,25,33,0.95,0.9953,0.4428,False
PS,42,25,34,0.8,0.8558,0.3657,False
PS,42,25,34,0.9,0.9953,0.4428,False
PS,42,25,34,0.95,0.9953,0.4428,False
PS,42,25,35,0.8,0.8985,0.385,False
PS,42,25,35,0.9,0.9953,0.4428,False
PS,42,25,35,0.95,0.9953,0.4428,False
PS,42,25,36,0.8,0.7493,0.3165,False
PS,42,25,36,0.9,0.976,0.4263,False
PS,42,25,36,0.95,0.976,0.4263,False
PS,42,25,37,0.8,0.9149,0.393,False
PS,42,25,37,0.9,0.9953,0.4428,False
PS,42,25,37,0.95,0.9953,0.4428,False
PS,42,25,38,0.8,0.8558,0.3657,False
PS,42,25,38,0.9,0.9229,0.3975,False
PS,42,25,38,0.95,0.9229,0.3975,False
PS,42,25,39,0.8,0.8558,0.3657,False
PS,42,25,39,0.9,0.9269,0.3996,False
PS,42,25,39,0.95,0.9269,0.3996,False
PS,42,30,0,0.8,0.8558,0.3657,False
PS,42,30,0,0.9,0.976,0.4263,False
PS,42,30,0,0.95,0.9953,0.4428,False
PS,42,30,1,0.8,0.7685,0.325,False
PS,42,30,1,0.9,0.9661,0.4193,False
PS,42,30,1,0.95,0.976,0.4263,False
PS,42,30,2,0.8,0.8985,0.385,False
PS,42,30,2,0.9,0.9578,0.4146,False
PS,42,30,2,0.95,0.976,0.4263,False
PS,42,30,3,0.8,0.8558,0.3657,False
PS,42,30,3,0.9,0.9578,0.4146,False
PS,42,30,3,0.95,0.9953,0.4428,False
PS,42,30,4,0.8,0.8985,0.385,False
PS,42,30,4,0.9,0.9953,0.4428,False
PS,42,30,4,0.95,0.9953,0.4428,False
PS,42,30,5,0.8,0.9149,0.393,False
PS,42,30,5,0.9,0.9953,0.4428,False
PS,42,30,5,0.95,0.9953,0.4428,False
PS,42,30,6,0.8,0.8106,0.3444,False
PS,42,30,6,0.9,0.9953,0.4428,False
PS,42,30,6,0.95,0.9953,0.4428,False
PS,42,30,7,0.8,0.8558,0.3657,False
PS,42,30,7,0.9,0.9578,0.4146,False
PS,42,30,7,0.95,0.9661,0.4193,False
PS,42,30,8,0.8,0.8985,0.385,False
PS,42,30,8,0.9,0.9578,0.4146,False
PS,42,30,8,0.95,0.9716,0.4228,False
PS,42,30,9,0.8,0.8086,0.3435,False
PS,42,30,9,0.9,0.9149,0.393,False
PS,42,30,9,0.95,0.9578,0.4146,False
PS,42,30,10,0.8,0.8086,0.3435,False
PS,42,30,10,0.9,0.8985,0.385,False
PS,42,30,10,0.95,0.8985,0.385,False
PS,42,30,11,0.8,0.6799,0.2859,False
PS,42,30,11,0.9,0.9661,0.4193,False
PS,42,30,11,0.95,0.9953,0.4428,False
PS,42,30,12,0.8,0.8985,0.385,False
PS,42,30,12,0.9,0.9953,0.4428,False
PS,42,30,12,0.95,0.9953,0.4428,False
PS,42,30,13,0.8,0.9149,0.393,False
PS,42,30,13,0.9,0.9661,0.4193,False
PS,42,30,13,0.95,0.9953,0.4428,False
PS,42,30,14,0.8,0.7298,0.3077,False
PS,42,30,14,0.9,0.8558,0.3657,False
PS,42,30,14,0.95,0.9149,0.393,False
PS,42,30,15,0.8,0.7493,0.3165,False
PS,42,30,15,0.9,0.8558,0.3657,False
PS,42,30,15,0.95,0.8558,0.3657,False
PS,42,30,16,0.8,0.8086,0.3435,False
PS,42,30,16,0.9,0.9578,0.4146,False
PS,42,30,16,0.95,0.9953,0.4428,False
PS,42,30,17,0.8,0.8086,0.3435,False
PS,42,30,17,0.9,0.9269,0.3996,False
PS,42,30,17,0.95,0.9953,0.4428,False
PS,42,30,18,0.8,0.8086,0.3435,False
PS,42,30,18,0.9,0.9578,0.4146,False
PS,42,30,18,0.95,0.976,0.4263,False
PS,42,30,19,0.8,0.8558,0.3657,False
PS,42,30,19,0.9,0.9661,0.4193,False
PS,42,30,19,0.95,0.9953,0.4428,False
PS,42,30,20,0.8,0.7298,0.3077,False
PS,42,30,20,0.9,0.8558,0.3657,False
PS,42,30,20,0.95,0.8558,0.3657,False
PS,42,30,21,0.8,0.7685,0.325,False
PS,42,30,21,0.9,0.8086,0.3435,False
PS,42,30,21,0.95,0.976,0.4263,False
PS,42,30,22,0.8,0.8086,0.3435,False
PS,42,30,22,0.9,0.8985,0.385,False
PS,42,30,22,0.95,0.9953,0.4428,False
PS,42,30,23,0.8,0.8099,0.344,False
PS,42,30,23,0.9,0.8985,0.385,False
PS,42,30,23,0.95,0.9661,0.4193,False
PS,42,30,24,0.8,0.8086,0.3435,False
PS,42,30,24,0.9,0.9229,0.3975,False
PS,42,30,24,0.95,0.9953,0.4428,False
PS,42,30,25,0.8,0.6949,0.2923,False
PS,42,30,25,0.9,0.8985,0.385,False
PS,42,30,25,0.95,0.9578,0.4146,False
PS,42,30,26,0.8,0.8086,0.3435,False
PS,42,30,26,0.9,0.9953,0.4428,False
PS,42,30,26,0.95,0.9953,0.4428,False
PS,42,30,27,0.8,0.7493,0.3165,False
PS,42,30,27,0.9,0.9149,0.393,False
PS,42,30,27,0.95,0.9578,0.4146,False
PS,42,30,28,0.8,0.8985,0.385,False
PS,42,30,28,0.9,0.9269,0.3996,False
PS,42,30,28,0.95,0.9578,0.4146,False
PS,42,30,29,0.8,0.9149,0.393,False
PS,42,30,29,0.9,0.9953,0.4428,False
PS,42,30,29,0.95,0.9953,0.4428,False
PS,42,30,30,0.8,0.8985,0.385,False
PS,42,30,30,0.9,0.9578,0.4146,False
PS,42,30,30,0.95,0.9953,0.4428,False
PS,42,30,31,0.8,0.8558,0.3657,False
PS,42,30,31,0.9,0.9149,0.393,False
PS,42,30,31,0.95,0.9578,0.4146,False
PS,42,30,32,0.8,0.8086,0.3435,False
PS,42,30,32,0.9,0.9578,0.4146,False
PS,42,30,32,0.95,0.9953,0.4428,False
PS,42,30,33,0.8,0.8086,0.3435,False
PS,42,30,33,0.9,0.976,0.4263,False
PS,42,30,33,0.95,0.976,0.4263,False
PS,42,30,34,0.8,0.8558,0.3657,False
PS,42,30,34,0.9,0.9578,0.4146,False
PS,42,30,34,0.95,0.9953,0.4428,False
PS,42,30,35,0.8,0.8985,0.385,False
PS,42,30,35,0.9,0.9229,0.3975,False
PS,42,30,35,0.95,0.9229,0.3975,False
PS,42,30,36,0.8,0.8558,0.3657,False
PS,42,30,36,0.9,0.9661,0.4193,False
PS,42,30,36,0.95,0.9953,0.4428,False
PS,42,30,37,0.8,0.8086,0.3435,False
PS,42,30,37,0.9,0.8985,0.385,False
PS,42,30,37,0.95,0.9149,0.393,False
PS,42,30,38,0.8,0.8558,0.3657,False
PS,42,30,38,0.9,0.9269,0.3996,False
PS,42,30,38,0.95,0.9578,0.4146,False
PS,42,30,39,0.8,0.8099,0.344,False
PS,42,30,39,0.9,0.8985,0.385,False
PS,42,30,39,0.95,0.9149,0.393,False
PS,42,40,0,0.8,0.8558,0.3657,False
PS,42,40,0,0.9,0.9578,0.4146,False
PS,42,40,0,0.95,0.9953,0.4428,False
PS,42,40,1,0.8,0.7685,0.325,False
PS,42,40,1,0.9,0.8558,0.3657,False
PS,42,40,1,0.95,0.8985,0.385,False
PS,42,40,2,0.8,0.8558,0.3657,False
PS,42,40,2,0.9,0.8985,0.385,False
PS,42,40,2,0.95,0.9149,0.393,False
PS,42,40,3,0.8,0.7685,0.325,False
PS,42,40,3,0.9,0.8558,0.3657,False
PS,42,40,3,0.95,0.9953,0.4428,False
PS,42,40,4,0.8,0.8086,0.3435,False
PS,42,40,4,0.9,0.8985,0.385,False
PS,42,40,4,0.95,0.9578,0.4146,False
PS,42,40,5,0.8,0.8106,0.3444,False
PS,42,40,5,0.9,0.8985,0.385,False
PS,42,40,5,0.95,0.9953,0.4428,False
PS,42,40,6,0.8,0.8558,0.3657,False
PS,42,40,6,0.9,0.8985,0.385,False
PS,42,40,6,0.95,0.9661,0.4193,False
PS,42,40,7,0.8,0.8086,0.3435,False
PS,42,40,7,0.9,0.9661,0.4193,False
PS,42,40,7,0.95,0.9953,0.4428,False
PS,42,40,8,0.8,0.8558,0.3657,False
PS,42,40,8,0.9,0.9229,0.3975,False
PS,42,40,8,0.95,0.9953,0.4428,False
PS,42,40,9,0.8,0.8558,0.3657,False
PS,42,40,9,0.9,0.9578,0.4146,False
PS,42,40,9,0.95,0.9953,0.4428,False
PS,42,40,10,0.8,0.7685,0.325,False
PS,42,40,10,0.9,0.8985,0.385,False
PS,42,40,10,0.95,0.9578,0.4146,False
PS,42,40,11,0.8,0.9229,0.3975,False
PS,42,40,11,0.9,0.9953,0.4428,False
PS,42,40,11,0.95,0.9953,0.4428,False
PS,42,40,12,0.8,0.7493,0.3165,False
PS,42,40,12,0.9,0.9149,0.393,False
PS,42,40,12,0.95,0.9953,0.4428,False
PS,42,40,13,0.8,0.7298,0.3077,False
PS,42,40,13,0.9,0.8985,0.385,False
PS,42,40,13,0.95,0.9661,0.4193,False
PS,42,40,14,0.8,0.8086,0.3435,False
PS,42,40,14,0.9,0.9716,0.4228,False
PS,42,40,14,0.95,0.9953,0.4428,False
PS,42,40,15,0.8,0.8086,0.3435,False
PS,42,40,15,0.9,0.9149,0.393,False
PS,42,40,15,0.95,0.9149,0.393,False
PS,42,40,16,0.8,0.8558,0.3657,False
PS,42,40,16,0.9,0.9149,0.393,False
PS,42,40,16,0.95,0.9953,0.4428,False
PS,42,40,17,0.8,0.8086,0.3435,False
PS,42,40,17,0.9,0.8985,0.385,False
PS,42,40,17,0.95,0.9149,0.393,False
PS,42,40,18,0.8,0.7493,0.3165,False
PS,42,40,18,0.9,0.9149,0.393,False
PS,42,40,18,0.95,0.9149,0.393,False
PS,42,40,19,0.8,0.7515,0.3176,False
PS,42,40,19,0.9,0.9149,0.393,False
PS,42,40,19,0.95,0.976,0.4263,False
PS,42,40,20,0.8,0.8558,0.3657,False
PS,42,40,20,0.9,0.9578,0.4146,False
PS,42,40,20,0.95,0.976,0.4263,False
PS,42,40,21,0.8,0.9149,0.393,False
PS,42,40,21,0.9,0.9578,0.4146,False
PS,42,40,21,0.95,0.9953,0.4428,False
PS,42,40,22,0.8,0.7685,0.325,False
PS,42,40,22,0.9,0.9149,0.393,False
PS,42,40,22,0.95,0.9953,0.4428,False
PS,42,40,23,0.8,0.8086,0.3435,False
PS,42,40,23,0.9,0.8985,0.385,False
PS,42,40,23,0.95,0.9661,0.4193,False
PS,42,40,24,0.8,0.8086,0.3435,False
PS,42,40,24,0.9,0.9578,0.4146,False
PS,42,40,24,0.95,0.9716,0.4228,False
PS,42,40,25,0.8,0.7685,0.325,False
PS,42,40,25,0.9,0.8086,0.3435,False
PS,42,40,25,0.95,0.8558,0.3657,False
PS,42,40,26,0.8,0.8086,0.3435,False
PS,42,40,26,0.9,0.9269,0.3996,False
PS,42,40,26,0.95,0.9953,0.4428,False
PS,42,40,27,0.8,0.7685,0.325,False
PS,42,40,27,0.9,0.8558,0.3657,False
PS,42,40,27,0.95,0.9953,0.4428,False
PS,42,40,28,0.8,0.8086,0.3435,False
PS,42,40,28,0.9,0.9149,0.393,False
PS,42,40,28,0.95,0.9716,0.4228,False
PS,42,40,29,0.8,0.8086,0.3435,False
PS,42,40,29,0.9,0.8558,0.3657,False
PS,42,40,29,0.95,0.9149,0.393,False
PS,42,40,30,0.8,0.8086,0.3435,False
PS,42,40,30,0.9,0.8985,0.385,False
PS,42,40,30,0.95,0.976,0.4263,False
PS,42,40,31,0.8,0.8086,0.3435,False
PS,42,40,31,0.9,0.8558,0.3657,False
PS,42,40,31,0.95,0.9716,0.4228,False
PS,42,40,32,0.8,0.8985,0.385,False
PS,42,40,32,0.9,0.976,0.4263,False
PS,42,40,32,0.95,0.9953,0.4428,False
PS,42,40,33,0.8,0.8558,0.3657,False
PS,42,40,33,0.9,0.9578,0.4146,False
PS,42,40,33,0.95,0.9953,0.4428,False
PS,42,40,34,0.8,0.7098,0.2987,False
PS,42,40,34,0.9,0.8985,0.385,False
PS,42,40,34,0.95,0.9661,0.4193,False
PS,42,40,35,0.8,0.8985,0.385,False
PS,42,40,35,0.9,0.9229,0.3975,False
PS,42,40,35,0.95,0.9661,0.4193,False
PS,42,40,36,0.8,0.8086,0.3435,False
PS,42,40,36,0.9,0.9149,0.393,False
PS,42,40,36,0.95,0.9953,0.4428,False
PS,42,40,37,0.8,0.7493,0.3165,False
PS,42,40,37,0.9,0.8558,0.3657,False
PS,42,40,37,0.95,0.9661,0.4193,False
PS,42,40,38,0.8,0.8558,0.3657,False
PS,42,40,38,0.9,0.9661,0.4193,False
PS,42,40,38,0.95,0.9953,0.4428,False
PS,42,40,39,0.8,0.8558,0.3657,False
PS,42,40,39,0.9,0.9229,0.3975,False
PS,42,40,39,0.95,0.976,0.4263,False
PS,42,50,0,0.8,0.8086,0.3435,False
PS,42,50,0,0.9,0.8558,0.3657,False
PS,42,50,0,0.95,0.976,0.4263,False
PS,42,50,1,0.8,0.8558,0.3657,False
PS,42,50,1,0.9,0.9149,0.393,False
PS,42,50,1,0.95,0.9716,0.4228,False
PS,42,50,2,0.8,0.8558,0.3657,False
PS,42,50,2,0.9,0.9953,0.4428,False
PS,42,50,2,0.95,0.9953,0.4428,False
PS,42,50,3,0.8,0.9149,0.393,False
PS,42,50,3,0.9,0.9578,0.4146,False
PS,42,50,3,0.95,0.9953,0.4428,False
PS,42,50,4,0.8,0.8985,0.385,False
PS,42,50,4,0.9,0.9578,0.4146,False
PS,42,50,4,0.95,0.9953,0.4428,False
PS,42,50,5,0.8,0.8086,0.3435,False
PS,42,50,5,0.9,0.9149,0.393,False
PS,42,50,5,0.95,0.9578,0.4146,False
PS,42,50,6,0.8,0.7685,0.325,False
PS,42,50,6,0.9,0.8985,0.385,False
PS,42,50,6,0.95,0.9953,0.4428,False
PS,42,50,7,0.8,0.8086,0.3435,False
PS,42,50,7,0.9,0.9149,0.393,False
PS,42,50,7,0.95,0.9953,0.4428,False
PS,42,50,8,0.8,0.7303,0.3079,False
PS,42,50,8,0.9,0.9149,0.393,False
PS,42,50,8,0.95,0.9716,0.4228,False
PS,42,50,9,0.8,0.8558,0.3657,False
PS,42,50,9,0.9,0.9269,0.3996,False
PS,42,50,9,0.95,0.9953,0.4428,False
PS,42,50,10,0.8,0.8086,0.3435,False
PS,42,50,10,0.9,0.9149,0.393,False
PS,42,50,10,0.95,0.9953,0.4428,False
PS,42,50,11,0.8,0.8086,0.3435,False
PS,42,50,11,0.9,0.9269,0.3996,False
PS,42,50,11,0.95,0.976,0.4263,False
PS,42,50,12,0.8,0.8985,0.385,False
PS,42,50,12,0.9,0.9578,0.4146,False
PS,42,50,12,0.95,0.9953,0.4428,False
PS,42,50,13,0.8,0.8086,0.3435,False
PS,42,50,13,0.9,0.9716,0.4228,False
PS,42,50,13,0.95,0.9953,0.4428,False
PS,42,50,14,0.8,0.8099,0.344,False
PS,42,50,14,0.9,0.9149,0.393,False
PS,42,50,14,0.95,0.9953,0.4428,False
PS,42,50,15,0.8,0.8558,0.3657,False
PS,42,50,15,0.9,0.9149,0.393,False
PS,42,50,15,0.95,0.9953,0.4428,False
PS,42,50,16,0.8,0.8086,0.3435,False
PS,42,50,16,0.9,0.8558,0.3657,False
PS,42,50,16,0.95,0.9716,0.4228,False
PS,42,50,17,0.8,0.8558,0.3657,False
PS,42,50,17,0.9,0.9229,0.3975,False
PS,42,50,17,0.95,0.9953,0.4428,False
PS,42,50,18,0.8,0.8558,0.3657,False
PS,42,50,18,0.9,0.9149,0.393,False
PS,42,50,18,0.95,0.9953,0.4428,False
PS,42,50,19,0.8,0.8086,0.3435,False
PS,42,50,19,0.9,0.8985,0.385,False
PS,42,50,19,0.95,0.9578,0.4146,False
PS,42,50,20,0.8,0.7298,0.3077,False
PS,42,50,20,0.9,0.9578,0.4146,False
PS,42,50,20,0.95,0.9953,0.4428,False
PS,42,50,21,0.8,0.7493,0.3165,False
PS,42,50,21,0.9,0.8558,0.3657,False
PS,42,50,21,0.95,0.9661,0.4193,False
PS,42,50,22,0.8,0.8086,0.3435,False
PS,42,50,22,0.9,0.9578,0.4146,False
PS,42,50,22,0.95,0.9953,0.4428,False
PS,42,50,23,0.8,0.8086,0.3435,False
PS,42,50,23,0.9,0.9578,0.4146,False
PS,42,50,23,0.95,0.9953,0.4428,False
PS,42,50,24,0.8,0.7493,0.3165,False
PS,42,50,24,0.9,0.8985,0.385,False
PS,42,50,24,0.95,0.9953,0.4428,False
PS,42,50,25,0.8,0.8985,0.385,False
PS,42,50,25,0.9,0.9578,0.4146,False
PS,42,50,25,0.95,0.9953,0.4428,False
PS,42,50,26,0.8,0.8558,0.3657,False
PS,42,50,26,0.9,0.9149,0.393,False
PS,42,50,26,0.95,0.9953,0.4428,False
PS,42,50,27,0.8,0.8106,0.3444,False
PS,42,50,27,0.9,0.9149,0.393,False
PS,42,50,27,0.95,0.9578,0.4146,False
PS,42,50,28,0.8,0.7685,0.325,False
PS,42,50,28,0.9,0.8985,0.385,False
PS,42,50,28,0.95,0.9578,0.4146,False
PS,42,50,29,0.8,0.8558,0.3657,False
PS,42,50,29,0.9,0.8985,0.385,False
PS,42,50,29,0.95,0.9578,0.4146,False
PS,42,50,30,0.8,0.8985,0.385,False
PS,42,50,30,0.9,0.9578,0.4146,False
PS,42,50,30,0.95,0.9953,0.4428,False
PS,42,50,31,0.8,0.8558,0.3657,False
PS,42,50,31,0.9,0.9578,0.4146,False
PS,42,50,31,0.95,0.9953,0.4428,False
PS,42,50,32,0.8,0.8558,0.3657,False
PS,42,50,32,0.9,0.9149,0.393,False
PS,42,50,32,0.95,0.9953,0.4428,False
PS,42,50,33,0.8,0.8558,0.3657,False
PS,42,50,33,0.9,0.9578,0.4146,False
PS,42,50,33,0.95,0.9953,0.4428,False
PS,42,50,34,0.8,0.8985,0.385,False
PS,42,50,34,0.9,0.9716,0.4228,False
PS,42,50,34,0.95,0.9953,0.4428,False
PS,42,50,35,0.8,0.8086,0.3435,False
PS,42,50,35,0.9,0.9149,0.393,False
PS,42,50,35,0.95,0.9953,0.4428,False
PS,42,50,36,0.8,0.8558,0.3657,False
PS,42,50,36,0.9,0.9149,0.393,False
PS,42,50,36,0.95,0.9953,0.4428,False
PS,42,50,37,0.8,0.8086,0.3435,False
PS,42,50,37,0.9,0.8985,0.385,False
PS,42,50,37,0.95,0.976,0.4263,False
PS,42,50,38,0.8,0.8086,0.3435,False
PS,42,50,38,0.9,0.9229,0.3975,False
PS,42,50,38,0.95,0.9953,0.4428,False
PS,42,50,39,0.8,0.8086,0.3435,False
PS,42,50,39,0.9,0.8985,0.385,False
PS,42,50,39,0.95,0.9953,0.4428,False
PS,42,75,0,0.8,0.7685,0.325,False
PS,42,75,0,0.9,0.9149,0.393,False
PS,42,75,0,0.95,0.9149,0.393,False
PS,42,75,1,0.8,0.8086,0.3435,False
PS,42,75,1,0.9,0.8985,0.385,False
PS,42,75,1,0.95,0.9578,0.4146,False
PS,42,75,2,0.8,0.8558,0.3657,False
PS,42,75,2,0.9,0.9149,0.393,False
PS,42,75,2,0.95,0.9661,0.4193,False
PS,42,75,3,0.8,0.8558,0.3657,False
PS,42,75,3,0.9,0.9661,0.4193,False
PS,42,75,3,0.95,0.9953,0.4428,False
PS,42,75,4,0.8,0.8086,0.3435,False
PS,42,75,4,0.9,0.8985,0.385,False
PS,42,75,4,0.95,0.9661,0.4193,False
PS,42,75,5,0.8,0.8558,0.3657,False
PS,42,75,5,0.9,0.9229,0.3975,False
PS,42,75,5,0.95,0.9953,0.4428,False
PS,42,75,6,0.8,0.8086,0.3435,False
PS,42,75,6,0.9,0.8985,0.385,False
PS,42,75,6,0.95,0.9953,0.4428,False
PS,42,75,7,0.8,0.8106,0.3444,False
PS,42,75,7,0.9,0.8985,0.385,False
PS,42,75,7,0.95,0.976,0.4263,False
PS,42,75,8,0.8,0.8086,0.3435,False
PS,42,75,8,0.9,0.8985,0.385,False
PS,42,75,8,0.95,0.9661,0.4193,False
PS,42,75,9,0.8,0.8086,0.3435,False
PS,42,75,9,0.9,0.8985,0.385,False
PS,42,75,9,0.95,0.9269,0.3996,False
PS,42,75,10,0.8,0.8086,0.3435,False
PS,42,75,10,0.9,0.9149,0.393,False
PS,42,75,10,0.95,0.976,0.4263,False
PS,42,75,11,0.8,0.8558,0.3657,False
PS,42,75,11,0.9,0.976,0.4263,False
PS,42,75,11,0.95,0.9953,0.4428,False
PS,42,75,12,0.8,0.8086,0.3435,False
PS,42,75,12,0.9,0.9149,0.393,False
PS,42,75,12,0.95,0.9953,0.4428,False
PS,42,75,13,0.8,0.7515,0.3176,False
PS,42,75,13,0.9,0.9578,0.4146,False
PS,42,75,13,0.95,0.9953,0.4428,False
PS,42,75,14,0.8,0.8558,0.3657,False
PS,42,75,14,0.9,0.9578,0.4146,False
PS,42,75,14,0.95,0.9953,0.4428,False
PS,42,75,15,0.8,0.8558,0.3657,False
PS,42,75,15,0.9,0.9229,0.3975,False
PS,42,75,15,0.95,0.9953,0.4428,False
PS,42,75,16,0.8,0.8086,0.3435,False
PS,42,75,16,0.9,0.9149,0.393,False
PS,42,75,16,0.95,0.9578,0.4146,False
PS,42,75,17,0.8,0.7685,0.325,False
PS,42,75,17,0.9,0.8558,0.3657,False
PS,42,75,17,0.95,0.8985,0.385,False
PS,42,75,18,0.8,0.8086,0.3435,False
PS,42,75,18,0.9,0.9149,0.393,False
PS,42,75,18,0.95,0.9953,0.4428,False
PS,42,75,19,0.8,0.8086,0.3435,False
PS,42,75,19,0.9,0.8558,0.3657,False
PS,42,75,19,0.95,0.9716,0.4228,False
PS,42,75,20,0.8,0.8086,0.3435,False
PS,42,75,20,0.9,0.8985,0.385,False
PS,42,75,20,0.95,0.9661,0.4193,False
PS,42,75,21,0.8,0.8086,0.3435,False
PS,42,75,21,0.9,0.9149,0.393,False
PS,42,75,21,0.95,0.9716,0.4228,False
PS,42,75,22,0.8,0.8086,0.3435,False
PS,42,75,22,0.9,0.9149,0.393,False
PS,42,75,22,0.95,0.9716,0.4228,False
PS,42,75,23,0.8,0.8086,0.3435,False
PS,42,75,23,0.9,0.9149,0.393,False
PS,42,75,23,0.95,0.9661,0.4193,False
PS,42,75,24,0.8,0.8086,0.3435,False
PS,42,75,24,0.9,0.8985,0.385,False
PS,42,75,24,0.95,0.9269,0.3996,False
PS,42,75,25,0.8,0.7493,0.3165,False
PS,42,75,25,0.9,0.8558,0.3657,False
PS,42,75,25,0.95,0.9953,0.4428,False
PS,42,75,26,0.8,0.8086,0.3435,False
PS,42,75,26,0.9,0.8985,0.385,False
PS,42,75,26,0.95,0.976,0.4263,False
PS,42,75,27,0.8,0.7685,0.325,False
PS,42,75,27,0.9,0.8985,0.385,False
PS,42,75,27,0.95,0.9661,0.4193,False
PS,42,75,28,0.8,0.8086,0.3435,False
PS,42,75,28,0.9,0.8985,0.385,False
PS,42,75,28,0.95,0.976,0.4263,False
PS,42,75,29,0.8,0.8086,0.3435,False
PS,42,75,29,0.9,0.9269,0.3996,False
PS,42,75,29,0.95,0.9953,0.4428,False
PS,42,75,30,0.8,0.7685,0.325,False
PS,42,75,30,0.9,0.8558,0.3657,False
PS,42,75,30,0.95,0.976,0.4263,False
PS,42,75,31,0.8,0.7298,0.3077,False
PS,42,75,31,0.9,0.8558,0.3657,False
PS,42,75,31,0.95,0.9578,0.4146,False
PS,42,75,32,0.8,0.8558,0.3657,False
PS,42,75,32,0.9,0.9229,0.3975,False
PS,42,75,32,0.95,0.976,0.4263,False
PS,42,75,33,0.8,0.8086,0.3435,False
PS,42,75,33,0.9,0.8558,0.3657,False
PS,42,75,33,0.95,0.976,0.4263,False
PS,42,75,34,0.8,0.7298,0.3077,False
PS,42,75,34,0.9,0.8558,0.3657,False
PS,42,75,34,0.95,0.9953,0.4428,False
PS,42,75,35,0.8,0.7493,0.3165,False
PS,42,75,35,0.9,0.9149,0.393,False
PS,42,75,35,0.95,0.9661,0.4193,False
PS,42,75,36,0.8,0.8558,0.3657,False
PS,42,75,36,0.9,0.9578,0.4146,False
PS,42,75,36,0.95,0.9953,0.4428,False
PS,42,75,37,0.8,0.8086,0.3435,False
PS,42,75,37,0.9,0.9149,0.393,False
PS,42,75,37,0.95,0.9716,0.4228,False
PS,42,75,38,0.8,0.8985,0.385,False
PS,42,75,38,0.9,0.9578,0.4146,False
PS,42,75,38,0.95,0.9953,0.4428,False
PS,42,75,39,0.8,0.7493,0.3165,False
PS,42,75,39,0.9,0.9149,0.393,False
PS,42,75,39,0.95,0.976,0.4263,False
PS,42,100,0,0.8,0.8086,0.3435,False
PS,42,100,0,0.9,0.8985,0.385,False
PS,42,100,0,0.95,0.9661,0.4193,False
PS,42,100,1,0.8,0.7685,0.325,False
PS,42,100,1,0.9,0.8985,0.385,False
PS,42,100,1,0.95,0.9716,0.4228,False
PS,42,100,2,0.8,0.8558,0.3657,False
PS,42,100,2,0.9,0.9149,0.393,False
PS,42,100,2,0.95,0.9716,0.4228,False
PS,42,100,3,0.8,0.7685,0.325,False
PS,42,100,3,0.9,0.8985,0.385,False
PS,42,100,3,0.95,0.9149,0.393,False
PS,42,100,4,0.8,0.8558,0.3657,False
PS,42,100,4,0.9,0.9149,0.393,False
PS,42,100,4,0.95,0.9661,0.4193,False
PS,42,100,5,0.8,0.7685,0.325,False
PS,42,100,5,0.9,0.9149,0.393,False
PS,42,100,5,0.95,0.9578,0.4146,False
PS,42,100,6,0.8,0.8086,0.3435,False
PS,42,100,6,0.9,0.9149,0.393,False
PS,42,100,6,0.95,0.9229,0.3975,False
PS,42,100,7,0.8,0.8086,0.3435,False
PS,42,100,7,0.9,0.9229,0.3975,False
PS,42,100,7,0.95,0.9661,0.4193,False
PS,42,100,8,0.8,0.8086,0.3435,False
PS,42,100,8,0.9,0.8558,0.3657,False
PS,42,100,8,0.95,0.9269,0.3996,False
PS,42,100,9,0.8,0.8558,0.3657,False
PS,42,100,9,0.9,0.9149,0.393,False
PS,42,100,9,0.95,0.9716,0.4228,False
PS,42,100,10,0.8,0.8558,0.3657,False
PS,42,100,10,0.9,0.9578,0.4146,False
PS,42,100,10,0.95,0.976,0.4263,False
PS,42,100,11,0.8,0.8086,0.3435,False
PS,42,100,11,0.9,0.8985,0.385,False
PS,42,100,11,0.95,0.9578,0.4146,False
PS,42,100,12,0.8,0.8558,0.3657,False
PS,42,100,12,0.9,0.9149,0.393,False
PS,42,100,12,0.95,0.976,0.4263,False
PS,42,100,13,0.8,0.8086,0.3435,False
PS,42,100,13,0.9,0.9149,0.393,False
PS,42,100,13,0.95,0.9661,0.4193,False
PS,42,100,14,0.8,0.8086,0.3435,False
PS,42,100,14,0.9,0.8985,0.385,False
PS,42,100,14,0.95,0.9578,0.4146,False
PS,42,100,15,0.8,0.8086,0.3435,False
PS,42,100,15,0.9,0.8558,0.3657,False
PS,42,100,15,0.95,0.9149,0.393,False
PS,42,100,16,0.8,0.8558,0.3657,False
PS,42,100,16,0.9,0.9229,0.3975,False
PS,42,100,16,0.95,0.9716,0.4228,False
PS,42,100,17,0.8,0.7685,0.325,False
PS,42,100,17,0.9,0.8558,0.3657,False
PS,42,100,17,0.95,0.9149,0.393,False
PS,42,100,18,0.8,0.8558,0.3657,False
PS,42,100,18,0.9,0.8985,0.385,False
PS,42,100,18,0.95,0.9578,0.4146,False
PS,42,100,19,0.8,0.8086,0.3435,False
PS,42,100,19,0.9,0.9149,0.393,False
PS,42,100,19,0.95,0.9661,0.4193,False
PS,42,100,20,0.8,0.8106,0.3444,False
PS,42,100,20,0.9,0.8985,0.385,False
PS,42,100,20,0.95,0.9661,0.4193,False
PS,42,100,21,0.8,0.8086,0.3435,False
PS,42,100,21,0.9,0.8985,0.385,False
PS,42,100,21,0.95,0.9578,0.4146,False
PS,42,100,22,0.8,0.8086,0.3435,False
PS,42,100,22,0.9,0.8985,0.385,False
PS,42,100,22,0.95,0.9661,0.4193,False
PS,42,100,23,0.8,0.8086,0.3435,False
PS,42,100,23,0.9,0.8985,0.385,False
PS,42,100,23,0.95,0.9578,0.4146,False
PS,42,100,24,0.8,0.8086,0.3435,False
PS,42,100,24,0.9,0.9149,0.393,False
PS,42,100,24,0.95,0.9578,0.4146,False
PS,42,100,25,0.8,0.8086,0.3435,False
PS,42,100,25,0.9,0.9149,0.393,False
PS,42,100,25,0.95,0.9578,0.4146,False
PS,42,100,26,0.8,0.8558,0.3657,False
PS,42,100,26,0.9,0.9149,0.393,False
PS,42,100,26,0.95,0.9578,0.4146,False
PS,42,100,27,0.8,0.8558,0.3657,False
PS,42,100,27,0.9,0.9578,0.4146,False
PS,42,100,27,0.95,0.9953,0.4428,False
PS,42,100,28,0.8,0.7685,0.325,False
PS,42,100,28,0.9,0.8558,0.3657,False
PS,42,100,28,0.95,0.9578,0.4146,False
PS,42,100,29,0.8,0.8086,0.3435,False
PS,42,100,29,0.9,0.8558,0.3657,False
PS,42,100,29,0.95,0.9149,0.393,False
PS,42,100,30,0.8,0.8086,0.3435,False
PS,42,100,30,0.9,0.8985,0.385,False
PS,42,100,30,0.95,0.9269,0.3996,False
PS,42,100,31,0.8,0.8086,0.3435,False
PS,42,100,31,0.9,0.8985,0.385,False
PS,42,100,31,0.95,0.9716,0.4228,False
PS,42,100,32,0.8,0.8086,0.3435,False
PS,42,100,32,0.9,0.9149,0.393,False
PS,42,100,32,0.95,0.9661,0.4193,False
PS,42,100,33,0.8,0.7493,0.3165,False
PS,42,100,33,0.9,0.9229,0.3975,False
PS,42,100,33,0.95,0.9661,0.4193,False
PS,42,100,34,0.8,0.8086,0.3435,False
PS,42,100,34,0.9,0.9149,0.393,False
PS,42,100,34,0.95,0.9661,0.4193,False
PS,42,100,35,0.8,0.8086,0.3435,False
PS,42,100,35,0.9,0.9149,0.393,False
PS,42,100,35,0.95,0.9578,0.4146,False
PS,42,100,36,0.8,0.8558,0.3657,False
PS,42,100,36,0.9,0.9229,0.3975,False
PS,42,100,36,0.95,0.9578,0.4146,False
PS,42,100,37,0.8,0.7493,0.3165,False
PS,42,100,37,0.9,0.8558,0.3657,False
PS,42,100,37,0.95,0.9578,0.4146,False
PS,42,100,38,0.8,0.8086,0.3435,False
PS,42,100,38,0.9,0.8985,0.385,False
PS,42,100,38,0.95,0.9578,0.4146,False
PS,42,100,39,0.8,0.8086,0.3435,False
PS,42,100,39,0.9,0.8985,0.385,False
PS,42,100,39,0.95,0.9953,0.4428,False
PS,42,150,0,0.8,0.8558,0.3657,False
PS,42,150,0,0.9,0.9149,0.393,False
PS,42,150,0,0.95,0.9661,0.4193,False
PS,42,150,1,0.8,0.8086,0.3435,False
PS,42,150,1,0.9,0.9149,0.393,False
PS,42,150,1,0.95,0.9578,0.4146,False
PS,42,150,2,0.8,0.8086,0.3435,False
PS,42,150,2,0.9,0.9229,0.3975,False
PS,42,150,2,0.95,0.9953,0.4428,False
PS,42,150,3,0.8,0.7493,0.3165,False
PS,42,150,3,0.9,0.8558,0.3657,False
PS,42,150,3,0.95,0.9149,0.393,False
PS,42,150,4,0.8,0.7685,0.325,False
PS,42,150,4,0.9,0.8985,0.385,False
PS,42,150,4,0.95,0.9953,0.4428,False
PS,42,150,5,0.8,0.7493,0.3165,False
PS,42,150,5,0.9,0.8985,0.385,False
PS,42,150,5,0.95,0.976,0.4263,False
PS,42,150,6,0.8,0.8086,0.3435,False
PS,42,150,6,0.9,0.9149,0.393,False
PS,42,150,6,0.95,0.9661,0.4193,False
PS,42,150,7,0.8,0.8086,0.3435,False
PS,42,150,7,0.9,0.8985,0.385,False
PS,42,150,7,0.95,0.9578,0.4146,False
PS,42,150,8,0.8,0.8086,0.3435,False
PS,42,150,8,0.9,0.9149,0.393,False
PS,42,150,8,0.95,0.9578,0.4146,False
PS,42,150,9,0.8,0.8558,0.3657,False
PS,42,150,9,0.9,0.9149,0.393,False
PS,42,150,9,0.95,0.9661,0.4193,False
PS,42,150,10,0.8,0.7685,0.325,False
PS,42,150,10,0.9,0.8985,0.385,False
PS,42,150,10,0.95,0.9661,0.4193,False
PS,42,150,11,0.8,0.8086,0.3435,False
PS,42,150,11,0.9,0.9149,0.393,False
PS,42,150,11,0.95,0.9578,0.4146,False
PS,42,150,12,0.8,0.7685,0.325,False
PS,42,150,12,0.9,0.8558,0.3657,False
PS,42,150,12,0.95,0.9578,0.4146,False
PS,42,150,13,0.8,0.8558,0.3657,False
PS,42,150,13,0.9,0.9149,0.393,False
PS,42,150,13,0.95,0.9578,0.4146,False
PS,42,150,14,0.8,0.8086,0.3435,False
PS,42,150,14,0.9,0.9149,0.393,False
PS,42,150,14,0.95,0.9578,0.4146,False
PS,42,150,15,0.8,0.8086,0.3435,False
PS,42,150,15,0.9,0.9149,0.393,False
PS,42,150,15,0.95,0.9661,0.4193,False
PS,42,150,16,0.8,0.8086,0.3435,False
PS,42,150,16,0.9,0.9149,0.393,False
PS,42,150,16,0.95,0.9578,0.4146,False
PS,42,150,17,0.8,0.8086,0.3435,False
PS,42,150,17,0.9,0.9149,0.393,False
PS,42,150,17,0.95,0.9661,0.4193,False
PS,42,150,18,0.8,0.8086,0.3435,False
PS,42,150,18,0.9,0.8985,0.385,False
PS,42,150,18,0.95,0.9578,0.4146,False
PS,42,150,19,0.8,0.8086,0.3435,False
PS,42,150,19,0.9,0.9149,0.393,False
PS,42,150,19,0.95,0.9661,0.4193,False
PS,42,150,20,0.8,0.8086,0.3435,False
PS,42,150,20,0.9,0.9149,0.393,False
PS,42,150,20,0.95,0.9578,0.4146,False
PS,42,150,21,0.8,0.8086,0.3435,False
PS,42,150,21,0.9,0.8985,0.385,False
PS,42,150,21,0.95,0.9578,0.4146,False
PS,42,150,22,0.8,0.7493,0.3165,False
PS,42,150,22,0.9,0.8558,0.3657,False
PS,42,150,22,0.95,0.9578,0.4146,False
PS,42,150,23,0.8,0.7685,0.325,False
PS,42,150,23,0.9,0.9149,0.393,False
PS,42,150,23,0.95,0.9661,0.4193,False
PS,42,150,24,0.8,0.8086,0.3435,False
PS,42,150,24,0.9,0.8985,0.385,False
PS,42,150,24,0.95,0.9578,0.4146,False
PS,42,150,25,0.8,0.8086,0.3435,False
PS,42,150,25,0.9,0.9149,0.393,False
PS,42,150,25,0.95,0.9578,0.4146,False
PS,42,150,26,0.8,0.8086,0.3435,False
PS,42,150,26,0.9,0.8985,0.385,False
PS,42,150,26,0.95,0.9661,0.4193,False
PS,42,150,27,0.8,0.7685,0.325,False
PS,42,150,27,0.9,0.8985,0.385,False
PS,42,150,27,0.95,0.9269,0.3996,False
PS,42,150,28,0.8,0.8099,0.344,False
PS,42,150,28,0.9,0.9149,0.393,False
PS,42,150,28,0.95,0.9661,0.4193,False
PS,42,150,29,0.8,0.8086,0.3435,False
PS,42,150,29,0.9,0.8985,0.385,False
PS,42,150,29,0.95,0.9578,0.4146,False
PS,42,150,30,0.8,0.8086,0.3435,False
PS,42,150,30,0.9,0.9149,0.393,False
PS,42,150,30,0.95,0.9661,0.4193,False
PS,42,150,31,0.8,0.8086,0.3435,False
PS,42,150,31,0.9,0.8985,0.385,False
PS,42,150,31,0.95,0.9578,0.4146,False
PS,42,150,32,0.8,0.8086,0.3435,False
PS,42,150,32,0.9,0.8558,0.3657,False
PS,42,150,32,0.95,0.9229,0.3975,False
PS,42,150,33,0.8,0.8086,0.3435,False
PS,42,150,33,0.9,0.8985,0.385,False
PS,42,150,33,0.95,0.9661,0.4193,False
PS,42,150,34,0.8,0.8086,0.3435,False
PS,42,150,34,0.9,0.8985,0.385,False
PS,42,150,34,0.95,0.9716,0.4228,False
PS,42,150,35,0.8,0.7685,0.325,False
PS,42,150,35,0.9,0.8558,0.3657,False
PS,42,150,35,0.95,0.9578,0.4146,False
PS,42,150,36,0.8,0.8086,0.3435,False
PS,42,150,36,0.9,0.9149,0.393,False
PS,42,150,36,0.95,0.9578,0.4146,False
PS,42,150,37,0.8,0.8086,0.3435,False
PS,42,150,37,0.9,0.8985,0.385,False
PS,42,150,37,0.95,0.9578,0.4146,False
PS,42,150,38,0.8,0.8086,0.3435,False
PS,42,150,38,0.9,0.8985,0.385,False
PS,42,150,38,0.95,0.9661,0.4193,False
PS,42,150,39,0.8,0.8086,0.3435,False
PS,42,150,39,0.9,0.8558,0.3657,False
PS,42,150,39,0.95,0.9149,0.393,False
PS,42,250,0,0.8,0.7685,0.325,False
PS,42,250,0,0.9,0.8985,0.385,False
PS,42,250,0,0.95,0.9578,0.4146,False
PS,42,250,1,0.8,0.8086,0.3435,False
PS,42,250,1,0.9,0.8985,0.385,False
PS,42,250,1,0.95,0.9578,0.4146,False
PS,42,250,2,0.8,0.8086,0.3435,False
PS,42,250,2,0.9,0.8985,0.385,False
PS,42,250,2,0.95,0.9578,0.4146,False
PS,42,250,3,0.8,0.8086,0.3435,False
PS,42,250,3,0.9,0.9149,0.393,False
PS,42,250,3,0.95,0.9578,0.4146,False
PS,42,250,4,0.8,0.8086,0.3435,False
PS,42,250,4,0.9,0.8985,0.385,False
PS,42,250,4,0.95,0.9578,0.4146,False
PS,42,250,5,0.8,0.8086,0.3435,False
PS,42,250,5,0.9,0.9149,0.393,False
PS,42,250,5,0.95,0.9578,0.4146,False
PS,42,250,6,0.8,0.8086,0.3435,False
PS,42,250,6,0.9,0.9149,0.393,False
PS,42,250,6,0.95,0.9578,0.4146,False
PS,42,250,7,0.8,0.8086,0.3435,False
PS,42,250,7,0.9,0.9149,0.393,False
PS,42,250,7,0.95,0.9578,0.4146,False
PS,42,250,8,0.8,0.8086,0.3435,False
PS,42,250,8,0.9,0.8985,0.385,False
PS,42,250,8,0.95,0.9578,0.4146,False
PS,42,250,9,0.8,0.7685,0.325,False
PS,42,250,9,0.9,0.8985,0.385,False
PS,42,250,9,0.95,0.9149,0.393,False
PS,42,250,10,0.8,0.8086,0.3435,False
PS,42,250,10,0.9,0.9149,0.393,False
PS,42,250,10,0.95,0.9661,0.4193,False
PS,42,250,11,0.8,0.8086,0.3435,False
PS,42,250,11,0.9,0.8985,0.385,False
PS,42,250,11,0.95,0.9229,0.3975,False
PS,42,250,12,0.8,0.7685,0.325,False
PS,42,250,12,0.9,0.9149,0.393,False
PS,42,250,12,0.95,0.9578,0.4146,False
PS,42,250,13,0.8,0.8086,0.3435,False
PS,42,250,13,0.9,0.8985,0.385,False
PS,42,250,13,0.95,0.9578,0.4146,False
PS,42,250,14,0.8,0.8086,0.3435,False
PS,42,250,14,0.9,0.9149,0.393,False
PS,42,250,14,0.95,0.9578,0.4146,False
PS,42,250,15,0.8,0.8086,0.3435,False
PS,42,250,15,0.9,0.9149,0.393,False
PS,42,250,15,0.95,0.9578,0.4146,False
PS,42,250,16,0.8,0.8086,0.3435,False
PS,42,250,16,0.9,0.9149,0.393,False
PS,42,250,16,0.95,0.9716,0.4228,False
PS,42,250,17,0.8,0.8086,0.3435,False
PS,42,250,17,0.9,0.8985,0.385,False
PS,42,250,17,0.95,0.9578,0.4146,False
PS,42,250,18,0.8,0.8086,0.3435,False
PS,42,250,18,0.9,0.9149,0.393,False
PS,42,250,18,0.95,0.9578,0.4146,False
PS,42,250,19,0.8,0.7685,0.325,False
PS,42,250,19,0.9,0.8985,0.385,False
PS,42,250,19,0.95,0.9578,0.4146,False
PS,42,250,20,0.8,0.8086,0.3435,False
PS,42,250,20,0.9,0.9149,0.393,False
PS,42,250,20,0.95,0.9661,0.4193,False
PS,42,250,21,0.8,0.8086,0.3435,False
PS,42,250,21,0.9,0.8985,0.385,False
PS,42,250,21,0.95,0.9578,0.4146,False
PS,42,250,22,0.8,0.7685,0.325,False
PS,42,250,22,0.9,0.8985,0.385,False
PS,42,250,22,0.95,0.9578,0.4146,False
PS,42,250,23,0.8,0.7685,0.325,False
PS,42,250,23,0.9,0.8985,0.385,False
PS,42,250,23,0.95,0.9578,0.4146,False
PS,42,250,24,0.8,0.8086,0.3435,False
PS,42,250,24,0.9,0.9149,0.393,False
PS,42,250,24,0.95,0.9661,0.4193,False
PS,42,250,25,0.8,0.8086,0.3435,False
PS,42,250,25,0.9,0.8985,0.385,False
PS,42,250,25,0.95,0.9578,0.4146,False
PS,42,250,26,0.8,0.8086,0.3435,False
PS,42,250,26,0.9,0.8985,0.385,False
PS,42,250,26,0.95,0.9578,0.4146,False
PS,42,250,27,0.8,0.8086,0.3435,False
PS,42,250,27,0.9,0.8985,0.385,False
PS,42,250,27,0.95,0.9269,0.3996,False
PS,42,250,28,0.8,0.7685,0.325,False
PS,42,250,28,0.9,0.8558,0.3657,False
PS,42,250,28,0.95,0.9149,0.393,False
PS,42,250,29,0.8,0.8086,0.3435,False
PS,42,250,29,0.9,0.8985,0.385,False
PS,42,250,29,0.95,0.9578,0.4146,False
PS,42,250,30,0.8,0.8086,0.3435,False
PS,42,250,30,0.9,0.9149,0.393,False
PS,42,250,30,0.95,0.976,0.4263,False
PS,42,250,31,0.8,0.8086,0.3435,False
PS,42,250,31,0.9,0.8985,0.385,False
PS,42,250,31,0.95,0.9149,0.393,False
PS,42,250,32,0.8,0.8086,0.3435,False
PS,42,250,32,0.9,0.8985,0.385,False
PS,42,250,32,0.95,0.9578,0.4146,False
PS,42,250,33,0.8,0.8086,0.3435,False
PS,42,250,33,0.9,0.9149,0.393,False
PS,42,250,33,0.95,0.9661,0.4193,False
PS,42,250,34,0.8,0.8086,0.3435,False
PS,42,250,34,0.9,0.8985,0.385,False
PS,42,250,34,0.95,0.9578,0.4146,False
PS,42,250,35,0.8,0.8086,0.3435,False
PS,42,250,35,0.9,0.8985,0.385,False
PS,42,250,35,0.95,0.9578,0.4146,False
PS,42,250,36,0.8,0.7685,0.325,False
PS,42,250,36,0.9,0.8985,0.385,False
PS,42,250,36,0.95,0.9578,0.4146,False
PS,42,250,37,0.8,0.8086,0.3435,False
PS,42,250,37,0.9,0.9149,0.393,False
PS,42,250,37,0.95,0.9661,0.4193,False
PS,42,250,38,0.8,0.8086,0.3435,False
PS,42,250,38,0.9,0.8985,0.385,False
PS,42,250,38,0.95,0.9578,0.4146,False
PS,42,250,39,0.8,0.7685,0.325,False
PS,42,250,39,0.9,0.8985,0.385,False
PS,42,250,39,0.95,0.9578,0.4146,False
PS,42,500,0,0.8,0.8086,0.3435,False
PS,42,500,0,0.9,0.8985,0.385,False
PS,42,500,0,0.95,0.9578,0.4146,False
PS,42,500,1,0.8,0.8086,0.3435,False
PS,42,500,1,0.9,0.8985,0.385,False
PS,42,500,1,0.95,0.9578,0.4146,False
PS,42,500,2,0.8,0.8086,0.3435,False
PS,42,500,2,0.9,0.8985,0.385,False
PS,42,500,2,0.95,0.9578,0.4146,False
PS,42,500,3,0.8,0.8086,0.3435,False
PS,42,500,3,0.9,0.8985,0.385,False
PS,42,500,3,0.95,0.9578,0.4146,False
PS,42,500,4,0.8,0.8086,0.3435,False
PS,42,500,4,0.9,0.8985,0.385,False
PS,42,500,4,0.95,0.9578,0.4146,False
PS,42,500,5,0.8,0.8086,0.3435,False
PS,42,500,5,0.9,0.8985,0.385,False
PS,42,500,5,0.95,0.9578,0.4146,False
PS,42,500,6,0.8,0.8086,0.3435,False
PS,42,500,6,0.9,0.8985,0.385,False
PS,42,500,6,0.95,0.9578,0.4146,False
PS,42,500,7,0.8,0.8086,0.3435,False
PS,42,500,7,0.9,0.8985,0.385,False
PS,42,500,7,0.95,0.9578,0.4146,False
PS,42,500,8,0.8,0.8086,0.3435,False
PS,42,500,8,0.9,0.8985,0.385,False
PS,42,500,8,0.95,0.9578,0.4146,False
PS,42,500,9,0.8,0.8086,0.3435,False
PS,42,500,9,0.9,0.8985,0.385,False
PS,42,500,9,0.95,0.9578,0.4146,False
PS,42,500,10,0.8,0.8086,0.3435,False
PS,42,500,10,0.9,0.8985,0.385,False
PS,42,500,10,0.95,0.9578,0.4146,False
PS,42,500,11,0.8,0.8086,0.3435,False
PS,42,500,11,0.9,0.8985,0.385,False
PS,42,500,11,0.95,0.9578,0.4146,False
PS,42,500,12,0.8,0.8086,0.3435,False
PS,42,500,12,0.9,0.8985,0.385,False
PS,42,500,12,0.95,0.9578,0.4146,False
PS,42,500,13,0.8,0.8086,0.3435,False
PS,42,500,13,0.9,0.8985,0.385,False
PS,42,500,13,0.95,0.9578,0.4146,False
PS,42,500,14,0.8,0.8086,0.3435,False
PS,42,500,14,0.9,0.8985,0.385,False
PS,42,500,14,0.95,0.9578,0.4146,False
PS,42,500,15,0.8,0.8086,0.3435,False
PS,42,500,15,0.9,0.8985,0.385,False
PS,42,500,15,0.95,0.9578,0.4146,False
PS,42,500,16,0.8,0.8086,0.3435,False
PS,42,500,16,0.9,0.8985,0.385,False
PS,42,500,16,0.95,0.9578,0.4146,False
PS,42,500,17,0.8,0.8086,0.3435,False
PS,42,500,17,0.9,0.8985,0.385,False
PS,42,500,17,0.95,0.9578,0.4146,False
PS,42,500,18,0.8,0.8086,0.3435,False
PS,42,500,18,0.9,0.8985,0.385,False
PS,42,500,18,0.95,0.9578,0.4146,False
PS,42,500,19,0.8,0.8086,0.3435,False
PS,42,500,19,0.9,0.8985,0.385,False
PS,42,500,19,0.95,0.9578,0.4146,False
PS,42,500,20,0.8,0.8086,0.3435,False
PS,42,500,20,0.9,0.8985,0.385,False
PS,42,500,20,0.95,0.9578,0.4146,False
PS,42,500,21,0.8,0.8086,0.3435,False
PS,42,500,21,0.9,0.8985,0.385,False
PS,42,500,21,0.95,0.9578,0.4146,False
PS,42,500,22,0.8,0.8086,0.3435,False
PS,42,500,22,0.9,0.8985,0.385,False
PS,42,500,22,0.95,0.9578,0.4146,False
PS,42,500,23,0.8,0.8086,0.3435,False
PS,42,500,23,0.9,0.8985,0.385,False
PS,42,500,23,0.95,0.9269,0.3996,False
PS,42,500,24,0.8,0.8086,0.3435,False
PS,42,500,24,0.9,0.8985,0.385,False
PS,42,500,24,0.95,0.9578,0.4146,False
PS,42,500,25,0.8,0.8086,0.3435,False
PS,42,500,25,0.9,0.8985,0.385,False
PS,42,500,25,0.95,0.9578,0.4146,False
PS,42,500,26,0.8,0.8086,0.3435,False
PS,42,500,26,0.9,0.8985,0.385,False
PS,42,500,26,0.95,0.9578,0.4146,False
PS,42,500,27,0.8,0.8086,0.3435,False
PS,42,500,27,0.9,0.8985,0.385,False
PS,42,500,27,0.95,0.9578,0.4146,False
PS,42,500,28,0.8,0.8086,0.3435,False
PS,42,500,28,0.9,0.8985,0.385,False
PS,42,500,28,0.95,0.9578,0.4146,False
PS,42,500,29,0.8,0.8086,0.3435,False
PS,42,500,29,0.9,0.8985,0.385,False
PS,42,500,29,0.95,0.9578,0.4146,False
PS,42,500,30,0.8,0.8086,0.3435,False
PS,42,500,30,0.9,0.8985,0.385,False
PS,42,500,30,0.95,0.9578,0.4146,False
PS,42,500,31,0.8,0.8086,0.3435,False
PS,42,500,31,0.9,0.8985,0.385,False
PS,42,500,31,0.95,0.9578,0.4146,False
PS,42,500,32,0.8,0.8086,0.3435,False
PS,42,500,32,0.9,0.8985,0.385,False
PS,42,500,32,0.95,0.9578,0.4146,False
PS,42,500,33,0.8,0.8086,0.3435,False
PS,42,500,33,0.9,0.8985,0.385,False
PS,42,500,33,0.95,0.9578,0.4146,False
PS,42,500,34,0.8,0.8086,0.3435,False
PS,42,500,34,0.9,0.8985,0.385,False
PS,42,500,34,0.95,0.9578,0.4146,False
PS,42,500,35,0.8,0.8086,0.3435,False
PS,42,500,35,0.9,0.8985,0.385,False
PS,42,500,35,0.95,0.9578,0.4146,False
PS,42,500,36,0.8,0.8086,0.3435,False
PS,42,500,36,0.9,0.8985,0.385,False
PS,42,500,36,0.95,0.9578,0.4146,False
PS,42,500,37,0.8,0.8086,0.3435,False
PS,42,500,37,0.9,0.8985,0.385,False
PS,42,500,37,0.95,0.9269,0.3996,False
PS,42,500,38,0.8,0.8086,0.3435,False
PS,42,500,38,0.9,0.8985,0.385,False
PS,42,500,38,0.95,0.9578,0.4146,False
PS,42,500,39,0.8,0.8086,0.3435,False
PS,42,500,39,0.9,0.8985,0.385,False
PS,42,500,39,0.95,0.9269,0.3996,False
PS,42,562,0,0.8,0.8086,0.3435,False
PS,42,562,0,0.9,0.8985,0.385,False
PS,42,562,0,0.95,0.9578,0.4146,False
PS,43,10,0,0.8,0.9888,0.4362,False
PS,43,10,0,0.9,0.9888,0.4362,False
PS,43,10,0,0.95,0.9888,0.4362,False
PS,43,10,1,0.8,0.8738,0.3745,False
PS,43,10,1,0.9,0.8738,0.3745,False
PS,43,10,1,0.95,0.8738,0.3745,False
PS,43,10,2,0.8,0.9309,0.4011,False
PS,43,10,2,0.9,0.9309,0.4011,False
PS,43,10,2,0.95,0.9309,0.4011,False
PS,43,10,3,0.8,0.9713,0.4228,False
PS,43,10,3,0.9,0.9713,0.4228,False
PS,43,10,3,0.95,0.9713,0.4228,False
PS,43,10,4,0.8,0.9601,0.4163,False
PS,43,10,4,0.9,0.9601,0.4163,False
PS,43,10,4,0.95,0.9601,0.4163,False
PS,43,10,5,0.8,0.9309,0.4011,False
PS,43,10,5,0.9,0.9309,0.4011,False
PS,43,10,5,0.95,0.9309,0.4011,False
PS,43,10,6,0.8,0.9309,0.4011,False
PS,43,10,6,0.9,0.9309,0.4011,False
PS,43,10,6,0.95,0.9309,0.4011,False
PS,43,10,7,0.8,0.9309,0.4011,False
PS,43,10,7,0.9,0.9309,0.4011,False
PS,43,10,7,0.95,0.9309,0.4011,False
PS,43,10,8,0.8,0.9454,0.4088,False
PS,43,10,8,0.9,0.9454,0.4088,False
PS,43,10,8,0.95,0.9454,0.4088,False
PS,43,10,9,0.8,0.9454,0.4088,False
PS,43,10,9,0.9,0.9454,0.4088,False
PS,43,10,9,0.95,0.9454,0.4088,False
PS,43,10,10,0.8,0.9309,0.4011,False
PS,43,10,10,0.9,0.9309,0.4011,False
PS,43,10,10,0.95,0.9309,0.4011,False
PS,43,10,11,0.8,0.9888,0.4362,False
PS,43,10,11,0.9,0.9888,0.4362,False
PS,43,10,11,0.95,0.9888,0.4362,False
PS,43,10,12,0.8,0.9309,0.4011,False
PS,43,10,12,0.9,0.9309,0.4011,False
PS,43,10,12,0.95,0.9309,0.4011,False
PS,43,10,13,0.8,0.9309,0.4011,False
PS,43,10,13,0.9,0.9309,0.4011,False
PS,43,10,13,0.95,0.9309,0.4011,False
PS,43,10,14,0.8,0.8738,0.3745,False
PS,43,10,14,0.9,0.8738,0.3745,False
PS,43,10,14,0.95,0.8738,0.3745,False
PS,43,10,15,0.8,0.9713,0.4228,False
PS,43,10,15,0.9,0.9713,0.4228,False
PS,43,10,15,0.95,0.9713,0.4228,False
PS,43,10,16,0.8,0.9888,0.4362,False
PS,43,10,16,0.9,0.9888,0.4362,False
PS,43,10,16,0.95,0.9888,0.4362,False
PS,43,10,17,0.8,0.9888,0.4362,False
PS,43,10,17,0.9,0.9888,0.4362,False
PS,43,10,17,0.95,0.9888,0.4362,False
PS,43,10,18,0.8,0.9888,0.4362,False
PS,43,10,18,0.9,0.9888,0.4362,False
PS,43,10,18,0.95,0.9888,0.4362,False
PS,43,10,19,0.8,0.9309,0.4011,False
PS,43,10,19,0.9,0.9309,0.4011,False
PS,43,10,19,0.95,0.9309,0.4011,False
PS,43,10,20,0.8,0.9309,0.4011,False
PS,43,10,20,0.9,0.9309,0.4011,False
PS,43,10,20,0.95,0.9309,0.4011,False
PS,43,10,21,0.8,0.8738,0.3745,False
PS,43,10,21,0.9,0.8738,0.3745,False
PS,43,10,21,0.95,0.8738,0.3745,False
PS,43,10,22,0.8,0.8738,0.3745,False
PS,43,10,22,0.9,0.8738,0.3745,False
PS,43,10,22,0.95,0.8738,0.3745,False
PS,43,10,23,0.8,0.8738,0.3745,False
PS,43,10,23,0.9,0.8738,0.3745,False
PS,43,10,23,0.95,0.8738,0.3745,False
PS,43,10,24,0.8,0.8738,0.3745,False
PS,43,10,24,0.9,0.8738,0.3745,False
PS,43,10,24,0.95,0.8738,0.3745,False
PS,43,10,25,0.8,0.9888,0.4362,False
PS,43,10,25,0.9,0.9888,0.4362,False
PS,43,10,25,0.95,0.9888,0.4362,False
PS,43,10,26,0.8,0.9713,0.4228,False
PS,43,10,26,0.9,0.9713,0.4228,False
PS,43,10,26,0.95,0.9713,0.4228,False
PS,43,10,27,0.8,0.9888,0.4362,False
PS,43,10,27,0.9,0.9888,0.4362,False
PS,43,10,27,0.95,0.9888,0.4362,False
PS,43,10,28,0.8,0.9601,0.4163,False
PS,43,10,28,0.9,0.9601,0.4163,False
PS,43,10,28,0.95,0.9601,0.4163,False
PS,43,10,29,0.8,0.8738,0.3745,False
PS,43,10,29,0.9,0.8738,0.3745,False
PS,43,10,29,0.95,0.8738,0.3745,False
PS,43,10,30,0.8,0.6749,0.2838,False
PS,43,10,30,0.9,0.6749,0.2838,False
PS,43,10,30,0.95,0.6749,0.2838,False
PS,43,10,31,0.8,0.9888,0.4362,False
PS,43,10,31,0.9,0.9888,0.4362,False
PS,43,10,31,0.95,0.9888,0.4362,False
PS,43,10,32,0.8,0.9888,0.4362,False
PS,43,10,32,0.9,0.9888,0.4362,False
PS,43,10,32,0.95,0.9888,0.4362,False
PS,43,10,33,0.8,0.7123,0.3001,False
PS,43,10,33,0.9,0.7123,0.3001,False
PS,43,10,33,0.95,0.7123,0.3001,False
PS,43,10,34,0.8,0.9888,0.4362,False
PS,43,10,34,0.9,0.9888,0.4362,False
PS,43,10,34,0.95,0.9888,0.4362,False
PS,43,10,35,0.8,0.9888,0.4362,False
PS,43,10,35,0.9,0.9888,0.4362,False
PS,43,10,35,0.95,0.9888,0.4362,False
PS,43,10,36,0.8,0.9309,0.4011,False
PS,43,10,36,0.9,0.9309,0.4011,False
PS,43,10,36,0.95,0.9309,0.4011,False
PS,43,10,37,0.8,0.8738,0.3745,False
PS,43,10,37,0.9,0.8738,0.3745,False
PS,43,10,37,0.95,0.8738,0.3745,False
PS,43,10,38,0.8,0.9309,0.4011,False
PS,43,10,38,0.9,0.9309,0.4011,False
PS,43,10,38,0.95,0.9309,0.4011,False
PS,43,10,39,0.8,0.9601,0.4163,False
PS,43,10,39,0.9,0.9601,0.4163,False
PS,43,10,39,0.95,0.9601,0.4163,False
PS,43,15,0,0.8,0.9601,0.4163,False
PS,43,15,0,0.9,0.9601,0.4163,False
PS,43,15,0,0.95,0.9601,0.4163,False
PS,43,15,1,0.8,0.8738,0.3745,False
PS,43,15,1,0.9,0.9309,0.4011,False
PS,43,15,1,0.95,0.9309,0.4011,False
PS,43,15,2,0.8,0.9309,0.4011,False
PS,43,15,2,0.9,0.9601,0.4163,False
PS,43,15,2,0.95,0.9601,0.4163,False
PS,43,15,3,0.8,0.8738,0.3745,False
PS,43,15,3,0.9,0.9309,0.4011,False
PS,43,15,3,0.95,0.9309,0.4011,False
PS,43,15,4,0.8,0.9309,0.4011,False
PS,43,15,4,0.9,0.9713,0.4228,False
PS,43,15,4,0.95,0.9713,0.4228,False
PS,43,15,5,0.8,0.9309,0.4011,False
PS,43,15,5,0.9,0.9454,0.4088,False
PS,43,15,5,0.95,0.9454,0.4088,False
PS,43,15,6,0.8,0.9454,0.4088,False
PS,43,15,6,0.9,0.9454,0.4088,False
PS,43,15,6,0.95,0.9454,0.4088,False
PS,43,15,7,0.8,0.9309,0.4011,False
PS,43,15,7,0.9,0.9713,0.4228,False
PS,43,15,7,0.95,0.9713,0.4228,False
PS,43,15,8,0.8,0.9888,0.4362,False
PS,43,15,8,0.9,0.9998,24.6247,False
PS,43,15,8,0.95,0.9998,24.6247,False
PS,43,15,9,0.8,0.7375,0.3119,False
PS,43,15,9,0.9,0.8738,0.3745,False
PS,43,15,9,0.95,0.8738,0.3745,False
PS,43,15,10,0.8,0.9309,0.4011,False
PS,43,15,10,0.9,0.9888,0.4362,False
PS,43,15,10,0.95,0.9888,0.4362,False
PS,43,15,11,0.8,0.8738,0.3745,False
PS,43,15,11,0.9,0.8738,0.3745,False
PS,43,15,11,0.95,0.8738,0.3745,False
PS,43,15,12,0.8,0.9309,0.4011,False
PS,43,15,12,0.9,0.9454,0.4088,False
PS,43,15,12,0.95,0.9454,0.4088,False
PS,43,15,13,0.8,0.8738,0.3745,False
PS,43,15,13,0.9,0.9309,0.4011,False
PS,43,15,13,0.95,0.9309,0.4011,False
PS,43,15,14,0.8,0.8738,0.3745,False
PS,43,15,14,0.9,0.8738,0.3745,False
PS,43,15,14,0.95,0.8738,0.3745,False
PS,43,15,15,0.8,0.8738,0.3745,False
PS,43,15,15,0.9,0.9958,0.4432,False
PS,43,15,15,0.95,0.9958,0.4432,False
PS,43,15,16,0.8,0.9309,0.4011,False
PS,43,15,16,0.9,0.9888,0.4362,False
PS,43,15,16,0.95,0.9888,0.4362,False
PS,43,15,17,0.8,0.8738,0.3745,False
PS,43,15,17,0.9,0.9454,0.4088,False
PS,43,15,17,0.95,0.9454,0.4088,False
PS,43,15,18,0.8,0.9309,0.4011,False
PS,43,15,18,0.9,0.9309,0.4011,False
PS,43,15,18,0.95,0.9309,0.4011,False
PS,43,15,19,0.8,0.7123,0.3001,False
PS,43,15,19,0.9,0.8738,0.3745,False
PS,43,15,19,0.95,0.8738,0.3745,False
PS,43,15,20,0.8,0.9713,0.4228,False
PS,43,15,20,0.9,0.9888,0.4362,False
PS,43,15,20,0.95,0.9888,0.4362,False
PS,43,15,21,0.8,0.9454,0.4088,False
PS,43,15,21,0.9,0.9888,0.4362,False
PS,43,15,21,0.95,0.9888,0.4362,False
PS,43,15,22,0.8,0.9309,0.4011,False
PS,43,15,22,0.9,0.9309,0.4011,False
PS,43,15,22,0.95,0.9309,0.4011,False
PS,43,15,23,0.8,0.8738,0.3745,False
PS,43,15,23,0.9,0.9888,0.4362,False
PS,43,15,23,0.95,0.9888,0.4362,False
PS,43,15,24,0.8,0.8738,0.3745,False
PS,43,15,24,0.9,0.9309,0.4011,False
PS,43,15,24,0.95,0.9309,0.4011,False
PS,43,15,25,0.8,0.9309,0.4011,False
PS,43,15,25,0.9,0.9713,0.4228,False
PS,43,15,25,0.95,0.9713,0.4228,False
PS,43,15,26,0.8,0.8738,0.3745,False
PS,43,15,26,0.9,0.9309,0.4011,False
PS,43,15,26,0.95,0.9309,0.4011,False
PS,43,15,27,0.8,0.9888,0.4362,False
PS,43,15,27,0.9,0.9888,0.4362,False
PS,43,15,27,0.95,0.9888,0.4362,False
PS,43,15,28,0.8,0.9309,0.4011,False
PS,43,15,28,0.9,0.9309,0.4011,False
PS,43,15,28,0.95,0.9309,0.4011,False
PS,43,15,29,0.8,0.9309,0.4011,False
PS,43,15,29,0.9,0.9309,0.4011,False
PS,43,15,29,0.95,0.9309,0.4011,False
PS,43,15,30,0.8,0.9309,0.4011,False
PS,43,15,30,0.9,0.9958,0.4432,False
PS,43,15,30,0.95,0.9958,0.4432,False
PS,43,15,31,0.8,0.9309,0.4011,False
PS,43,15,31,0.9,0.9713,0.4228,False
PS,43,15,31,0.95,0.9713,0.4228,False
PS,43,15,32,0.8,0.8738,0.3745,False
PS,43,15,32,0.9,0.9454,0.4088,False
PS,43,15,32,0.95,0.9454,0.4088,False
PS,43,15,33,0.8,0.9309,0.4011,False
PS,43,15,33,0.9,0.9888,0.4362,False
PS,43,15,33,0.95,0.9888,0.4362,False
PS,43,15,34,0.8,0.9454,0.4088,False
PS,43,15,34,0.9,0.9601,0.4163,False
PS,43,15,34,0.95,0.9601,0.4163,False
PS,43,15,35,0.8,0.8738,0.3745,False
PS,43,15,35,0.9,0.9713,0.4228,False
PS,43,15,35,0.95,0.9713,0.4228,False
PS,43,15,36,0.8,0.9454,0.4088,False
PS,43,15,36,0.9,0.9601,0.4163,False
PS,43,15,36,0.95,0.9601,0.4163,False
PS,43,15,37,0.8,0.9309,0.4011,False
PS,43,15,37,0.9,0.9601,0.4163,False
PS,43,15,37,0.95,0.9601,0.4163,False
PS,43,15,38,0.8,0.9713,0.4228,False
PS,43,15,38,0.9,0.9888,0.4362,False
PS,43,15,38,0.95,0.9888,0.4362,False
PS,43,15,39,0.8,0.9309,0.4011,False
PS,43,15,39,0.9,0.9309,0.4011,False
PS,43,15,39,0.95,0.9309,0.4011,False
PS,43,20,0,0.8,0.9454,0.4088,False
PS,43,20,0,0.9,0.9601,0.4163,False
PS,43,20,0,0.95,0.9601,0.4163,False
PS,43,20,1,0.8,0.9309,0.4011,False
PS,43,20,1,0.9,0.9713,0.4228,False
PS,43,20,1,0.95,0.9713,0.4228,False
PS,43,20,2,0.8,0.9888,0.4362,False
PS,43,20,2,0.9,0.9958,0.4432,False
PS,43,20,2,0.95,0.9958,0.4432,False
PS,43,20,3,0.8,0.8738,0.3745,False
PS,43,20,3,0.9,0.9309,0.4011,False
PS,43,20,3,0.95,0.9309,0.4011,False
PS,43,20,4,0.8,0.9309,0.4011,False
PS,43,20,4,0.9,0.9601,0.4163,False
PS,43,20,4,0.95,0.9601,0.4163,False
PS,43,20,5,0.8,0.9309,0.4011,False
PS,43,20,5,0.9,0.9713,0.4228,False
PS,43,20,5,0.95,0.9713,0.4228,False
PS,43,20,6,0.8,0.8738,0.3745,False
PS,43,20,6,0.9,0.8738,0.3745,False
PS,43,20,6,0.95,0.8738,0.3745,False
PS,43,20,7,0.8,0.8738,0.3745,False
PS,43,20,7,0.9,0.9888,0.4362,False
PS,43,20,7,0.95,0.9888,0.4362,False
PS,43,20,8,0.8,0.9309,0.4011,False
PS,43,20,8,0.9,0.9888,0.4362,False
PS,43,20,8,0.95,0.9888,0.4362,False
PS,43,20,9,0.8,0.8738,0.3745,False
PS,43,20,9,0.9,0.9888,0.4362,False
PS,43,20,9,0.95,0.9888,0.4362,False
PS,43,20,10,0.8,0.8738,0.3745,False
PS,43,20,10,0.9,0.9454,0.4088,False
PS,43,20,10,0.95,0.9454,0.4088,False
PS,43,20,11,0.8,0.9601,0.4163,False
PS,43,20,11,0.9,0.9601,0.4163,False
PS,43,20,11,0.95,0.9601,0.4163,False
PS,43,20,12,0.8,0.9454,0.4088,False
PS,43,20,12,0.9,0.9601,0.4163,False
PS,43,20,12,0.95,0.9601,0.4163,False
PS,43,20,13,0.8,0.8738,0.3745,False
PS,43,20,13,0.9,0.9888,0.4362,False
PS,43,20,13,0.95,0.9888,0.4362,False
PS,43,20,14,0.8,0.8738,0.3745,False
PS,43,20,14,0.9,0.8738,0.3745,False
PS,43,20,14,0.95,0.8738,0.3745,False
PS,43,20,15,0.8,0.9888,0.4362,False
PS,43,20,15,0.9,0.9888,0.4362,False
PS,43,20,15,0.95,0.9888,0.4362,False
PS,43,20,16,0.8,0.8738,0.3745,False
PS,43,20,16,0.9,0.9888,0.4362,False
PS,43,20,16,0.95,0.9888,0.4362,False
PS,43,20,17,0.8,0.8738,0.3745,False
PS,43,20,17,0.9,0.9888,0.4362,False
PS,43,20,17,0.95,0.9888,0.4362,False
PS,43,20,18,0.8,0.9309,0.4011,False
PS,43,20,18,0.9,0.9309,0.4011,False
PS,43,20,18,0.95,0.9309,0.4011,False
PS,43,20,19,0.8,0.9309,0.4011,False
PS,43,20,19,0.9,0.9888,0.4362,False
PS,43,20,19,0.95,0.9888,0.4362,False
PS,43,20,20,0.8,0.8738,0.3745,False
PS,43,20,20,0.9,0.9309,0.4011,False
PS,43,20,20,0.95,0.9309,0.4011,False
PS,43,20,21,0.8,0.9454,0.4088,False
PS,43,20,21,0.9,0.9958,0.4432,False
PS,43,20,21,0.95,0.9958,0.4432,False
PS,43,20,22,0.8,0.9309,0.4011,False
PS,43,20,22,0.9,0.9888,0.4362,False
PS,43,20,22,0.95,0.9888,0.4362,False
PS,43,20,23,0.8,0.8738,0.3745,False
PS,43,20,23,0.9,0.9309,0.4011,False
PS,43,20,23,0.95,0.9309,0.4011,False
PS,43,20,24,0.8,0.8738,0.3745,False
PS,43,20,24,0.9,0.9888,0.4362,False
PS,43,20,24,0.95,0.9888,0.4362,False
PS,43,20,25,0.8,0.8738,0.3745,False
PS,43,20,25,0.9,0.9888,0.4362,False
PS,43,20,25,0.95,0.9888,0.4362,False
PS,43,20,26,0.8,0.8738,0.3745,False
PS,43,20,26,0.9,0.9601,0.4163,False
PS,43,20,26,0.95,0.9601,0.4163,False
PS,43,20,27,0.8,0.8738,0.3745,False
PS,43,20,27,0.9,0.8738,0.3745,False
PS,43,20,27,0.95,0.8738,0.3745,False
PS,43,20,28,0.8,0.6749,0.2838,False
PS,43,20,28,0.9,0.8738,0.3745,False
PS,43,20,28,0.95,0.8738,0.3745,False
PS,43,20,29,0.8,0.6749,0.2838,False
PS,43,20,29,0.9,0.9888,0.4362,False
PS,43,20,29,0.95,0.9888,0.4362,False
PS,43,20,30,0.8,0.8738,0.3745,False
PS,43,20,30,0.9,0.9713,0.4228,False
PS,43,20,30,0.95,0.9713,0.4228,False
PS,43,20,31,0.8,0.9309,0.4011,False
PS,43,20,31,0.9,0.9888,0.4362,False
PS,43,20,31,0.95,0.9888,0.4362,False
PS,43,20,32,0.8,0.8738,0.3745,False
PS,43,20,32,0.9,0.9998,24.6247,False
PS,43,20,32,0.95,0.9998,24.6247,False
PS,43,20,33,0.8,0.8738,0.3745,False
PS,43,20,33,0.9,0.9601,0.4163,False
PS,43,20,33,0.95,0.9601,0.4163,False
PS,43,20,34,0.8,0.8738,0.3745,False
PS,43,20,34,0.9,0.9713,0.4228,False
PS,43,20,34,0.95,0.9713,0.4228,False
PS,43,20,35,0.8,0.8738,0.3745,False
PS,43,20,35,0.9,0.9888,0.4362,False
PS,43,20,35,0.95,0.9888,0.4362,False
PS,43,20,36,0.8,0.8738,0.3745,False
PS,43,20,36,0.9,0.9888,0.4362,False
PS,43,20,36,0.95,0.9888,0.4362,False
PS,43,20,37,0.8,0.8738,0.3745,False
PS,43,20,37,0.9,0.9713,0.4228,False
PS,43,20,37,0.95,0.9713,0.4228,False
PS,43,20,38,0.8,0.8738,0.3745,False
PS,43,20,38,0.9,0.9958,0.4432,False
PS,43,20,38,0.95,0.9958,0.4432,False
PS,43,20,39,0.8,0.8738,0.3745,False
PS,43,20,39,0.9,0.8738,0.3745,False
PS,43,20,39,0.95,0.8738,0.3745,False
PS,43,25,0,0.8,0.8738,0.3745,False
PS,43,25,0,0.9,0.9454,0.4088,False
PS,43,25,0,0.95,0.9454,0.4088,False
PS,43,25,1,0.8,0.8738,0.3745,False
PS,43,25,1,0.9,0.9309,0.4011,False
PS,43,25,1,0.95,0.9309,0.4011,False
PS,43,25,2,0.8,0.8738,0.3745,False
PS,43,25,2,0.9,0.9713,0.4228,False
PS,43,25,2,0.95,0.9713,0.4228,False
PS,43,25,3,0.8,0.9309,0.4011,False
PS,43,25,3,0.9,0.9888,0.4362,False
PS,43,25,3,0.95,0.9888,0.4362,False
PS,43,25,4,0.8,0.9309,0.4011,False
PS,43,25,4,0.9,0.9888,0.4362,False
PS,43,25,4,0.95,0.9888,0.4362,False
PS,43,25,5,0.8,0.9309,0.4011,False
PS,43,25,5,0.9,0.9958,0.4432,False
PS,43,25,5,0.95,0.9958,0.4432,False
PS,43,25,6,0.8,0.9309,0.4011,False
PS,43,25,6,0.9,0.9713,0.4228,False
PS,43,25,6,0.95,0.9713,0.4228,False
PS,43,25,7,0.8,0.9309,0.4011,False
PS,43,25,7,0.9,0.9713,0.4228,False
PS,43,25,7,0.95,0.9713,0.4228,False
PS,43,25,8,0.8,0.8738,0.3745,False
PS,43,25,8,0.9,0.9888,0.4362,False
PS,43,25,8,0.95,0.9888,0.4362,False
PS,43,25,9,0.8,0.8738,0.3745,False
PS,43,25,9,0.9,0.9454,0.4088,False
PS,43,25,9,0.95,0.9454,0.4088,False
PS,43,25,10,0.8,0.9309,0.4011,False
PS,43,25,10,0.9,0.9888,0.4362,False
PS,43,25,10,0.95,0.9888,0.4362,False
PS,43,25,11,0.8,0.9309,0.4011,False
PS,43,25,11,0.9,0.9713,0.4228,False
PS,43,25,11,0.95,0.9713,0.4228,False
PS,43,25,12,0.8,0.9309,0.4011,False
PS,43,25,12,0.9,0.9998,24.6247,False
PS,43,25,12,0.95,0.9998,24.6247,False
PS,43,25,13,0.8,0.9309,0.4011,False
PS,43,25,13,0.9,0.9713,0.4228,False
PS,43,25,13,0.95,0.9713,0.4228,False
PS,43,25,14,0.8,0.7375,0.3119,False
PS,43,25,14,0.9,0.9309,0.4011,False
PS,43,25,14,0.95,0.9309,0.4011,False
PS,43,25,15,0.8,0.8738,0.3745,False
PS,43,25,15,0.9,0.9601,0.4163,False
PS,43,25,15,0.95,0.9601,0.4163,False
PS,43,25,16,0.8,0.8738,0.3745,False
PS,43,25,16,0.9,0.9309,0.4011,False
PS,43,25,16,0.95,0.9309,0.4011,False
PS,43,25,17,0.8,0.8738,0.3745,False
PS,43,25,17,0.9,0.9958,0.4432,False
PS,43,25,17,0.95,0.9958,0.4432,False
PS,43,25,18,0.8,0.9309,0.4011,False
PS,43,25,18,0.9,0.9888,0.4362,False
PS,43,25,18,0.95,0.9888,0.4362,False
PS,43,25,19,0.8,0.8738,0.3745,False
PS,43,25,19,0.9,0.8738,0.3745,False
PS,43,25,19,0.95,0.8738,0.3745,False
PS,43,25,20,0.8,0.8738,0.3745,False
PS,43,25,20,0.9,0.9958,0.4432,False
PS,43,25,20,0.95,0.9958,0.4432,False
PS,43,25,21,0.8,0.8738,0.3745,False
PS,43,25,21,0.9,0.9601,0.4163,False
PS,43,25,21,0.95,0.9601,0.4163,False
PS,43,25,22,0.8,0.6749,0.2838,False
PS,43,25,22,0.9,0.9888,0.4362,False
PS,43,25,22,0.95,0.9888,0.4362,False
PS,43,25,23,0.8,0.9601,0.4163,False
PS,43,25,23,0.9,0.9998,24.6247,False
PS,43,25,23,0.95,0.9998,24.6247,False
PS,43,25,24,0.8,0.9309,0.4011,False
PS,43,25,24,0.9,0.9713,0.4228,False
PS,43,25,24,0.95,0.9713,0.4228,False
PS,43,25,25,0.8,0.6749,0.2838,False
PS,43,25,25,0.9,0.8738,0.3745,False
PS,43,25,25,0.95,0.8738,0.3745,False
PS,43,25,26,0.8,0.8738,0.3745,False
PS,43,25,26,0.9,0.9309,0.4011,False
PS,43,25,26,0.95,0.9309,0.4011,False
PS,43,25,27,0.8,0.9309,0.4011,False
PS,43,25,27,0.9,0.9958,0.4432,False
PS,43,25,27,0.95,0.9958,0.4432,False
PS,43,25,28,0.8,0.7123,0.3001,False
PS,43,25,28,0.9,0.9713,0.4228,False
PS,43,25,28,0.95,0.9713,0.4228,False
PS,43,25,29,0.8,0.8738,0.3745,False
PS,43,25,29,0.9,0.9309,0.4011,False
PS,43,25,29,0.95,0.9309,0.4011,False
PS,43,25,30,0.8,0.8738,0.3745,False
PS,43,25,30,0.9,0.9888,0.4362,False
PS,43,25,30,0.95,0.9888,0.4362,False
PS,43,25,31,0.8,0.8738,0.3745,False
PS,43,25,31,0.9,0.9454,0.4088,False
PS,43,25,31,0.95,0.9454,0.4088,False
PS,43,25,32,0.8,0.8738,0.3745,False
PS,43,25,32,0.9,0.9713,0.4228,False
PS,43,25,32,0.95,0.9713,0.4228,False
PS,43,25,33,0.8,0.8738,0.3745,False
PS,43,25,33,0.9,0.9713,0.4228,False
PS,43,25,33,0.95,0.9713,0.4228,False
PS,43,25,34,0.8,0.8738,0.3745,False
PS,43,25,34,0.9,0.9309,0.4011,False
PS,43,25,34,0.95,0.9309,0.4011,False
PS,43,25,35,0.8,0.7375,0.3119,False
PS,43,25,35,0.9,0.9958,0.4432,False
PS,43,25,35,0.95,0.9958,0.4432,False
PS,43,25,36,0.8,0.8738,0.3745,False
PS,43,25,36,0.9,0.9998,24.6247,False
PS,43,25,36,0.95,0.9998,24.6247,False
PS,43,25,37,0.8,0.8738,0.3745,False
PS,43,25,37,0.9,0.9998,24.6247,False
PS,43,25,37,0.95,0.9998,24.6247,False
PS,43,25,38,0.8,0.9309,0.4011,False
PS,43,25,38,0.9,0.9888,0.4362,False
PS,43,25,38,0.95,0.9888,0.4362,False
PS,43,25,39,0.8,0.8738,0.3745,False
PS,43,25,39,0.9,0.9309,0.4011,False
PS,43,25,39,0.95,0.9309,0.4011,False
PS,43,30,0,0.8,0.9454,0.4088,False
PS,43,30,0,0.9,0.9888,0.4362,False
PS,43,30,0,0.95,0.9888,0.4362,False
PS,43,30,1,0.8,0.8738,0.3745,False
PS,43,30,1,0.9,0.9309,0.4011,False
PS,43,30,1,0.95,0.9713,0.4228,False
PS,43,30,2,0.8,0.8738,0.3745,False
PS,43,30,2,0.9,0.9601,0.4163,False
PS,43,30,2,0.95,0.9601,0.4163,False
PS,43,30,3,0.8,0.8738,0.3745,False
PS,43,30,3,0.9,0.9454,0.4088,False
PS,43,30,3,0.95,0.9713,0.4228,False
PS,43,30,4,0.8,0.9454,0.4088,False
PS,43,30,4,0.9,0.9958,0.4432,False
PS,43,30,4,0.95,0.9998,24.6247,False
PS,43,30,5,0.8,0.8738,0.3745,False
PS,43,30,5,0.9,0.9309,0.4011,False
PS,43,30,5,0.95,0.9454,0.4088,False
PS,43,30,6,0.8,0.8738,0.3745,False
PS,43,30,6,0.9,0.9713,0.4228,False
PS,43,30,6,0.95,0.9888,0.4362,False
PS,43,30,7,0.8,0.7123,0.3001,False
PS,43,30,7,0.9,0.9309,0.4011,False
PS,43,30,7,0.95,0.9454,0.4088,False
PS,43,30,8,0.8,0.8738,0.3745,False
PS,43,30,8,0.9,0.9601,0.4163,False
PS,43,30,8,0.95,0.9888,0.4362,False
PS,43,30,9,0.8,0.9309,0.4011,False
PS,43,30,9,0.9,0.9713,0.4228,False
PS,43,30,9,0.95,0.9888,0.4362,False
PS,43,30,10,0.8,0.9309,0.4011,False
PS,43,30,10,0.9,0.9888,0.4362,False
PS,43,30,10,0.95,0.9998,24.6247,False
PS,43,30,11,0.8,0.8738,0.3745,False
PS,43,30,11,0.9,0.9309,0.4011,False
PS,43,30,11,0.95,0.9888,0.4362,False
PS,43,30,12,0.8,0.7375,0.3119,False
PS,43,30,12,0.9,0.9309,0.4011,False
PS,43,30,12,0.95,0.9713,0.4228,False
PS,43,30,13,0.8,0.9309,0.4011,False
PS,43,30,13,0.9,0.9601,0.4163,False
PS,43,30,13,0.95,0.9888,0.4362,False
PS,43,30,14,0.8,0.8738,0.3745,False
PS,43,30,14,0.9,0.9454,0.4088,False
PS,43,30,14,0.95,0.9888,0.4362,False
PS,43,30,15,0.8,0.9309,0.4011,False
PS,43,30,15,0.9,0.9601,0.4163,False
PS,43,30,15,0.95,0.9713,0.4228,False
PS,43,30,16,0.8,0.8738,0.3745,False
PS,43,30,16,0.9,0.9309,0.4011,False
PS,43,30,16,0.95,0.9454,0.4088,False
PS,43,30,17,0.8,0.8738,0.3745,False
PS,43,30,17,0.9,0.9309,0.4011,False
PS,43,30,17,0.95,0.9454,0.4088,False
PS,43,30,18,0.8,0.8738,0.3745,False
PS,43,30,18,0.9,0.9309,0.4011,False
PS,43,30,18,0.95,0.9309,0.4011,False
PS,43,30,19,0.8,0.9309,0.4011,False
PS,43,30,19,0.9,0.9888,0.4362,False
PS,43,30,19,0.95,0.9888,0.4362,False
PS,43,30,20,0.8,0.8738,0.3745,False
PS,43,30,20,0.9,0.9601,0.4163,False
PS,43,30,20,0.95,0.9888,0.4362,False
PS,43,30,21,0.8,0.8738,0.3745,False
PS,43,30,21,0.9,0.9309,0.4011,False
PS,43,30,21,0.95,0.9601,0.4163,False
PS,43,30,22,0.8,0.8738,0.3745,False
PS,43,30,22,0.9,0.9713,0.4228,False
PS,43,30,22,0.95,0.9888,0.4362,False
PS,43,30,23,0.8,0.9309,0.4011,False
PS,43,30,23,0.9,0.9454,0.4088,False
PS,43,30,23,0.95,0.9601,0.4163,False
PS,43,30,24,0.8,0.8738,0.3745,False
PS,43,30,24,0.9,0.8738,0.3745,False
PS,43,30,24,0.95,0.8738,0.3745,False
PS,43,30,25,0.8,0.8738,0.3745,False
PS,43,30,25,0.9,0.8738,0.3745,False
PS,43,30,25,0.95,0.9309,0.4011,False
PS,43,30,26,0.8,0.6749,0.2838,False
PS,43,30,26,0.9,0.8738,0.3745,False
PS,43,30,26,0.95,0.8738,0.3745,False
PS,43,30,27,0.8,0.9309,0.4011,False
PS,43,30,27,0.9,0.9888,0.4362,False
PS,43,30,27,0.95,0.9888,0.4362,False
PS,43,30,28,0.8,0.8738,0.3745,False
PS,43,30,28,0.9,0.8738,0.3745,False
PS,43,30,28,0.95,0.9601,0.4163,False
PS,43,30,29,0.8,0.9309,0.4011,False
PS,43,30,29,0.9,0.9601,0.4163,False
PS,43,30,29,0.95,0.9888,0.4362,False
PS,43,30,30,0.8,0.8738,0.3745,False
PS,43,30,30,0.9,0.9309,0.4011,False
PS,43,30,30,0.95,0.9713,0.4228,False
PS,43,30,31,0.8,0.9309,0.4011,False
PS,43,30,31,0.9,0.9713,0.4228,False
PS,43,30,31,0.95,0.9888,0.4362,False
PS,43,30,32,0.8,0.7123,0.3001,False
PS,43,30,32,0.9,0.9309,0.4011,False
PS,43,30,32,0.95,0.9958,0.4432,False
PS,43,30,33,0.8,0.7123,0.3001,False
PS,43,30,33,0.9,0.9309,0.4011,False
PS,43,30,33,0.95,0.9958,0.4432,False
PS,43,30,34,0.8,0.8738,0.3745,False
PS,43,30,34,0.9,0.9601,0.4163,False
PS,43,30,34,0.95,0.9888,0.4362,False
PS,43,30,35,0.8,0.7375,0.3119,False
PS,43,30,35,0.9,0.9309,0.4011,False
PS,43,30,35,0.95,0.9888,0.4362,False
PS,43,30,36,0.8,0.8738,0.3745,False
PS,43,30,36,0.9,0.9888,0.4362,False
PS,43,30,36,0.95,0.9888,0.4362,False
PS,43,30,37,0.8,0.8738,0.3745,False
PS,43,30,37,0.9,0.9454,0.4088,False
PS,43,30,37,0.95,0.9601,0.4163,False
PS,43,30,38,0.8,0.9309,0.4011,False
PS,43,30,38,0.9,0.9309,0.4011,False
PS,43,30,38,0.95,0.9309,0.4011,False
PS,43,30,39,0.8,0.8738,0.3745,False
PS,43,30,39,0.9,0.9309,0.4011,False
PS,43,30,39,0.95,0.9713,0.4228,False
PS,43,40,0,0.8,0.9309,0.4011,False
PS,43,40,0,0.9,0.9888,0.4362,False
PS,43,40,0,0.95,0.9888,0.4362,False
PS,43,40,1,0.8,0.8738,0.3745,False
PS,43,40,1,0.9,0.9309,0.4011,False
PS,43,40,1,0.95,0.9888,0.4362,False
PS,43,40,2,0.8,0.8738,0.3745,False
PS,43,40,2,0.9,0.8738,0.3745,False
PS,43,40,2,0.95,0.9601,0.4163,False
PS,43,40,3,0.8,0.9309,0.4011,False
PS,43,40,3,0.9,0.9888,0.4362,False
PS,43,40,3,0.95,0.9888,0.4362,False
PS,43,40,4,0.8,0.9309,0.4011,False
PS,43,40,4,0.9,0.9713,0.4228,False
PS,43,40,4,0.95,0.9958,0.4432,False
PS,43,40,5,0.8,0.8738,0.3745,False
PS,43,40,5,0.9,0.9454,0.4088,False
PS,43,40,5,0.95,0.9713,0.4228,False
PS,43,40,6,0.8,0.8738,0.3745,False
PS,43,40,6,0.9,0.9888,0.4362,False
PS,43,40,6,0.95,0.9998,24.6247,False
PS,43,40,7,0.8,0.8738,0.3745,False
PS,43,40,7,0.9,0.9601,0.4163,False
PS,43,40,7,0.95,0.9888,0.4362,False
PS,43,40,8,0.8,0.8738,0.3745,False
PS,43,40,8,0.9,0.9309,0.4011,False
PS,43,40,8,0.95,0.9713,0.4228,False
PS,43,40,9,0.8,0.8738,0.3745,False
PS,43,40,9,0.9,0.9309,0.4011,False
PS,43,40,9,0.95,0.9998,24.6247,False
PS,43,40,10,0.8,0.8738,0.3745,False
PS,43,40,10,0.9,0.9601,0.4163,False
PS,43,40,10,0.95,0.9888,0.4362,False
PS,43,40,11,0.8,0.7375,0.3119,False
PS,43,40,11,0.9,0.8738,0.3745,False
PS,43,40,11,0.95,0.9888,0.4362,False
PS,43,40,12,0.8,0.8738,0.3745,False
PS,43,40,12,0.9,0.9309,0.4011,False
PS,43,40,12,0.95,0.9454,0.4088,False
PS,43,40,13,0.8,0.8738,0.3745,False
PS,43,40,13,0.9,0.9454,0.4088,False
PS,43,40,13,0.95,0.9713,0.4228,False
PS,43,40,14,0.8,0.8738,0.3745,False
PS,43,40,14,0.9,0.9601,0.4163,False
PS,43,40,14,0.95,0.9888,0.4362,False
PS,43,40,15,0.8,0.8738,0.3745,False
PS,43,40,15,0.9,0.9309,0.4011,False
PS,43,40,15,0.95,0.9888,0.4362,False
PS,43,40,16,0.8,0.8738,0.3745,False
PS,43,40,16,0.9,0.9309,0.4011,False
PS,43,40,16,0.95,0.9601,0.4163,False
PS,43,40,17,0.8,0.8738,0.3745,False
PS,43,40,17,0.9,0.9454,0.4088,False
PS,43,40,17,0.95,0.9888,0.4362,False
PS,43,40,18,0.8,0.8738,0.3745,False
PS,43,40,18,0.9,0.9309,0.4011,False
PS,43,40,18,0.95,0.9888,0.4362,False
PS,43,40,19,0.8,0.8738,0.3745,False
PS,43,40,19,0.9,0.9454,0.4088,False
PS,43,40,19,0.95,0.9888,0.4362,False
PS,43,40,20,0.8,0.8738,0.3745,False
PS,43,40,20,0.9,0.9454,0.4088,False
PS,43,40,20,0.95,0.9888,0.4362,False
PS,43,40,21,0.8,0.9309,0.4011,False
PS,43,40,21,0.9,0.9309,0.4011,False
PS,43,40,21,0.95,0.9888,0.4362,False
PS,43,40,22,0.8,0.8738,0.3745,False
PS,43,40,22,0.9,0.9309,0.4011,False
PS,43,40,22,0.95,0.9888,0.4362,False
PS,43,40,23,0.8,0.8738,0.3745,False
PS,43,40,23,0.9,0.9888,0.4362,False
PS,43,40,23,0.95,0.9888,0.4362,False
PS,43,40,24,0.8,0.8738,0.3745,False
PS,43,40,24,0.9,0.9309,0.4011,False
PS,43,40,24,0.95,0.9888,0.4362,False
PS,43,40,25,0.8,0.8738,0.3745,False
PS,43,40,25,0.9,0.9454,0.4088,False
PS,43,40,25,0.95,0.9888,0.4362,False
PS,43,40,26,0.8,0.8738,0.3745,False
PS,43,40,26,0.9,0.9309,0.4011,False
PS,43,40,26,0.95,0.9309,0.4011,False
PS,43,40,27,0.8,0.8738,0.3745,False
PS,43,40,27,0.9,0.8738,0.3745,False
PS,43,40,27,0.95,0.9888,0.4362,False
PS,43,40,28,0.8,0.8738,0.3745,False
PS,43,40,28,0.9,0.9454,0.4088,False
PS,43,40,28,0.95,0.9713,0.4228,False
PS,43,40,29,0.8,0.8738,0.3745,False
PS,43,40,29,0.9,0.9309,0.4011,False
PS,43,40,29,0.95,0.9309,0.4011,False
PS,43,40,30,0.8,0.9309,0.4011,False
PS,43,40,30,0.9,0.9713,0.4228,False
PS,43,40,30,0.95,0.9958,0.4432,False
PS,43,40,31,0.8,0.7375,0.3119,False
PS,43,40,31,0.9,0.8738,0.3745,False
PS,43,40,31,0.95,0.9888,0.4362,False
PS,43,40,32,0.8,0.8738,0.3745,False
PS,43,40,32,0.9,0.8738,0.3745,False
PS,43,40,32,0.95,0.9888,0.4362,False
PS,43,40,33,0.8,0.8738,0.3745,False
PS,43,40,33,0.9,0.9309,0.4011,False
PS,43,40,33,0.95,0.9888,0.4362,False
PS,43,40,34,0.8,0.7375,0.3119,False
PS,43,40,34,0.9,0.8738,0.3745,False
PS,43,40,34,0.95,0.9601,0.4163,False
PS,43,40,35,0.8,0.8738,0.3745,False
PS,43,40,35,0.9,0.9454,0.4088,False
PS,43,40,35,0.95,0.9713,0.4228,False
PS,43,40,36,0.8,0.8738,0.3745,False
PS,43,40,36,0.9,0.9454,0.4088,False
PS,43,40,36,0.95,0.9888,0.4362,False
PS,43,40,37,0.8,0.8738,0.3745,False
PS,43,40,37,0.9,0.8738,0.3745,False
PS,43,40,37,0.95,0.9958,0.4432,False
PS,43,40,38,0.8,0.8738,0.3745,False
PS,43,40,38,0.9,0.9713,0.4228,False
PS,43,40,38,0.95,0.9998,24.6247,False
PS,43,40,39,0.8,0.7375,0.3119,False
PS,43,40,39,0.9,0.8738,0.3745,False
PS,43,40,39,0.95,0.9601,0.4163,False
PS,43,50,0,0.8,0.8738,0.3745,False
PS,43,50,0,0.9,0.8738,0.3745,False
PS,43,50,0,0.95,0.9309,0.4011,False
PS,43,50,1,0.8,0.8738,0.3745,False
PS,43,50,1,0.9,0.9309,0.4011,False
PS,43,50,1,0.95,0.9888,0.4362,False
PS,43,50,2,0.8,0.8738,0.3745,False
PS,43,50,2,0.9,0.9601,0.4163,False
PS,43,50,2,0.95,0.9888,0.4362,False
PS,43,50,3,0.8,0.7375,0.3119,False
PS,43,50,3,0.9,0.9309,0.4011,False
PS,43,50,3,0.95,0.9713,0.4228,False
PS,43,50,4,0.8,0.8738,0.3745,False
PS,43,50,4,0.9,0.9309,0.4011,False
PS,43,50,4,0.95,0.9888,0.4362,False
PS,43,50,5,0.8,0.8738,0.3745,False
PS,43,50,5,0.9,0.9309,0.4011,False
PS,43,50,5,0.95,0.9309,0.4011,False
PS,43,50,6,0.8,0.7375,0.3119,False
PS,43,50,6,0.9,0.9601,0.4163,False
PS,43,50,6,0.95,0.9888,0.4362,False
PS,43,50,7,0.8,0.8738,0.3745,False
PS,43,50,7,0.9,0.9601,0.4163,False
PS,43,50,7,0.95,0.9958,0.4432,False
PS,43,50,8,0.8,0.8738,0.3745,False
PS,43,50,8,0.9,0.9454,0.4088,False
PS,43,50,8,0.95,0.9888,0.4362,False
PS,43,50,9,0.8,0.8738,0.3745,False
PS,43,50,9,0.9,0.9309,0.4011,False
PS,43,50,9,0.95,0.9713,0.4228,False
PS,43,50,10,0.8,0.8738,0.3745,False
PS,43,50,10,0.9,0.9309,0.4011,False
PS,43,50,10,0.95,0.9713,0.4228,False
PS,43,50,11,0.8,0.7123,0.3001,False
PS,43,50,11,0.9,0.9309,0.4011,False
PS,43,50,11,0.95,0.9888,0.4362,False
PS,43,50,12,0.8,0.8738,0.3745,False
PS,43,50,12,0.9,0.9309,0.4011,False
PS,43,50,12,0.95,0.9888,0.4362,False
PS,43,50,13,0.8,0.8738,0.3745,False
PS,43,50,13,0.9,0.9309,0.4011,False
PS,43,50,13,0.95,0.9454,0.4088,False
PS,43,50,14,0.8,0.7123,0.3001,False
PS,43,50,14,0.9,0.8738,0.3745,False
PS,43,50,14,0.95,0.9888,0.4362,False
PS,43,50,15,0.8,0.9309,0.4011,False
PS,43,50,15,0.9,0.9601,0.4163,False
PS,43,50,15,0.95,0.9958,0.4432,False
PS,43,50,16,0.8,0.8738,0.3745,False
PS,43,50,16,0.9,0.9601,0.4163,False
PS,43,50,16,0.95,0.9888,0.4362,False
PS,43,50,17,0.8,0.8738,0.3745,False
PS,43,50,17,0.9,0.8738,0.3745,False
PS,43,50,17,0.95,0.9888,0.4362,False
PS,43,50,18,0.8,0.8738,0.3745,False
PS,43,50,18,0.9,0.9309,0.4011,False
PS,43,50,18,0.95,0.9601,0.4163,False
PS,43,50,19,0.8,0.9309,0.4011,False
PS,43,50,19,0.9,0.9713,0.4228,False
PS,43,50,19,0.95,0.9958,0.4432,False
PS,43,50,20,0.8,0.8738,0.3745,False
PS,43,50,20,0.9,0.9601,0.4163,False
PS,43,50,20,0.95,0.9713,0.4228,False
PS,43,50,21,0.8,0.8738,0.3745,False
PS,43,50,21,0.9,0.8738,0.3745,False
PS,43,50,21,0.95,0.9713,0.4228,False
PS,43,50,22,0.8,0.8738,0.3745,False
PS,43,50,22,0.9,0.8738,0.3745,False
PS,43,50,22,0.95,0.9958,0.4432,False
PS,43,50,23,0.8,0.8738,0.3745,False
PS,43,50,23,0.9,0.9454,0.4088,False
PS,43,50,23,0.95,0.9888,0.4362,False
PS,43,50,24,0.8,0.8738,0.3745,False
PS,43,50,24,0.9,0.9713,0.4228,False
PS,43,50,24,0.95,0.9958,0.4432,False
PS,43,50,25,0.8,0.8738,0.3745,False
PS,43,50,25,0.9,0.9454,0.4088,False
PS,43,50,25,0.95,0.9958,0.4432,False
PS,43,50,26,0.8,0.8738,0.3745,False
PS,43,50,26,0.9,0.8738,0.3745,False
PS,43,50,26,0.95,0.9309,0.4011,False
PS,43,50,27,0.8,0.9309,0.4011,False
PS,43,50,27,0.9,0.9713,0.4228,False
PS,43,50,27,0.95,0.9958,0.4432,False
PS,43,50,28,0.8,0.7375,0.3119,False
PS,43,50,28,0.9,0.8738,0.3745,False
PS,43,50,28,0.95,0.9888,0.4362,False
PS,43,50,29,0.8,0.8738,0.3745,False
PS,43,50,29,0.9,0.9454,0.4088,False
PS,43,50,29,0.95,0.9888,0.4362,False
PS,43,50,30,0.8,0.7123,0.3001,False
PS,43,50,30,0.9,0.9309,0.4011,False
PS,43,50,30,0.95,0.9888,0.4362,False
PS,43,50,31,0.8,0.9309,0.4011,False
PS,43,50,31,0.9,0.9601,0.4163,False
PS,43,50,31,0.95,0.9888,0.4362,False
PS,43,50,32,0.8,0.8738,0.3745,False
PS,43,50,32,0.9,0.9309,0.4011,False
PS,43,50,32,0.95,0.9888,0.4362,False
PS,43,50,33,0.8,0.9309,0.4011,False
PS,43,50,33,0.9,0.9713,0.4228,False
PS,43,50,33,0.95,0.9888,0.4362,False
PS,43,50,34,0.8,0.8738,0.3745,False
PS,43,50,34,0.9,0.9601,0.4163,False
PS,43,50,34,0.95,0.9888,0.4362,False
PS,43,50,35,0.8,0.9309,0.4011,False
PS,43,50,35,0.9,0.9601,0.4163,False
PS,43,50,35,0.95,0.9888,0.4362,False
PS,43,50,36,0.8,0.9309,0.4011,False
PS,43,50,36,0.9,0.9601,0.4163,False
PS,43,50,36,0.95,0.9998,24.6247,False
PS,43,50,37,0.8,0.8738,0.3745,False
PS,43,50,37,0.9,0.9454,0.4088,False
PS,43,50,37,0.95,0.9888,0.4362,False
PS,43,50,38,0.8,0.7375,0.3119,False
PS,43,50,38,0.9,0.9309,0.4011,False
PS,43,50,38,0.95,0.9888,0.4362,False
PS,43,50,39,0.8,0.8738,0.3745,False
PS,43,50,39,0.9,0.9454,0.4088,False
PS,43,50,39,0.95,0.9888,0.4362,False
PS,43,75,0,0.8,0.8738,0.3745,False
PS,43,75,0,0.9,0.9309,0.4011,False
PS,43,75,0,0.95,0.9713,0.4228,False
PS,43,75,1,0.8,0.8738,0.3745,False
PS,43,75,1,0.9,0.9309,0.4011,False
PS,43,75,1,0.95,0.9713,0.4228,False
PS,43,75,2,0.8,0.8738,0.3745,False
PS,43,75,2,0.9,0.9309,0.4011,False
PS,43,75,2,0.95,0.9888,0.4362,False
PS,43,75,3,0.8,0.8738,0.3745,False
PS,43,75,3,0.9,0.9309,0.4011,False
PS,43,75,3,0.95,0.9888,0.4362,False
PS,43,75,4,0.8,0.8738,0.3745,False
PS,43,75,4,0.9,0.9309,0.4011,False
PS,43,75,4,0.95,0.9888,0.4362,False
PS,43,75,5,0.8,0.8738,0.3745,False
PS,43,75,5,0.9,0.9309,0.4011,False
PS,43,75,5,0.95,0.9713,0.4228,False
PS,43,75,6,0.8,0.8738,0.3745,False
PS,43,75,6,0.9,0.9888,0.4362,False
PS,43,75,6,0.95,0.9958,0.4432,False
PS,43,75,7,0.8,0.8738,0.3745,False
PS,43,75,7,0.9,0.9309,0.4011,False
PS,43,75,7,0.95,0.9888,0.4362,False
PS,43,75,8,0.8,0.8738,0.3745,False
PS,43,75,8,0.9,0.9309,0.4011,False
PS,43,75,8,0.95,0.9713,0.4228,False
PS,43,75,9,0.8,0.8738,0.3745,False
PS,43,75,9,0.9,0.8738,0.3745,False
PS,43,75,9,0.95,0.9309,0.4011,False
PS,43,75,10,0.8,0.8738,0.3745,False
PS,43,75,10,0.9,0.9601,0.4163,False
PS,43,75,10,0.95,0.9888,0.4362,False
PS,43,75,11,0.8,0.8738,0.3745,False
PS,43,75,11,0.9,0.9713,0.4228,False
PS,43,75,11,0.95,0.9888,0.4362,False
PS,43,75,12,0.8,0.8738,0.3745,False
PS,43,75,12,0.9,0.9309,0.4011,False
PS,43,75,12,0.95,0.9713,0.4228,False
PS,43,75,13,0.8,0.8738,0.3745,False
PS,43,75,13,0.9,0.9309,0.4011,False
PS,43,75,13,0.95,0.9601,0.4163,False
PS,43,75,14,0.8,0.8738,0.3745,False
PS,43,75,14,0.9,0.9454,0.4088,False
PS,43,75,14,0.95,0.9888,0.4362,False
PS,43,75,15,0.8,0.9309,0.4011,False
PS,43,75,15,0.9,0.9454,0.4088,False
PS,43,75,15,0.95,0.9888,0.4362,False
PS,43,75,16,0.8,0.8738,0.3745,False
PS,43,75,16,0.9,0.9454,0.4088,False
PS,43,75,16,0.95,0.9601,0.4163,False
PS,43,75,17,0.8,0.8738,0.3745,False
PS,43,75,17,0.9,0.9454,0.4088,False
PS,43,75,17,0.95,0.9888,0.4362,False
PS,43,75,18,0.8,0.9309,0.4011,False
PS,43,75,18,0.9,0.9454,0.4088,False
PS,43,75,18,0.95,0.9888,0.4362,False
PS,43,75,19,0.8,0.8738,0.3745,False
PS,43,75,19,0.9,0.9454,0.4088,False
PS,43,75,19,0.95,0.9888,0.4362,False
PS,43,75,20,0.8,0.8738,0.3745,False
PS,43,75,20,0.9,0.8738,0.3745,False
PS,43,75,20,0.95,0.9601,0.4163,False
PS,43,75,21,0.8,0.8738,0.3745,False
PS,43,75,21,0.9,0.9309,0.4011,False
PS,43,75,21,0.95,0.9713,0.4228,False
PS,43,75,22,0.8,0.8738,0.3745,False
PS,43,75,22,0.9,0.9601,0.4163,False
PS,43,75,22,0.95,0.9888,0.4362,False
PS,43,75,23,0.8,0.8738,0.3745,False
PS,43,75,23,0.9,0.9309,0.4011,False
PS,43,75,23,0.95,0.9888,0.4362,False
PS,43,75,24,0.8,0.8738,0.3745,False
PS,43,75,24,0.9,0.9309,0.4011,False
PS,43,75,24,0.95,0.9713,0.4228,False
PS,43,75,25,0.8,0.8738,0.3745,False
PS,43,75,25,0.9,0.9309,0.4011,False
PS,43,75,25,0.95,0.9888,0.4362,False
PS,43,75,26,0.8,0.8738,0.3745,False
PS,43,75,26,0.9,0.9309,0.4011,False
PS,43,75,26,0.95,0.9601,0.4163,False
PS,43,75,27,0.8,0.8738,0.3745,False
PS,43,75,27,0.9,0.9601,0.4163,False
PS,43,75,27,0.95,0.9958,0.4432,False
PS,43,75,28,0.8,0.8738,0.3745,False
PS,43,75,28,0.9,0.9309,0.4011,False
PS,43,75,28,0.95,0.9888,0.4362,False
PS,43,75,29,0.8,0.8738,0.3745,False
PS,43,75,29,0.9,0.9454,0.4088,False
PS,43,75,29,0.95,0.9888,0.4362,False
PS,43,75,30,0.8,0.8738,0.3745,False
PS,43,75,30,0.9,0.9309,0.4011,False
PS,43,75,30,0.95,0.9601,0.4163,False
PS,43,75,31,0.8,0.8738,0.3745,False
PS,43,75,31,0.9,0.9454,0.4088,False
PS,43,75,31,0.95,0.9713,0.4228,False
PS,43,75,32,0.8,0.8738,0.3745,False
PS,43,75,32,0.9,0.9454,0.4088,False
PS,43,75,32,0.95,0.9713,0.4228,False
PS,43,75,33,0.8,0.8738,0.3745,False
PS,43,75,33,0.9,0.9309,0.4011,False
PS,43,75,33,0.95,0.9454,0.4088,False
PS,43,75,34,0.8,0.8738,0.3745,False
PS,43,75,34,0.9,0.9601,0.4163,False
PS,43,75,34,0.95,0.9888,0.4362,False
PS,43,75,35,0.8,0.8738,0.3745,False
PS,43,75,35,0.9,0.9454,0.4088,False
PS,43,75,35,0.95,0.9888,0.4362,False
PS,43,75,36,0.8,0.8738,0.3745,False
PS,43,75,36,0.9,0.9309,0.4011,False
PS,43,75,36,0.95,0.9888,0.4362,False
PS,43,75,37,0.8,0.8738,0.3745,False
PS,43,75,37,0.9,0.9601,0.4163,False
PS,43,75,37,0.95,0.9888,0.4362,False
PS,43,75,38,0.8,0.8738,0.3745,False
PS,43,75,38,0.9,0.8738,0.3745,False
PS,43,75,38,0.95,0.9713,0.4228,False
PS,43,75,39,0.8,0.8738,0.3745,False
PS,43,75,39,0.9,0.9601,0.4163,False
PS,43,75,39,0.95,0.9888,0.4362,False
PS,43,100,0,0.8,0.8738,0.3745,False
PS,43,100,0,0.9,0.9309,0.4011,False
PS,43,100,0,0.95,0.9713,0.4228,False
PS,43,100,1,0.8,0.8738,0.3745,False
PS,43,100,1,0.9,0.8738,0.3745,False
PS,43,100,1,0.95,0.9713,0.4228,False
PS,43,100,2,0.8,0.8738,0.3745,False
PS,43,100,2,0.9,0.9309,0.4011,False
PS,43,100,2,0.95,0.9888,0.4362,False
PS,43,100,3,0.8,0.8738,0.3745,False
PS,43,100,3,0.9,0.9309,0.4011,False
PS,43,100,3,0.95,0.9713,0.4228,False
PS,43,100,4,0.8,0.8738,0.3745,False
PS,43,100,4,0.9,0.9309,0.4011,False
PS,43,100,4,0.95,0.9713,0.4228,False
PS,43,100,5,0.8,0.8738,0.3745,False
PS,43,100,5,0.9,0.9309,0.4011,False
PS,43,100,5,0.95,0.9713,0.4228,False
PS,43,100,6,0.8,0.8738,0.3745,False
PS,43,100,6,0.9,0.9601,0.4163,False
PS,43,100,6,0.95,0.9888,0.4362,False
PS,43,100,7,0.8,0.8738,0.3745,False
PS,43,100,7,0.9,0.9309,0.4011,False
PS,43,100,7,0.95,0.9601,0.4163,False
PS,43,100,8,0.8,0.8738,0.3745,False
PS,43,100,8,0.9,0.9309,0.4011,False
PS,43,100,8,0.95,0.9601,0.4163,False
PS,43,100,9,0.8,0.8738,0.3745,False
PS,43,100,9,0.9,0.9601,0.4163,False
PS,43,100,9,0.95,0.9713,0.4228,False
PS,43,100,10,0.8,0.8738,0.3745,False
PS,43,100,10,0.9,0.9309,0.4011,False
PS,43,100,10,0.95,0.9601,0.4163,False
PS,43,100,11,0.8,0.8738,0.3745,False
PS,43,100,11,0.9,0.9309,0.4011,False
PS,43,100,11,0.95,0.9713,0.4228,False
PS,43,100,12,0.8,0.8738,0.3745,False
PS,43,100,12,0.9,0.9309,0.4011,False
PS,43,100,12,0.95,0.9454,0.4088,False
PS,43,100,13,0.8,0.8738,0.3745,False
PS,43,100,13,0.9,0.9309,0.4011,False
PS,43,100,13,0.95,0.9601,0.4163,False
PS,43,100,14,0.8,0.8738,0.3745,False
PS,43,100,14,0.9,0.8738,0.3745,False
PS,43,100,14,0.95,0.9454,0.4088,False
PS,43,100,15,0.8,0.8738,0.3745,False
PS,43,100,15,0.9,0.9309,0.4011,False
PS,43,100,15,0.95,0.9601,0.4163,False
PS,43,100,16,0.8,0.8738,0.3745,False
PS,43,100,16,0.9,0.8738,0.3745,False
PS,43,100,16,0.95,0.9309,0.4011,False
PS,43,100,17,0.8,0.8738,0.3745,False
PS,43,100,17,0.9,0.9309,0.4011,False
PS,43,100,17,0.95,0.9601,0.4163,False
PS,43,100,18,0.8,0.8738,0.3745,False
PS,43,100,18,0.9,0.9309,0.4011,False
PS,43,100,18,0.95,0.9601,0.4163,False
PS,43,100,19,0.8,0.8738,0.3745,False
PS,43,100,19,0.9,0.9309,0.4011,False
PS,43,100,19,0.95,0.9454,0.4088,False
PS,43,100,20,0.8,0.8738,0.3745,False
PS,43,100,20,0.9,0.9309,0.4011,False
PS,43,100,20,0.95,0.9888,0.4362,False
PS,43,100,21,0.8,0.8738,0.3745,False
PS,43,100,21,0.9,0.9309,0.4011,False
PS,43,100,21,0.95,0.9713,0.4228,False
PS,43,100,22,0.8,0.8738,0.3745,False
PS,43,100,22,0.9,0.9601,0.4163,False
PS,43,100,22,0.95,0.9888,0.4362,False
PS,43,100,23,0.8,0.8738,0.3745,False
PS,43,100,23,0.9,0.9309,0.4011,False
PS,43,100,23,0.95,0.9713,0.4228,False
PS,43,100,24,0.8,0.7375,0.3119,False
PS,43,100,24,0.9,0.8738,0.3745,False
PS,43,100,24,0.95,0.9454,0.4088,False
PS,43,100,25,0.8,0.8738,0.3745,False
PS,43,100,25,0.9,0.9309,0.4011,False
PS,43,100,25,0.95,0.9454,0.4088,False
PS,43,100,26,0.8,0.8738,0.3745,False
PS,43,100,26,0.9,0.9309,0.4011,False
PS,43,100,26,0.95,0.9454,0.4088,False
PS,43,100,27,0.8,0.8738,0.3745,False
PS,43,100,27,0.9,0.9309,0.4011,False
PS,43,100,27,0.95,0.9888,0.4362,False
PS,43,100,28,0.8,0.8738,0.3745,False
PS,43,100,28,0.9,0.9309,0.4011,False
PS,43,100,28,0.95,0.9454,0.4088,False
PS,43,100,29,0.8,0.8738,0.3745,False
PS,43,100,29,0.9,0.9309,0.4011,False
PS,43,100,29,0.95,0.9454,0.4088,False
PS,43,100,30,0.8,0.8738,0.3745,False
PS,43,100,30,0.9,0.9309,0.4011,False
PS,43,100,30,0.95,0.9601,0.4163,False
PS,43,100,31,0.8,0.8738,0.3745,False
PS,43,100,31,0.9,0.9309,0.4011,False
PS,43,100,31,0.95,0.9601,0.4163,False
PS,43,100,32,0.8,0.8738,0.3745,False
PS,43,100,32,0.9,0.9309,0.4011,False
PS,43,100,32,0.95,0.9601,0.4163,False
PS,43,100,33,0.8,0.8738,0.3745,False
PS,43,100,33,0.9,0.9309,0.4011,False
PS,43,100,33,0.95,0.9888,0.4362,False
PS,43,100,34,0.8,0.8738,0.3745,False
PS,43,100,34,0.9,0.9601,0.4163,False
PS,43,100,34,0.95,0.9888,0.4362,False
PS,43,100,35,0.8,0.9309,0.4011,False
PS,43,100,35,0.9,0.9601,0.4163,False
PS,43,100,35,0.95,0.9888,0.4362,False
PS,43,100,36,0.8,0.8738,0.3745,False
PS,43,100,36,0.9,0.9309,0.4011,False
PS,43,100,36,0.95,0.9713,0.4228,False
PS,43,100,37,0.8,0.8738,0.3745,False
PS,43,100,37,0.9,0.9309,0.4011,False
PS,43,100,37,0.95,0.9454,0.4088,False
PS,43,100,38,0.8,0.8738,0.3745,False
PS,43,100,38,0.9,0.9309,0.4011,False
PS,43,100,38,0.95,0.9601,0.4163,False
PS,43,100,39,0.8,0.8738,0.3745,False
PS,43,100,39,0.9,0.9309,0.4011,False
PS,43,100,39,0.95,0.9713,0.4228,False
PS,43,150,0,0.8,0.8738,0.3745,False
PS,43,150,0,0.9,0.9309,0.4011,False
PS,43,150,0,0.95,0.9601,0.4163,False
PS,43,150,1,0.8,0.8738,0.3745,False
PS,43,150,1,0.9,0.9309,0.4011,False
PS,43,150,1,0.95,0.9454,0.4088,False
PS,43,150,2,0.8,0.8738,0.3745,False
PS,43,150,2,0.9,0.9309,0.4011,False
PS,43,150,2,0.95,0.9888,0.4362,False
PS,43,150,3,0.8,0.8738,0.3745,False
PS,43,150,3,0.9,0.9309,0.4011,False
PS,43,150,3,0.95,0.9601,0.4163,False
PS,43,150,4,0.8,0.8738,0.3745,False
PS,43,150,4,0.9,0.9309,0.4011,False
PS,43,150,4,0.95,0.9713,0.4228,False
PS,43,150,5,0.8,0.8738,0.3745,False
PS,43,150,5,0.9,0.8738,0.3745,False
PS,43,150,5,0.95,0.9713,0.4228,False
PS,43,150,6,0.8,0.8738,0.3745,False
PS,43,150,6,0.9,0.9309,0.4011,False
PS,43,150,6,0.95,0.9601,0.4163,False
PS,43,150,7,0.8,0.8738,0.3745,False
PS,43,150,7,0.9,0.9309,0.4011,False
PS,43,150,7,0.95,0.9713,0.4228,False
PS,43,150,8,0.8,0.8738,0.3745,False
PS,43,150,8,0.9,0.9454,0.4088,False
PS,43,150,8,0.95,0.9888,0.4362,False
PS,43,150,9,0.8,0.8738,0.3745,False
PS,43,150,9,0.9,0.9309,0.4011,False
PS,43,150,9,0.95,0.9601,0.4163,False
PS,43,150,10,0.8,0.8738,0.3745,False
PS,43,150,10,0.9,0.9309,0.4011,False
PS,43,150,10,0.95,0.9454,0.4088,False
PS,43,150,11,0.8,0.8738,0.3745,False
PS,43,150,11,0.9,0.8738,0.3745,False
PS,43,150,11,0.95,0.9601,0.4163,False
PS,43,150,12,0.8,0.8738,0.3745,False
PS,43,150,12,0.9,0.9309,0.4011,False
PS,43,150,12,0.95,0.9601,0.4163,False
PS,43,150,13,0.8,0.8738,0.3745,False
PS,43,150,13,0.9,0.9309,0.4011,False
PS,43,150,13,0.95,0.9601,0.4163,False
PS,43,150,14,0.8,0.8738,0.3745,False
PS,43,150,14,0.9,0.9309,0.4011,False
PS,43,150,14,0.95,0.9713,0.4228,False
PS,43,150,15,0.8,0.8738,0.3745,False
PS,43,150,15,0.9,0.9309,0.4011,False
PS,43,150,15,0.95,0.9601,0.4163,False
PS,43,150,16,0.8,0.8738,0.3745,False
PS,43,150,16,0.9,0.8738,0.3745,False
PS,43,150,16,0.95,0.9601,0.4163,False
PS,43,150,17,0.8,0.8738,0.3745,False
PS,43,150,17,0.9,0.9309,0.4011,False
PS,43,150,17,0.95,0.9713,0.4228,False
PS,43,150,18,0.8,0.8738,0.3745,False
PS,43,150,18,0.9,0.9309,0.4011,False
PS,43,150,18,0.95,0.9601,0.4163,False
PS,43,150,19,0.8,0.8738,0.3745,False
PS,43,150,19,0.9,0.9309,0.4011,False
PS,43,150,19,0.95,0.9888,0.4362,False
PS,43,150,20,0.8,0.8738,0.3745,False
PS,43,150,20,0.9,0.8738,0.3745,False
PS,43,150,20,0.95,0.9454,0.4088,False
PS,43,150,21,0.8,0.8738,0.3745,False
PS,43,150,21,0.9,0.8738,0.3745,False
PS,43,150,21,0.95,0.9454,0.4088,False
PS,43,150,22,0.8,0.8738,0.3745,False
PS,43,150,22,0.9,0.9309,0.4011,False
PS,43,150,22,0.95,0.9601,0.4163,False
PS,43,150,23,0.8,0.8738,0.3745,False
PS,43,150,23,0.9,0.9309,0.4011,False
PS,43,150,23,0.95,0.9888,0.4362,False
PS,43,150,24,0.8,0.8738,0.3745,False
PS,43,150,24,0.9,0.9309,0.4011,False
PS,43,150,24,0.95,0.9454,0.4088,False
PS,43,150,25,0.8,0.8738,0.3745,False
PS,43,150,25,0.9,0.9309,0.4011,False
PS,43,150,25,0.95,0.9713,0.4228,False
PS,43,150,26,0.8,0.8738,0.3745,False
PS,43,150,26,0.9,0.9309,0.4011,False
PS,43,150,26,0.95,0.9888,0.4362,False
PS,43,150,27,0.8,0.8738,0.3745,False
PS,43,150,27,0.9,0.9309,0.4011,False
PS,43,150,27,0.95,0.9601,0.4163,False
PS,43,150,28,0.8,0.8738,0.3745,False
PS,43,150,28,0.9,0.9309,0.4011,False
PS,43,150,28,0.95,0.9601,0.4163,False
PS,43,150,29,0.8,0.8738,0.3745,False
PS,43,150,29,0.9,0.9309,0.4011,False
PS,43,150,29,0.95,0.9601,0.4163,False
PS,43,150,30,0.8,0.8738,0.3745,False
PS,43,150,30,0.9,0.9454,0.4088,False
PS,43,150,30,0.95,0.9888,0.4362,False
PS,43,150,31,0.8,0.8738,0.3745,False
PS,43,150,31,0.9,0.9454,0.4088,False
PS,43,150,31,0.95,0.9713,0.4228,False
PS,43,150,32,0.8,0.8738,0.3745,False
PS,43,150,32,0.9,0.9309,0.4011,False
PS,43,150,32,0.95,0.9713,0.4228,False
PS,43,150,33,0.8,0.8738,0.3745,False
PS,43,150,33,0.9,0.9309,0.4011,False
PS,43,150,33,0.95,0.9454,0.4088,False
PS,43,150,34,0.8,0.8738,0.3745,False
PS,43,150,34,0.9,0.9309,0.4011,False
PS,43,150,34,0.95,0.9601,0.4163,False
PS,43,150,35,0.8,0.8738,0.3745,False
PS,43,150,35,0.9,0.9309,0.4011,False
PS,43,150,35,0.95,0.9601,0.4163,False
PS,43,150,36,0.8,0.8738,0.3745,False
PS,43,150,36,0.9,0.8738,0.3745,False
PS,43,150,36,0.95,0.9601,0.4163,False
PS,43,150,37,0.8,0.8738,0.3745,False
PS,43,150,37,0.9,0.9309,0.4011,False
PS,43,150,37,0.95,0.9601,0.4163,False
PS,43,150,38,0.8,0.8738,0.3745,False
PS,43,150,38,0.9,0.9309,0.4011,False
PS,43,150,38,0.95,0.9888,0.4362,False
PS,43,150,39,0.8,0.8738,0.3745,False
PS,43,150,39,0.9,0.9309,0.4011,False
PS,43,150,39,0.95,0.9454,0.4088,False
PS,43,250,0,0.8,0.8738,0.3745,False
PS,43,250,0,0.9,0.9309,0.4011,False
PS,43,250,0,0.95,0.9713,0.4228,False
PS,43,250,1,0.8,0.8738,0.3745,False
PS,43,250,1,0.9,0.9309,0.4011,False
PS,43,250,1,0.95,0.9601,0.4163,False
PS,43,250,2,0.8,0.8738,0.3745,False
PS,43,250,2,0.9,0.9309,0.4011,False
PS,43,250,2,0.95,0.9601,0.4163,False
PS,43,250,3,0.8,0.8738,0.3745,False
PS,43,250,3,0.9,0.9309,0.4011,False
PS,43,250,3,0.95,0.9713,0.4228,False
PS,43,250,4,0.8,0.8738,0.3745,False
PS,43,250,4,0.9,0.9309,0.4011,False
PS,43,250,4,0.95,0.9601,0.4163,False
PS,43,250,5,0.8,0.8738,0.3745,False
PS,43,250,5,0.9,0.9309,0.4011,False
PS,43,250,5,0.95,0.9601,0.4163,False
PS,43,250,6,0.8,0.8738,0.3745,False
PS,43,250,6,0.9,0.8738,0.3745,False
PS,43,250,6,0.95,0.9309,0.4011,False
PS,43,250,7,0.8,0.8738,0.3745,False
PS,43,250,7,0.9,0.9309,0.4011,False
PS,43,250,7,0.95,0.9601,0.4163,False
PS,43,250,8,0.8,0.8738,0.3745,False
PS,43,250,8,0.9,0.9309,0.4011,False
PS,43,250,8,0.95,0.9713,0.4228,False
PS,43,250,9,0.8,0.8738,0.3745,False
PS,43,250,9,0.9,0.9309,0.4011,False
PS,43,250,9,0.95,0.9454,0.4088,False
PS,43,250,10,0.8,0.8738,0.3745,False
PS,43,250,10,0.9,0.9309,0.4011,False
PS,43,250,10,0.95,0.9601,0.4163,False
PS,43,250,11,0.8,0.8738,0.3745,False
PS,43,250,11,0.9,0.9309,0.4011,False
PS,43,250,11,0.95,0.9713,0.4228,False
PS,43,250,12,0.8,0.8738,0.3745,False
PS,43,250,12,0.9,0.8738,0.3745,False
PS,43,250,12,0.95,0.9601,0.4163,False
PS,43,250,13,0.8,0.8738,0.3745,False
PS,43,250,13,0.9,0.9309,0.4011,False
PS,43,250,13,0.95,0.9713,0.4228,False
PS,43,250,14,0.8,0.8738,0.3745,False
PS,43,250,14,0.9,0.9309,0.4011,False
PS,43,250,14,0.95,0.9713,0.4228,False
PS,43,250,15,0.8,0.8738,0.3745,False
PS,43,250,15,0.9,0.9309,0.4011,False
PS,43,250,15,0.95,0.9601,0.4163,False
PS,43,250,16,0.8,0.8738,0.3745,False
PS,43,250,16,0.9,0.9309,0.4011,False
PS,43,250,16,0.95,0.9601,0.4163,False
PS,43,250,17,0.8,0.8738,0.3745,False
PS,43,250,17,0.9,0.9309,0.4011,False
PS,43,250,17,0.95,0.9601,0.4163,False
PS,43,250,18,0.8,0.8738,0.3745,False
PS,43,250,18,0.9,0.9309,0.4011,False
PS,43,250,18,0.95,0.9713,0.4228,False
PS,43,250,19,0.8,0.8738,0.3745,False
PS,43,250,19,0.9,0.9309,0.4011,False
PS,43,250,19,0.95,0.9601,0.4163,False
PS,43,250,20,0.8,0.8738,0.3745,False
PS,43,250,20,0.9,0.9309,0.4011,False
PS,43,250,20,0.95,0.9601,0.4163,False
PS,43,250,21,0.8,0.8738,0.3745,False
PS,43,250,21,0.9,0.9309,0.4011,False
PS,43,250,21,0.95,0.9454,0.4088,False
PS,43,250,22,0.8,0.8738,0.3745,False
PS,43,250,22,0.9,0.9309,0.4011,False
PS,43,250,22,0.95,0.9713,0.4228,False
PS,43,250,23,0.8,0.8738,0.3745,False
PS,43,250,23,0.9,0.9309,0.4011,False
PS,43,250,23,0.95,0.9713,0.4228,False
PS,43,250,24,0.8,0.8738,0.3745,False
PS,43,250,24,0.9,0.9309,0.4011,False
PS,43,250,24,0.95,0.9601,0.4163,False
PS,43,250,25,0.8,0.8738,0.3745,False
PS,43,250,25,0.9,0.9309,0.4011,False
PS,43,250,25,0.95,0.9713,0.4228,False
PS,43,250,26,0.8,0.8738,0.3745,False
PS,43,250,26,0.9,0.9309,0.4011,False
PS,43,250,26,0.95,0.9601,0.4163,False
PS,43,250,27,0.8,0.8738,0.3745,False
PS,43,250,27,0.9,0.9309,0.4011,False
PS,43,250,27,0.95,0.9454,0.4088,False
PS,43,250,28,0.8,0.8738,0.3745,False
PS,43,250,28,0.9,0.9309,0.4011,False
PS,43,250,28,0.95,0.9601,0.4163,False
PS,43,250,29,0.8,0.8738,0.3745,False
PS,43,250,29,0.9,0.8738,0.3745,False
PS,43,250,29,0.95,0.9454,0.4088,False
PS,43,250,30,0.8,0.8738,0.3745,False
PS,43,250,30,0.9,0.9309,0.4011,False
PS,43,250,30,0.95,0.9601,0.4163,False
PS,43,250,31,0.8,0.8738,0.3745,False
PS,43,250,31,0.9,0.9309,0.4011,False
PS,43,250,31,0.95,0.9454,0.4088,False
PS,43,250,32,0.8,0.8738,0.3745,False
PS,43,250,32,0.9,0.9309,0.4011,False
PS,43,250,32,0.95,0.9713,0.4228,False
PS,43,250,33,0.8,0.8738,0.3745,False
PS,43,250,33,0.9,0.9309,0.4011,False
PS,43,250,33,0.95,0.9601,0.4163,False
PS,43,250,34,0.8,0.8738,0.3745,False
PS,43,250,34,0.9,0.9309,0.4011,False
PS,43,250,34,0.95,0.9888,0.4362,False
PS,43,250,35,0.8,0.8738,0.3745,False
PS,43,250,35,0.9,0.9309,0.4011,False
PS,43,250,35,0.95,0.9454,0.4088,False
PS,43,250,36,0.8,0.8738,0.3745,False
PS,43,250,36,0.9,0.9309,0.4011,False
PS,43,250,36,0.95,0.9601,0.4163,False
PS,43,250,37,0.8,0.8738,0.3745,False
PS,43,250,37,0.9,0.9309,0.4011,False
PS,43,250,37,0.95,0.9601,0.4163,False
PS,43,250,38,0.8,0.8738,0.3745,False
PS,43,250,38,0.9,0.9309,0.4011,False
PS,43,250,38,0.95,0.9601,0.4163,False
PS,43,250,39,0.8,0.8738,0.3745,False
PS,43,250,39,0.9,0.9309,0.4011,False
PS,43,250,39,0.95,0.9454,0.4088,False
PS,43,500,0,0.8,0.8738,0.3745,False
PS,43,500,0,0.9,0.9309,0.4011,False
PS,43,500,0,0.95,0.9601,0.4163,False
PS,43,500,1,0.8,0.8738,0.3745,False
PS,43,500,1,0.9,0.9309,0.4011,False
PS,43,500,1,0.95,0.9601,0.4163,False
PS,43,500,2,0.8,0.8738,0.3745,False
PS,43,500,2,0.9,0.9309,0.4011,False
PS,43,500,2,0.95,0.9601,0.4163,False
PS,43,500,3,0.8,0.8738,0.3745,False
PS,43,500,3,0.9,0.9309,0.4011,False
PS,43,500,3,0.95,0.9601,0.4163,False
PS,43,500,4,0.8,0.8738,0.3745,False
PS,43,500,4,0.9,0.9309,0.4011,False
PS,43,500,4,0.95,0.9601,0.4163,False
PS,43,500,5,0.8,0.8738,0.3745,False
PS,43,500,5,0.9,0.9309,0.4011,False
PS,43,500,5,0.95,0.9601,0.4163,False
PS,43,500,6,0.8,0.8738,0.3745,False
PS,43,500,6,0.9,0.9309,0.4011,False
PS,43,500,6,0.95,0.9601,0.4163,False
PS,43,500,7,0.8,0.8738,0.3745,False
PS,43,500,7,0.9,0.9309,0.4011,False
PS,43,500,7,0.95,0.9454,0.4088,False
PS,43,500,8,0.8,0.8738,0.3745,False
PS,43,500,8,0.9,0.9309,0.4011,False
PS,43,500,8,0.95,0.9601,0.4163,False
PS,43,500,9,0.8,0.8738,0.3745,False
PS,43,500,9,0.9,0.9309,0.4011,False
PS,43,500,9,0.95,0.9454,0.4088,False
PS,43,500,10,0.8,0.8738,0.3745,False
PS,43,500,10,0.9,0.9309,0.4011,False
PS,43,500,10,0.95,0.9601,0.4163,False
PS,43,500,11,0.8,0.8738,0.3745,False
PS,43,500,11,0.9,0.9309,0.4011,False
PS,43,500,11,0.95,0.9454,0.4088,False
PS,43,500,12,0.8,0.8738,0.3745,False
PS,43,500,12,0.9,0.9309,0.4011,False
PS,43,500,12,0.95,0.9601,0.4163,False
PS,43,500,13,0.8,0.8738,0.3745,False
PS,43,500,13,0.9,0.9309,0.4011,False
PS,43,500,13,0.95,0.9601,0.4163,False
PS,43,500,14,0.8,0.8738,0.3745,False
PS,43,500,14,0.9,0.9309,0.4011,False
PS,43,500,14,0.95,0.9601,0.4163,False
PS,43,500,15,0.8,0.8738,0.3745,False
PS,43,500,15,0.9,0.9309,0.4011,False
PS,43,500,15,0.95,0.9601,0.4163,False
PS,43,500,16,0.8,0.8738,0.3745,False
PS,43,500,16,0.9,0.9309,0.4011,False
PS,43,500,16,0.95,0.9601,0.4163,False
PS,43,500,17,0.8,0.8738,0.3745,False
PS,43,500,17,0.9,0.9309,0.4011,False
PS,43,500,17,0.95,0.9601,0.4163,False
PS,43,500,18,0.8,0.8738,0.3745,False
PS,43,500,18,0.9,0.9309,0.4011,False
PS,43,500,18,0.95,0.9601,0.4163,False
PS,43,500,19,0.8,0.8738,0.3745,False
PS,43,500,19,0.9,0.9309,0.4011,False
PS,43,500,19,0.95,0.9601,0.4163,False
PS,43,500,20,0.8,0.8738,0.3745,False
PS,43,500,20,0.9,0.9309,0.4011,False
PS,43,500,20,0.95,0.9601,0.4163,False
PS,43,500,21,0.8,0.8738,0.3745,False
PS,43,500,21,0.9,0.9309,0.4011,False
PS,43,500,21,0.95,0.9601,0.4163,False
PS,43,500,22,0.8,0.8738,0.3745,False
PS,43,500,22,0.9,0.9309,0.4011,False
PS,43,500,22,0.95,0.9454,0.4088,False
PS,43,500,23,0.8,0.8738,0.3745,False
PS,43,500,23,0.9,0.9309,0.4011,False
PS,43,500,23,0.95,0.9601,0.4163,False
PS,43,500,24,0.8,0.8738,0.3745,False
PS,43,500,24,0.9,0.9309,0.4011,False
PS,43,500,24,0.95,0.9601,0.4163,False
PS,43,500,25,0.8,0.8738,0.3745,False
PS,43,500,25,0.9,0.9309,0.4011,False
PS,43,500,25,0.95,0.9601,0.4163,False
PS,43,500,26,0.8,0.8738,0.3745,False
PS,43,500,26,0.9,0.9309,0.4011,False
PS,43,500,26,0.95,0.9601,0.4163,False
PS,43,500,27,0.8,0.8738,0.3745,False
PS,43,500,27,0.9,0.9309,0.4011,False
PS,43,500,27,0.95,0.9601,0.4163,False
PS,43,500,28,0.8,0.8738,0.3745,False
PS,43,500,28,0.9,0.9309,0.4011,False
PS,43,500,28,0.95,0.9601,0.4163,False
PS,43,500,29,0.8,0.8738,0.3745,False
PS,43,500,29,0.9,0.9309,0.4011,False
PS,43,500,29,0.95,0.9601,0.4163,False
PS,43,500,30,0.8,0.8738,0.3745,False
PS,43,500,30,0.9,0.9309,0.4011,False
PS,43,500,30,0.95,0.9601,0.4163,False
PS,43,500,31,0.8,0.8738,0.3745,False
PS,43,500,31,0.9,0.9309,0.4011,False
PS,43,500,31,0.95,0.9601,0.4163,False
PS,43,500,32,0.8,0.8738,0.3745,False
PS,43,500,32,0.9,0.9309,0.4011,False
PS,43,500,32,0.95,0.9601,0.4163,False
PS,43,500,33,0.8,0.8738,0.3745,False
PS,43,500,33,0.9,0.9309,0.4011,False
PS,43,500,33,0.95,0.9601,0.4163,False
PS,43,500,34,0.8,0.8738,0.3745,False
PS,43,500,34,0.9,0.9309,0.4011,False
PS,43,500,34,0.95,0.9601,0.4163,False
PS,43,500,35,0.8,0.8738,0.3745,False
PS,43,500,35,0.9,0.9309,0.4011,False
PS,43,500,35,0.95,0.9601,0.4163,False
PS,43,500,36,0.8,0.8738,0.3745,False
PS,43,500,36,0.9,0.9309,0.4011,False
PS,43,500,36,0.95,0.9454,0.4088,False
PS,43,500,37,0.8,0.8738,0.3745,False
PS,43,500,37,0.9,0.9309,0.4011,False
PS,43,500,37,0.95,0.9601,0.4163,False
PS,43,500,38,0.8,0.8738,0.3745,False
PS,43,500,38,0.9,0.9309,0.4011,False
PS,43,500,38,0.95,0.9601,0.4163,False
PS,43,500,39,0.8,0.8738,0.3745,False
PS,43,500,39,0.9,0.9309,0.4011,False
PS,43,500,39,0.95,0.9601,0.4163,False
PS,43,562,0,0.8,0.8738,0.3745,False
PS,43,562,0,0.9,0.9309,0.4011,False
PS,43,562,0,0.95,0.9601,0.4163,False
PS,44,10,0,0.8,0.9533,0.4122,False
PS,44,10,0,0.9,0.9533,0.4122,False
PS,44,10,0,0.95,0.9533,0.4122,False
PS,44,10,1,0.8,0.8331,0.3556,False
PS,44,10,1,0.9,0.8331,0.3556,False
PS,44,10,1,0.95,0.8331,0.3556,False
PS,44,10,2,0.8,0.9149,0.3941,False
PS,44,10,2,0.9,0.9149,0.3941,False
PS,44,10,2,0.95,0.9149,0.3941,False
PS,44,10,3,0.8,0.9913,0.4382,False
PS,44,10,3,0.9,0.9913,0.4382,False
PS,44,10,3,0.95,0.9913,0.4382,False
PS,44,10,4,0.8,0.9149,0.3941,False
PS,44,10,4,0.9,0.9149,0.3941,False
PS,44,10,4,0.95,0.9149,0.3941,False
PS,44,10,5,0.8,0.9149,0.3941,False
PS,44,10,5,0.9,0.9149,0.3941,False
PS,44,10,5,0.95,0.9149,0.3941,False
PS,44,10,6,0.8,0.9533,0.4122,False
PS,44,10,6,0.9,0.9533,0.4122,False
PS,44,10,6,0.95,0.9533,0.4122,False
PS,44,10,7,0.8,0.9149,0.3941,False
PS,44,10,7,0.9,0.9149,0.3941,False
PS,44,10,7,0.95,0.9149,0.3941,False
PS,44,10,8,0.8,0.8331,0.3556,False
PS,44,10,8,0.9,0.8331,0.3556,False
PS,44,10,8,0.95,0.8331,0.3556,False
PS,44,10,9,0.8,0.9152,0.3942,False
PS,44,10,9,0.9,0.9152,0.3942,False
PS,44,10,9,0.95,0.9152,0.3942,False
PS,44,10,10,0.8,0.9149,0.3941,False
PS,44,10,10,0.9,0.9149,0.3941,False
PS,44,10,10,0.95,0.9149,0.3941,False
PS,44,10,11,0.8,0.9149,0.3941,False
PS,44,10,11,0.9,0.9149,0.3941,False
PS,44,10,11,0.95,0.9149,0.3941,False
PS,44,10,12,0.8,0.9533,0.4122,False
PS,44,10,12,0.9,0.9533,0.4122,False
PS,44,10,12,0.95,0.9533,0.4122,False
PS,44,10,13,0.8,0.8331,0.3556,False
PS,44,10,13,0.9,0.8331,0.3556,False
PS,44,10,13,0.95,0.8331,0.3556,False
PS,44,10,14,0.8,0.7919,0.3365,False
PS,44,10,14,0.9,0.7919,0.3365,False
PS,44,10,14,0.95,0.7919,0.3365,False
PS,44,10,15,0.8,0.7919,0.3365,False
PS,44,10,15,0.9,0.7919,0.3365,False
PS,44,10,15,0.95,0.7919,0.3365,False
PS,44,10,16,0.8,0.9149,0.3941,False
PS,44,10,16,0.9,0.9149,0.3941,False
PS,44,10,16,0.95,0.9149,0.3941,False
PS,44,10,17,0.8,0.7919,0.3365,False
PS,44,10,17,0.9,0.7919,0.3365,False
PS,44,10,17,0.95,0.7919,0.3365,False
PS,44,10,18,0.8,0.9149,0.3941,False
PS,44,10,18,0.9,0.9149,0.3941,False
PS,44,10,18,0.95,0.9149,0.3941,False
PS,44,10,19,0.8,0.6816,0.2868,False
PS,44,10,19,0.9,0.6816,0.2868,False
PS,44,10,19,0.95,0.6816,0.2868,False
PS,44,10,20,0.8,0.9998,2.9588,False
PS,44,10,20,0.9,0.9998,2.9588,False
PS,44,10,20,0.95,0.9998,2.9588,False
PS,44,10,21,0.8,0.9149,0.3941,False
PS,44,10,21,0.9,0.9149,0.3941,False
PS,44,10,21,0.95,0.9149,0.3941,False
PS,44,10,22,0.8,0.9533,0.4122,False
PS,44,10,22,0.9,0.9533,0.4122,False
PS,44,10,22,0.95,0.9533,0.4122,False
PS,44,10,23,0.8,0.9149,0.3941,False
PS,44,10,23,0.9,0.9149,0.3941,False
PS,44,10,23,0.95,0.9149,0.3941,False
PS,44,10,24,0.8,0.9149,0.3941,False
PS,44,10,24,0.9,0.9149,0.3941,False
PS,44,10,24,0.95,0.9149,0.3941,False
PS,44,10,25,0.8,0.9626,0.4176,False
PS,44,10,25,0.9,0.9626,0.4176,False
PS,44,10,25,0.95,0.9626,0.4176,False
PS,44,10,26,0.8,0.7919,0.3365,False
PS,44,10,26,0.9,0.7919,0.3365,False
PS,44,10,26,0.95,0.7919,0.3365,False
PS,44,10,27,0.8,0.9626,0.4176,False
PS,44,10,27,0.9,0.9626,0.4176,False
PS,44,10,27,0.95,0.9626,0.4176,False
PS,44,10,28,0.8,0.9533,0.4122,False
PS,44,10,28,0.9,0.9533,0.4122,False
PS,44,10,28,0.95,0.9533,0.4122,False
PS,44,10,29,0.8,0.9913,0.4382,False
PS,44,10,29,0.9,0.9913,0.4382,False
PS,44,10,29,0.95,0.9913,0.4382,False
PS,44,10,30,0.8,0.9913,0.4382,False
PS,44,10,30,0.9,0.9913,0.4382,False
PS,44,10,30,0.95,0.9913,0.4382,False
PS,44,10,31,0.8,0.9913,0.4382,False
PS,44,10,31,0.9,0.9913,0.4382,False
PS,44,10,31,0.95,0.9913,0.4382,False
PS,44,10,32,0.8,0.9149,0.3941,False
PS,44,10,32,0.9,0.9149,0.3941,False
PS,44,10,32,0.95,0.9149,0.3941,False
PS,44,10,33,0.8,0.9626,0.4176,False
PS,44,10,33,0.9,0.9626,0.4176,False
PS,44,10,33,0.95,0.9626,0.4176,False
PS,44,10,34,0.8,0.8331,0.3556,False
PS,44,10,34,0.9,0.8331,0.3556,False
PS,44,10,34,0.95,0.8331,0.3556,False
PS,44,10,35,0.8,0.9626,0.4176,False
PS,44,10,35,0.9,0.9626,0.4176,False
PS,44,10,35,0.95,0.9626,0.4176,False
PS,44,10,36,0.8,0.9149,0.3941,False
PS,44,10,36,0.9,0.9149,0.3941,False
PS,44,10,36,0.95,0.9149,0.3941,False
PS,44,10,37,0.8,0.9149,0.3941,False
PS,44,10,37,0.9,0.9149,0.3941,False
PS,44,10,37,0.95,0.9149,0.3941,False
PS,44,10,38,0.8,0.9998,2.9588,False
PS,44,10,38,0.9,0.9998,2.9588,False
PS,44,10,38,0.95,0.9998,2.9588,False
PS,44,10,39,0.8,0.9149,0.3941,False
PS,44,10,39,0.9,0.9149,0.3941,False
PS,44,10,39,0.95,0.9149,0.3941,False
PS,44,15,0,0.8,0.9626,0.4176,False
PS,44,15,0,0.9,0.9998,2.9588,False
PS,44,15,0,0.95,0.9998,2.9588,False
PS,44,15,1,0.8,0.9626,0.4176,False
PS,44,15,1,0.9,0.9626,0.4176,False
PS,44,15,1,0.95,0.9626,0.4176,False
PS,44,15,2,0.8,0.9149,0.3941,False
PS,44,15,2,0.9,0.9913,0.4382,False
PS,44,15,2,0.95,0.9913,0.4382,False
PS,44,15,3,0.8,0.7919,0.3365,False
PS,44,15,3,0.9,0.9149,0.3941,False
PS,44,15,3,0.95,0.9149,0.3941,False
PS,44,15,4,0.8,0.9149,0.3941,False
PS,44,15,4,0.9,0.9533,0.4122,False
PS,44,15,4,0.95,0.9533,0.4122,False
PS,44,15,5,0.8,0.9533,0.4122,False
PS,44,15,5,0.9,0.9551,0.4129,False
PS,44,15,5,0.95,0.9551,0.4129,False
PS,44,15,6,0.8,0.9149,0.3941,False
PS,44,15,6,0.9,0.9533,0.4122,False
PS,44,15,6,0.95,0.9533,0.4122,False
PS,44,15,7,0.8,0.9149,0.3941,False
PS,44,15,7,0.9,0.9913,0.4382,False
PS,44,15,7,0.95,0.9913,0.4382,False
PS,44,15,8,0.8,0.8331,0.3556,False
PS,44,15,8,0.9,0.9149,0.3941,False
PS,44,15,8,0.95,0.9149,0.3941,False
PS,44,15,9,0.8,0.8331,0.3556,False
PS,44,15,9,0.9,0.9913,0.4382,False
PS,44,15,9,0.95,0.9913,0.4382,False
PS,44,15,10,0.8,0.9149,0.3941,False
PS,44,15,10,0.9,0.9149,0.3941,False
PS,44,15,10,0.95,0.9149,0.3941,False
PS,44,15,11,0.8,0.7919,0.3365,False
PS,44,15,11,0.9,0.7919,0.3365,False
PS,44,15,11,0.95,0.7919,0.3365,False
PS,44,15,12,0.8,0.9149,0.3941,False
PS,44,15,12,0.9,0.9721,0.4238,False
PS,44,15,12,0.95,0.9721,0.4238,False
PS,44,15,13,0.8,0.9149,0.3941,False
PS,44,15,13,0.9,0.9533,0.4122,False
PS,44,15,13,0.95,0.9533,0.4122,False
PS,44,15,14,0.8,0.7236,0.3056,False
PS,44,15,14,0.9,0.9149,0.3941,False
PS,44,15,14,0.95,0.9149,0.3941,False
PS,44,15,15,0.8,0.9533,0.4122,False
PS,44,15,15,0.9,0.9913,0.4382,False
PS,44,15,15,0.95,0.9913,0.4382,False
PS,44,15,16,0.8,0.8356,0.3568,False
PS,44,15,16,0.9,0.9998,2.9588,False
PS,44,15,16,0.95,0.9998,2.9588,False
PS,44,15,17,0.8,0.7919,0.3365,False
PS,44,15,17,0.9,0.9626,0.4176,False
PS,44,15,17,0.95,0.9626,0.4176,False
PS,44,15,18,0.8,0.7919,0.3365,False
PS,44,15,18,0.9,0.9913,0.4382,False
PS,44,15,18,0.95,0.9913,0.4382,False
PS,44,15,19,0.8,0.9149,0.3941,False
PS,44,15,19,0.9,0.9998,2.9588,False
PS,44,15,19,0.95,0.9998,2.9588,False
PS,44,15,20,0.8,0.9149,0.3941,False
PS,44,15,20,0.9,0.9149,0.3941,False
PS,44,15,20,0.95,0.9149,0.3941,False
PS,44,15,21,0.8,0.7919,0.3365,False
PS,44,15,21,0.9,0.9913,0.4382,False
PS,44,15,21,0.95,0.9913,0.4382,False
PS,44,15,22,0.8,0.6644,0.2791,False
PS,44,15,22,0.9,0.9149,0.3941,False
PS,44,15,22,0.95,0.9149,0.3941,False
PS,44,15,23,0.8,0.9149,0.3941,False
PS,44,15,23,0.9,0.9149,0.3941,False
PS,44,15,23,0.95,0.9149,0.3941,False
PS,44,15,24,0.8,0.8331,0.3556,False
PS,44,15,24,0.9,0.9149,0.3941,False
PS,44,15,24,0.95,0.9149,0.3941,False
PS,44,15,25,0.8,0.9149,0.3941,False
PS,44,15,25,0.9,0.9913,0.4382,False
PS,44,15,25,0.95,0.9913,0.4382,False
PS,44,15,26,0.8,0.9149,0.3941,False
PS,44,15,26,0.9,0.9149,0.3941,False
PS,44,15,26,0.95,0.9149,0.3941,False
PS,44,15,27,0.8,0.6644,0.2791,False
PS,44,15,27,0.9,0.8331,0.3556,False
PS,44,15,27,0.95,0.8331,0.3556,False
PS,44,15,28,0.8,0.9533,0.4122,False
PS,44,15,28,0.9,0.9626,0.4176,False
PS,44,15,28,0.95,0.9626,0.4176,False
PS,44,15,29,0.8,0.9626,0.4176,False
PS,44,15,29,0.9,0.9913,0.4382,False
PS,44,15,29,0.95,0.9913,0.4382,False
PS,44,15,30,0.8,0.9149,0.3941,False
PS,44,15,30,0.9,0.9913,0.4382,False
PS,44,15,30,0.95,0.9913,0.4382,False
PS,44,15,31,0.8,0.9149,0.3941,False
PS,44,15,31,0.9,0.9913,0.4382,False
PS,44,15,31,0.95,0.9913,0.4382,False
PS,44,15,32,0.8,0.9149,0.3941,False
PS,44,15,32,0.9,0.9152,0.3942,False
PS,44,15,32,0.95,0.9152,0.3942,False
PS,44,15,33,0.8,0.7919,0.3365,False
PS,44,15,33,0.9,0.8331,0.3556,False
PS,44,15,33,0.95,0.8331,0.3556,False
PS,44,15,34,0.8,0.7236,0.3056,False
PS,44,15,34,0.9,0.9149,0.3941,False
PS,44,15,34,0.95,0.9149,0.3941,False
PS,44,15,35,0.8,0.9149,0.3941,False
PS,44,15,35,0.9,0.9533,0.4122,False
PS,44,15,35,0.95,0.9533,0.4122,False
PS,44,15,36,0.8,0.9149,0.3941,False
PS,44,15,36,0.9,0.9149,0.3941,False
PS,44,15,36,0.95,0.9149,0.3941,False
PS,44,15,37,0.8,0.9149,0.3941,False
PS,44,15,37,0.9,0.9149,0.3941,False
PS,44,15,37,0.95,0.9149,0.3941,False
PS,44,15,38,0.8,0.9533,0.4122,False
PS,44,15,38,0.9,0.9626,0.4176,False
PS,44,15,38,0.95,0.9626,0.4176,False
PS,44,15,39,0.8,0.9149,0.3941,False
PS,44,15,39,0.9,0.9149,0.3941,False
PS,44,15,39,0.95,0.9149,0.3941,False
PS,44,20,0,0.8,0.9149,0.3941,False
PS,44,20,0,0.9,0.9913,0.4382,False
PS,44,20,0,0.95,0.9913,0.4382,False
PS,44,20,1,0.8,0.7236,0.3056,False
PS,44,20,1,0.9,0.9149,0.3941,False
PS,44,20,1,0.95,0.9149,0.3941,False
PS,44,20,2,0.8,0.7919,0.3365,False
PS,44,20,2,0.9,0.8331,0.3556,False
PS,44,20,2,0.95,0.8331,0.3556,False
PS,44,20,3,0.8,0.9626,0.4176,False
PS,44,20,3,0.9,0.9998,2.9588,False
PS,44,20,3,0.95,0.9998,2.9588,False
PS,44,20,4,0.8,0.7919,0.3365,False
PS,44,20,4,0.9,0.9913,0.4382,False
PS,44,20,4,0.95,0.9913,0.4382,False
PS,44,20,5,0.8,0.8331,0.3556,False
PS,44,20,5,0.9,0.9913,0.4382,False
PS,44,20,5,0.95,0.9913,0.4382,False
PS,44,20,6,0.8,0.8331,0.3556,False
PS,44,20,6,0.9,0.9551,0.4129,False
PS,44,20,6,0.95,0.9551,0.4129,False
PS,44,20,7,0.8,0.9149,0.3941,False
PS,44,20,7,0.9,0.9998,2.9588,False
PS,44,20,7,0.95,0.9998,2.9588,False
PS,44,20,8,0.8,0.7919,0.3365,False
PS,44,20,8,0.9,0.9149,0.3941,False
PS,44,20,8,0.95,0.9149,0.3941,False
PS,44,20,9,0.8,0.7919,0.3365,False
PS,44,20,9,0.9,0.9533,0.4122,False
PS,44,20,9,0.95,0.9533,0.4122,False
PS,44,20,10,0.8,0.8331,0.3556,False
PS,44,20,10,0.9,0.9149,0.3941,False
PS,44,20,10,0.95,0.9149,0.3941,False
PS,44,20,11,0.8,0.9149,0.3941,False
PS,44,20,11,0.9,0.9913,0.4382,False
PS,44,20,11,0.95,0.9913,0.4382,False
PS,44,20,12,0.8,0.9533,0.4122,False
PS,44,20,12,0.9,0.9626,0.4176,False
PS,44,20,12,0.95,0.9626,0.4176,False
PS,44,20,13,0.8,0.9533,0.4122,False
PS,44,20,13,0.9,0.9998,2.9588,False
PS,44,20,13,0.95,0.9998,2.9588,False
PS,44,20,14,0.8,0.9149,0.3941,False
PS,44,20,14,0.9,0.9149,0.3941,False
PS,44,20,14,0.95,0.9149,0.3941,False
PS,44,20,15,0.8,0.7919,0.3365,False
PS,44,20,15,0.9,0.9149,0.3941,False
PS,44,20,15,0.95,0.9149,0.3941,False
PS,44,20,16,0.8,0.8331,0.3556,False
PS,44,20,16,0.9,0.9149,0.3941,False
PS,44,20,16,0.95,0.9149,0.3941,False
PS,44,20,17,0.8,0.8331,0.3556,False
PS,44,20,17,0.9,0.9152,0.3942,False
PS,44,20,17,0.95,0.9152,0.3942,False
PS,44,20,18,0.8,0.7919,0.3365,False
PS,44,20,18,0.9,0.9913,0.4382,False
PS,44,20,18,0.95,0.9913,0.4382,False
PS,44,20,19,0.8,0.8331,0.3556,False
PS,44,20,19,0.9,0.9626,0.4176,False
PS,44,20,19,0.95,0.9626,0.4176,False
PS,44,20,20,0.8,0.9149,0.3941,False
PS,44,20,20,0.9,0.9533,0.4122,False
PS,44,20,20,0.95,0.9533,0.4122,False
PS,44,20,21,0.8,0.7919,0.3365,False
PS,44,20,21,0.9,0.9149,0.3941,False
PS,44,20,21,0.95,0.9149,0.3941,False
PS,44,20,22,0.8,0.7919,0.3365,False
PS,44,20,22,0.9,0.9626,0.4176,False
PS,44,20,22,0.95,0.9626,0.4176,False
PS,44,20,23,0.8,0.9551,0.4129,False
PS,44,20,23,0.9,0.9913,0.4382,False
PS,44,20,23,0.95,0.9913,0.4382,False
PS,44,20,24,0.8,0.6644,0.2791,False
PS,44,20,24,0.9,0.7919,0.3365,False
PS,44,20,24,0.95,0.7919,0.3365,False
PS,44,20,25,0.8,0.8331,0.3556,False
PS,44,20,25,0.9,0.9913,0.4382,False
PS,44,20,25,0.95,0.9913,0.4382,False
PS,44,20,26,0.8,0.9149,0.3941,False
PS,44,20,26,0.9,0.9626,0.4176,False
PS,44,20,26,0.95,0.9626,0.4176,False
PS,44,20,27,0.8,0.9149,0.3941,False
PS,44,20,27,0.9,0.9533,0.4122,False
PS,44,20,27,0.95,0.9533,0.4122,False
PS,44,20,28,0.8,0.9149,0.3941,False
PS,44,20,28,0.9,0.9913,0.4382,False
PS,44,20,28,0.95,0.9913,0.4382,False
PS,44,20,29,0.8,0.9149,0.3941,False
PS,44,20,29,0.9,0.9721,0.4238,False
PS,44,20,29,0.95,0.9721,0.4238,False
PS,44,20,30,0.8,0.7919,0.3365,False
PS,44,20,30,0.9,0.9149,0.3941,False
PS,44,20,30,0.95,0.9149,0.3941,False
PS,44,20,31,0.8,0.8331,0.3556,False
PS,44,20,31,0.9,0.9913,0.4382,False
PS,44,20,31,0.95,0.9913,0.4382,False
PS,44,20,32,0.8,0.8331,0.3556,False
PS,44,20,32,0.9,0.9913,0.4382,False
PS,44,20,32,0.95,0.9913,0.4382,False
PS,44,20,33,0.8,0.8331,0.3556,False
PS,44,20,33,0.9,0.9149,0.3941,False
PS,44,20,33,0.95,0.9149,0.3941,False
PS,44,20,34,0.8,0.9149,0.3941,False
PS,44,20,34,0.9,0.9149,0.3941,False
PS,44,20,34,0.95,0.9149,0.3941,False
PS,44,20,35,0.8,0.8331,0.3556,False
PS,44,20,35,0.9,0.9626,0.4176,False
PS,44,20,35,0.95,0.9626,0.4176,False
PS,44,20,36,0.8,0.9149,0.3941,False
PS,44,20,36,0.9,0.9913,0.4382,False
PS,44,20,36,0.95,0.9913,0.4382,False
PS,44,20,37,0.8,0.8331,0.3556,False
PS,44,20,37,0.9,0.9149,0.3941,False
PS,44,20,37,0.95,0.9149,0.3941,False
PS,44,20,38,0.8,0.9149,0.3941,False
PS,44,20,38,0.9,0.9533,0.4122,False
PS,44,20,38,0.95,0.9533,0.4122,False
PS,44,20,39,0.8,0.9149,0.3941,False
PS,44,20,39,0.9,0.9913,0.4382,False
PS,44,20,39,0.95,0.9913,0.4382,False
PS,44,25,0,0.8,0.9626,0.4176,False
PS,44,25,0,0.9,0.9913,0.4382,False
PS,44,25,0,0.95,0.9913,0.4382,False
PS,44,25,1,0.8,0.7236,0.3056,False
PS,44,25,1,0.9,0.9998,2.9588,False
PS,44,25,1,0.95,0.9998,2.9588,False
PS,44,25,2,0.8,0.9149,0.3941,False
PS,44,25,2,0.9,0.9948,0.4422,False
PS,44,25,2,0.95,0.9948,0.4422,False
PS,44,25,3,0.8,0.9533,0.4122,False
PS,44,25,3,0.9,0.9913,0.4382,False
PS,44,25,3,0.95,0.9913,0.4382,False
PS,44,25,4,0.8,0.8331,0.3556,False
PS,44,25,4,0.9,0.9913,0.4382,False
PS,44,25,4,0.95,0.9913,0.4382,False
PS,44,25,5,0.8,0.9149,0.3941,False
PS,44,25,5,0.9,0.9913,0.4382,False
PS,44,25,5,0.95,0.9913,0.4382,False
PS,44,25,6,0.8,0.9149,0.3941,False
PS,44,25,6,0.9,0.9913,0.4382,False
PS,44,25,6,0.95,0.9913,0.4382,False
PS,44,25,7,0.8,0.9149,0.3941,False
PS,44,25,7,0.9,0.9913,0.4382,False
PS,44,25,7,0.95,0.9913,0.4382,False
PS,44,25,8,0.8,0.8331,0.3556,False
PS,44,25,8,0.9,0.9626,0.4176,False
PS,44,25,8,0.95,0.9626,0.4176,False
PS,44,25,9,0.8,0.8331,0.3556,False
PS,44,25,9,0.9,0.9533,0.4122,False
PS,44,25,9,0.95,0.9533,0.4122,False
PS,44,25,10,0.8,0.9149,0.3941,False
PS,44,25,10,0.9,0.9913,0.4382,False
PS,44,25,10,0.95,0.9913,0.4382,False
PS,44,25,11,0.8,0.8331,0.3556,False
PS,44,25,11,0.9,0.9149,0.3941,False
PS,44,25,11,0.95,0.9149,0.3941,False
PS,44,25,12,0.8,0.9149,0.3941,False
PS,44,25,12,0.9,0.9626,0.4176,False
PS,44,25,12,0.95,0.9626,0.4176,False
PS,44,25,13,0.8,0.8331,0.3556,False
PS,44,25,13,0.9,0.9913,0.4382,False
PS,44,25,13,0.95,0.9913,0.4382,False
PS,44,25,14,0.8,0.6816,0.2868,False
PS,44,25,14,0.9,0.8331,0.3556,False
PS,44,25,14,0.95,0.8331,0.3556,False
PS,44,25,15,0.8,0.8331,0.3556,False
PS,44,25,15,0.9,0.9533,0.4122,False
PS,44,25,15,0.95,0.9533,0.4122,False
PS,44,25,16,0.8,0.8331,0.3556,False
PS,44,25,16,0.9,0.9149,0.3941,False
PS,44,25,16,0.95,0.9149,0.3941,False
PS,44,25,17,0.8,0.9149,0.3941,False
PS,44,25,17,0.9,0.9149,0.3941,False
PS,44,25,17,0.95,0.9149,0.3941,False
PS,44,25,18,0.8,0.9149,0.3941,False
PS,44,25,18,0.9,0.9948,0.4422,False
PS,44,25,18,0.95,0.9948,0.4422,False
PS,44,25,19,0.8,0.9149,0.3941,False
PS,44,25,19,0.9,0.9626,0.4176,False
PS,44,25,19,0.95,0.9626,0.4176,False
PS,44,25,20,0.8,0.9149,0.3941,False
PS,44,25,20,0.9,0.9626,0.4176,False
PS,44,25,20,0.95,0.9626,0.4176,False
PS,44,25,21,0.8,0.9533,0.4122,False
PS,44,25,21,0.9,0.9626,0.4176,False
PS,44,25,21,0.95,0.9626,0.4176,False
PS,44,25,22,0.8,0.9149,0.3941,False
PS,44,25,22,0.9,0.9626,0.4176,False
PS,44,25,22,0.95,0.9626,0.4176,False
PS,44,25,23,0.8,0.9626,0.4176,False
PS,44,25,23,0.9,0.9948,0.4422,False
PS,44,25,23,0.95,0.9948,0.4422,False
PS,44,25,24,0.8,0.8331,0.3556,False
PS,44,25,24,0.9,0.9913,0.4382,False
PS,44,25,24,0.95,0.9913,0.4382,False
PS,44,25,25,0.8,0.8331,0.3556,False
PS,44,25,25,0.9,0.9533,0.4122,False
PS,44,25,25,0.95,0.9533,0.4122,False
PS,44,25,26,0.8,0.8331,0.3556,False
PS,44,25,26,0.9,0.9626,0.4176,False
PS,44,25,26,0.95,0.9626,0.4176,False
PS,44,25,27,0.8,0.9626,0.4176,False
PS,44,25,27,0.9,0.9913,0.4382,False
PS,44,25,27,0.95,0.9913,0.4382,False
PS,44,25,28,0.8,0.9149,0.3941,False
PS,44,25,28,0.9,0.9533,0.4122,False
PS,44,25,28,0.95,0.9533,0.4122,False
PS,44,25,29,0.8,0.7919,0.3365,False
PS,44,25,29,0.9,0.9626,0.4176,False
PS,44,25,29,0.95,0.9626,0.4176,False
PS,44,25,30,0.8,0.8331,0.3556,False
PS,44,25,30,0.9,0.9913,0.4382,False
PS,44,25,30,0.95,0.9913,0.4382,False
PS,44,25,31,0.8,0.7236,0.3056,False
PS,44,25,31,0.9,0.9149,0.3941,False
PS,44,25,31,0.95,0.9149,0.3941,False
PS,44,25,32,0.8,0.7919,0.3365,False
PS,44,25,32,0.9,0.9149,0.3941,False
PS,44,25,32,0.95,0.9149,0.3941,False
PS,44,25,33,0.8,0.7919,0.3365,False
PS,44,25,33,0.9,0.9913,0.4382,False
PS,44,25,33,0.95,0.9913,0.4382,False
PS,44,25,34,0.8,0.8331,0.3556,False
PS,44,25,34,0.9,0.9149,0.3941,False
PS,44,25,34,0.95,0.9149,0.3941,False
PS,44,25,35,0.8,0.6816,0.2868,False
PS,44,25,35,0.9,0.8331,0.3556,False
PS,44,25,35,0.95,0.8331,0.3556,False
PS,44,25,36,0.8,0.8331,0.3556,False
PS,44,25,36,0.9,0.9626,0.4176,False
PS,44,25,36,0.95,0.9626,0.4176,False
PS,44,25,37,0.8,0.8331,0.3556,False
PS,44,25,37,0.9,0.9533,0.4122,False
PS,44,25,37,0.95,0.9533,0.4122,False
PS,44,25,38,0.8,0.9149,0.3941,False
PS,44,25,38,0.9,0.9948,0.4422,False
PS,44,25,38,0.95,0.9948,0.4422,False
PS,44,25,39,0.8,0.8331,0.3556,False
PS,44,25,39,0.9,0.9913,0.4382,False
PS,44,25,39,0.95,0.9913,0.4382,False
PS,44,30,0,0.8,0.7236,0.3056,False
PS,44,30,0,0.9,0.7919,0.3365,False
PS,44,30,0,0.95,0.9913,0.4382,False
PS,44,30,1,0.8,0.9149,0.3941,False
PS,44,30,1,0.9,0.9149,0.3941,False
PS,44,30,1,0.95,0.9626,0.4176,False
PS,44,30,2,0.8,0.9149,0.3941,False
PS,44,30,2,0.9,0.9626,0.4176,False
PS,44,30,2,0.95,0.9626,0.4176,False
PS,44,30,3,0.8,0.9149,0.3941,False
PS,44,30,3,0.9,0.9913,0.4382,False
PS,44,30,3,0.95,0.9913,0.4382,False
PS,44,30,4,0.8,0.8331,0.3556,False
PS,44,30,4,0.9,0.9149,0.3941,False
PS,44,30,4,0.95,0.9626,0.4176,False
PS,44,30,5,0.8,0.7919,0.3365,False
PS,44,30,5,0.9,0.9149,0.3941,False
PS,44,30,5,0.95,0.9626,0.4176,False
PS,44,30,6,0.8,0.8331,0.3556,False
PS,44,30,6,0.9,0.9626,0.4176,False
PS,44,30,6,0.95,0.9721,0.4238,False
PS,44,30,7,0.8,0.9149,0.3941,False
PS,44,30,7,0.9,0.9149,0.3941,False
PS,44,30,7,0.95,0.9533,0.4122,False
PS,44,30,8,0.8,0.8331,0.3556,False
PS,44,30,8,0.9,0.9913,0.4382,False
PS,44,30,8,0.95,0.9948,0.4422,False
PS,44,30,9,0.8,0.7919,0.3365,False
PS,44,30,9,0.9,0.9533,0.4122,False
PS,44,30,9,0.95,0.9626,0.4176,False
PS,44,30,10,0.8,0.8331,0.3556,False
PS,44,30,10,0.9,0.9913,0.4382,False
PS,44,30,10,0.95,0.9998,2.9588,False
PS,44,30,11,0.8,0.9149,0.3941,False
PS,44,30,11,0.9,0.9913,0.4382,False
PS,44,30,11,0.95,0.9948,0.4422,False
PS,44,30,12,0.8,0.6816,0.2868,False
PS,44,30,12,0.9,0.9533,0.4122,False
PS,44,30,12,0.95,0.9533,0.4122,False
PS,44,30,13,0.8,0.8331,0.3556,False
PS,44,30,13,0.9,0.9533,0.4122,False
PS,44,30,13,0.95,0.9913,0.4382,False
PS,44,30,14,0.8,0.8331,0.3556,False
PS,44,30,14,0.9,0.9721,0.4238,False
PS,44,30,14,0.95,0.9948,0.4422,False
PS,44,30,15,0.8,0.9149,0.3941,False
PS,44,30,15,0.9,0.9721,0.4238,False
PS,44,30,15,0.95,0.9913,0.4382,False
PS,44,30,16,0.8,0.8331,0.3556,False
PS,44,30,16,0.9,0.8331,0.3556,False
PS,44,30,16,0.95,0.9149,0.3941,False
PS,44,30,17,0.8,0.7919,0.3365,False
PS,44,30,17,0.9,0.9149,0.3941,False
PS,44,30,17,0.95,0.9533,0.4122,False
PS,44,30,18,0.8,0.9149,0.3941,False
PS,44,30,18,0.9,0.9721,0.4238,False
PS,44,30,18,0.95,0.9913,0.4382,False
PS,44,30,19,0.8,0.7919,0.3365,False
PS,44,30,19,0.9,0.9149,0.3941,False
PS,44,30,19,0.95,0.9551,0.4129,False
PS,44,30,20,0.8,0.8331,0.3556,False
PS,44,30,20,0.9,0.9149,0.3941,False
PS,44,30,20,0.95,0.9626,0.4176,False
PS,44,30,21,0.8,0.7919,0.3365,False
PS,44,30,21,0.9,0.9149,0.3941,False
PS,44,30,21,0.95,0.9149,0.3941,False
PS,44,30,22,0.8,0.7924,0.3368,False
PS,44,30,22,0.9,0.9149,0.3941,False
PS,44,30,22,0.95,0.9533,0.4122,False
PS,44,30,23,0.8,0.9149,0.3941,False
PS,44,30,23,0.9,0.9626,0.4176,False
PS,44,30,23,0.95,0.9913,0.4382,False
PS,44,30,24,0.8,0.8331,0.3556,False
PS,44,30,24,0.9,0.9149,0.3941,False
PS,44,30,24,0.95,0.9152,0.3942,False
PS,44,30,25,0.8,0.7919,0.3365,False
PS,44,30,25,0.9,0.7919,0.3365,False
PS,44,30,25,0.95,0.9149,0.3941,False
PS,44,30,26,0.8,0.7919,0.3365,False
PS,44,30,26,0.9,0.8331,0.3556,False
PS,44,30,26,0.95,0.9533,0.4122,False
PS,44,30,27,0.8,0.7919,0.3365,False
PS,44,30,27,0.9,0.9149,0.3941,False
PS,44,30,27,0.95,0.9149,0.3941,False
PS,44,30,28,0.8,0.9149,0.3941,False
PS,44,30,28,0.9,0.9149,0.3941,False
PS,44,30,28,0.95,0.9626,0.4176,False
PS,44,30,29,0.8,0.9149,0.3941,False
PS,44,30,29,0.9,0.9913,0.4382,False
PS,44,30,29,0.95,0.9913,0.4382,False
PS,44,30,30,0.8,0.7919,0.3365,False
PS,44,30,30,0.9,0.8331,0.3556,False
PS,44,30,30,0.95,0.9533,0.4122,False
PS,44,30,31,0.8,0.9149,0.3941,False
PS,44,30,31,0.9,0.9533,0.4122,False
PS,44,30,31,0.95,0.9913,0.4382,False
PS,44,30,32,0.8,0.8331,0.3556,False
PS,44,30,32,0.9,0.9913,0.4382,False
PS,44,30,32,0.95,0.9913,0.4382,False
PS,44,30,33,0.8,0.9149,0.3941,False
PS,44,30,33,0.9,0.9626,0.4176,False
PS,44,30,33,0.95,0.9626,0.4176,False
PS,44,30,34,0.8,0.8331,0.3556,False
PS,44,30,34,0.9,0.9533,0.4122,False
PS,44,30,34,0.95,0.9626,0.4176,False
PS,44,30,35,0.8,0.9149,0.3941,False
PS,44,30,35,0.9,0.9533,0.4122,False
PS,44,30,35,0.95,0.9533,0.4122,False
PS,44,30,36,0.8,0.8331,0.3556,False
PS,44,30,36,0.9,0.9149,0.3941,False
PS,44,30,36,0.95,0.9913,0.4382,False
PS,44,30,37,0.8,0.8331,0.3556,False
PS,44,30,37,0.9,0.9149,0.3941,False
PS,44,30,37,0.95,0.9551,0.4129,False
PS,44,30,38,0.8,0.7919,0.3365,False
PS,44,30,38,0.9,0.8331,0.3556,False
PS,44,30,38,0.95,0.9149,0.3941,False
PS,44,30,39,0.8,0.8331,0.3556,False
PS,44,30,39,0.9,0.9149,0.3941,False
PS,44,30,39,0.95,0.9626,0.4176,False
PS,44,40,0,0.8,0.7919,0.3365,False
PS,44,40,0,0.9,0.9149,0.3941,False
PS,44,40,0,0.95,0.9913,0.4382,False
PS,44,40,1,0.8,0.8331,0.3556,False
PS,44,40,1,0.9,0.9149,0.3941,False
PS,44,40,1,0.95,0.9533,0.4122,False
PS,44,40,2,0.8,0.8331,0.3556,False
PS,44,40,2,0.9,0.9149,0.3941,False
PS,44,40,2,0.95,0.9913,0.4382,False
PS,44,40,3,0.8,0.9149,0.3941,False
PS,44,40,3,0.9,0.9626,0.4176,False
PS,44,40,3,0.95,0.9913,0.4382,False
PS,44,40,4,0.8,0.7919,0.3365,False
PS,44,40,4,0.9,0.9149,0.3941,False
PS,44,40,4,0.95,0.9533,0.4122,False
PS,44,40,5,0.8,0.9149,0.3941,False
PS,44,40,5,0.9,0.9533,0.4122,False
PS,44,40,5,0.95,0.9913,0.4382,False
PS,44,40,6,0.8,0.8331,0.3556,False
PS,44,40,6,0.9,0.9149,0.3941,False
PS,44,40,6,0.95,0.9533,0.4122,False
PS,44,40,7,0.8,0.8331,0.3556,False
PS,44,40,7,0.9,0.9533,0.4122,False
PS,44,40,7,0.95,0.9913,0.4382,False
PS,44,40,8,0.8,0.7919,0.3365,False
PS,44,40,8,0.9,0.8331,0.3556,False
PS,44,40,8,0.95,0.9998,2.9588,False
PS,44,40,9,0.8,0.8331,0.3556,False
PS,44,40,9,0.9,0.9626,0.4176,False
PS,44,40,9,0.95,0.9913,0.4382,False
PS,44,40,10,0.8,0.9149,0.3941,False
PS,44,40,10,0.9,0.9149,0.3941,False
PS,44,40,10,0.95,0.9551,0.4129,False
PS,44,40,11,0.8,0.8331,0.3556,False
PS,44,40,11,0.9,0.9533,0.4122,False
PS,44,40,11,0.95,0.9721,0.4238,False
PS,44,40,12,0.8,0.7919,0.3365,False
PS,44,40,12,0.9,0.9533,0.4122,False
PS,44,40,12,0.95,0.9948,0.4422,False
PS,44,40,13,0.8,0.7919,0.3365,False
PS,44,40,13,0.9,0.8331,0.3556,False
PS,44,40,13,0.95,0.9913,0.4382,False
PS,44,40,14,0.8,0.8331,0.3556,False
PS,44,40,14,0.9,0.9533,0.4122,False
PS,44,40,14,0.95,0.9721,0.4238,False
PS,44,40,15,0.8,0.9149,0.3941,False
PS,44,40,15,0.9,0.9533,0.4122,False
PS,44,40,15,0.95,0.9998,2.9588,False
PS,44,40,16,0.8,0.8331,0.3556,False
PS,44,40,16,0.9,0.9533,0.4122,False
PS,44,40,16,0.95,0.9913,0.4382,False
PS,44,40,17,0.8,0.7919,0.3365,False
PS,44,40,17,0.9,0.9149,0.3941,False
PS,44,40,17,0.95,0.9998,2.9588,False
PS,44,40,18,0.8,0.8331,0.3556,False
PS,44,40,18,0.9,0.9533,0.4122,False
PS,44,40,18,0.95,0.9626,0.4176,False
PS,44,40,19,0.8,0.9149,0.3941,False
PS,44,40,19,0.9,0.9533,0.4122,False
PS,44,40,19,0.95,0.9998,2.9588,False
PS,44,40,20,0.8,0.7919,0.3365,False
PS,44,40,20,0.9,0.9149,0.3941,False
PS,44,40,20,0.95,0.9913,0.4382,False
PS,44,40,21,0.8,0.9149,0.3941,False
PS,44,40,21,0.9,0.9913,0.4382,False
PS,44,40,21,0.95,0.9948,0.4422,False
PS,44,40,22,0.8,0.7919,0.3365,False
PS,44,40,22,0.9,0.9149,0.3941,False
PS,44,40,22,0.95,0.9149,0.3941,False
PS,44,40,23,0.8,0.7919,0.3365,False
PS,44,40,23,0.9,0.9149,0.3941,False
PS,44,40,23,0.95,0.9721,0.4238,False
PS,44,40,24,0.8,0.9149,0.3941,False
PS,44,40,24,0.9,0.9626,0.4176,False
PS,44,40,24,0.95,0.9913,0.4382,False
PS,44,40,25,0.8,0.7919,0.3365,False
PS,44,40,25,0.9,0.9149,0.3941,False
PS,44,40,25,0.95,0.9998,2.9588,False
PS,44,40,26,0.8,0.8331,0.3556,False
PS,44,40,26,0.9,0.9149,0.3941,False
PS,44,40,26,0.95,0.9721,0.4238,False
PS,44,40,27,0.8,0.9149,0.3941,False
PS,44,40,27,0.9,0.9533,0.4122,False
PS,44,40,27,0.95,0.9913,0.4382,False
PS,44,40,28,0.8,0.7919,0.3365,False
PS,44,40,28,0.9,0.9149,0.3941,False
PS,44,40,28,0.95,0.9998,2.9588,False
PS,44,40,29,0.8,0.7919,0.3365,False
PS,44,40,29,0.9,0.9149,0.3941,False
PS,44,40,29,0.95,0.9913,0.4382,False
PS,44,40,30,0.8,0.9149,0.3941,False
PS,44,40,30,0.9,0.9626,0.4176,False
PS,44,40,30,0.95,0.9913,0.4382,False
PS,44,40,31,0.8,0.9149,0.3941,False
PS,44,40,31,0.9,0.9533,0.4122,False
PS,44,40,31,0.95,0.9533,0.4122,False
PS,44,40,32,0.8,0.8331,0.3556,False
PS,44,40,32,0.9,0.9149,0.3941,False
PS,44,40,32,0.95,0.9551,0.4129,False
PS,44,40,33,0.8,0.7236,0.3056,False
PS,44,40,33,0.9,0.9149,0.3941,False
PS,44,40,33,0.95,0.9533,0.4122,False
PS,44,40,34,0.8,0.7919,0.3365,False
PS,44,40,34,0.9,0.9149,0.3941,False
PS,44,40,34,0.95,0.9913,0.4382,False
PS,44,40,35,0.8,0.7919,0.3365,False
PS,44,40,35,0.9,0.8331,0.3556,False
PS,44,40,35,0.95,0.9149,0.3941,False
PS,44,40,36,0.8,0.7919,0.3365,False
PS,44,40,36,0.9,0.9149,0.3941,False
PS,44,40,36,0.95,0.9913,0.4382,False
PS,44,40,37,0.8,0.9149,0.3941,False
PS,44,40,37,0.9,0.9533,0.4122,False
PS,44,40,37,0.95,0.9913,0.4382,False
PS,44,40,38,0.8,0.7919,0.3365,False
PS,44,40,38,0.9,0.9149,0.3941,False
PS,44,40,38,0.95,0.9551,0.4129,False
PS,44,40,39,0.8,0.9149,0.3941,False
PS,44,40,39,0.9,0.9533,0.4122,False
PS,44,40,39,0.95,0.9626,0.4176,False
PS,44,50,0,0.8,0.9149,0.3941,False
PS,44,50,0,0.9,0.9626,0.4176,False
PS,44,50,0,0.95,0.9913,0.4382,False
PS,44,50,1,0.8,0.7919,0.3365,False
PS,44,50,1,0.9,0.9149,0.3941,False
PS,44,50,1,0.95,0.9913,0.4382,False
PS,44,50,2,0.8,0.9533,0.4122,False
PS,44,50,2,0.9,0.9626,0.4176,False
PS,44,50,2,0.95,0.9913,0.4382,False
PS,44,50,3,0.8,0.7919,0.3365,False
PS,44,50,3,0.9,0.9533,0.4122,False
PS,44,50,3,0.95,0.9913,0.4382,False
PS,44,50,4,0.8,0.7919,0.3365,False
PS,44,50,4,0.9,0.9149,0.3941,False
PS,44,50,4,0.95,0.9913,0.4382,False
PS,44,50,5,0.8,0.7919,0.3365,False
PS,44,50,5,0.9,0.9149,0.3941,False
PS,44,50,5,0.95,0.9913,0.4382,False
PS,44,50,6,0.8,0.7919,0.3365,False
PS,44,50,6,0.9,0.9149,0.3941,False
PS,44,50,6,0.95,0.9913,0.4382,False
PS,44,50,7,0.8,0.7919,0.3365,False
PS,44,50,7,0.9,0.9149,0.3941,False
PS,44,50,7,0.95,0.9626,0.4176,False
PS,44,50,8,0.8,0.8331,0.3556,False
PS,44,50,8,0.9,0.9149,0.3941,False
PS,44,50,8,0.95,0.9626,0.4176,False
PS,44,50,9,0.8,0.7919,0.3365,False
PS,44,50,9,0.9,0.9149,0.3941,False
PS,44,50,9,0.95,0.9533,0.4122,False
PS,44,50,10,0.8,0.8331,0.3556,False
PS,44,50,10,0.9,0.9533,0.4122,False
PS,44,50,10,0.95,0.9998,2.9588,False
PS,44,50,11,0.8,0.8331,0.3556,False
PS,44,50,11,0.9,0.9533,0.4122,False
PS,44,50,11,0.95,0.9913,0.4382,False
PS,44,50,12,0.8,0.8331,0.3556,False
PS,44,50,12,0.9,0.9533,0.4122,False
PS,44,50,12,0.95,0.9913,0.4382,False
PS,44,50,13,0.8,0.8331,0.3556,False
PS,44,50,13,0.9,0.9533,0.4122,False
PS,44,50,13,0.95,0.9913,0.4382,False
PS,44,50,14,0.8,0.8331,0.3556,False
PS,44,50,14,0.9,0.9149,0.3941,False
PS,44,50,14,0.95,0.9913,0.4382,False
PS,44,50,15,0.8,0.8331,0.3556,False
PS,44,50,15,0.9,0.9149,0.3941,False
PS,44,50,15,0.95,0.9533,0.4122,False
PS,44,50,16,0.8,0.7919,0.3365,False
PS,44,50,16,0.9,0.8331,0.3556,False
PS,44,50,16,0.95,0.9551,0.4129,False
PS,44,50,17,0.8,0.7236,0.3056,False
PS,44,50,17,0.9,0.9149,0.3941,False
PS,44,50,17,0.95,0.9533,0.4122,False
PS,44,50,18,0.8,0.8331,0.3556,False
PS,44,50,18,0.9,0.9149,0.3941,False
PS,44,50,18,0.95,0.9913,0.4382,False
PS,44,50,19,0.8,0.8331,0.3556,False
PS,44,50,19,0.9,0.9533,0.4122,False
PS,44,50,19,0.95,0.9913,0.4382,False
PS,44,50,20,0.8,0.8331,0.3556,False
PS,44,50,20,0.9,0.9149,0.3941,False
PS,44,50,20,0.95,0.9913,0.4382,False
PS,44,50,21,0.8,0.8331,0.3556,False
PS,44,50,21,0.9,0.9721,0.4238,False
PS,44,50,21,0.95,0.9948,0.4422,False
PS,44,50,22,0.8,0.9149,0.3941,False
PS,44,50,22,0.9,0.9149,0.3941,False
PS,44,50,22,0.95,0.9626,0.4176,False
PS,44,50,23,0.8,0.7919,0.3365,False
PS,44,50,23,0.9,0.9149,0.3941,False
PS,44,50,23,0.95,0.9626,0.4176,False
PS,44,50,24,0.8,0.7924,0.3368,False
PS,44,50,24,0.9,0.9533,0.4122,False
PS,44,50,24,0.95,0.9913,0.4382,False
PS,44,50,25,0.8,0.7919,0.3365,False
PS,44,50,25,0.9,0.9149,0.3941,False
PS,44,50,25,0.95,0.9948,0.4422,False
PS,44,50,26,0.8,0.9149,0.3941,False
PS,44,50,26,0.9,0.9149,0.3941,False
PS,44,50,26,0.95,0.9913,0.4382,False
PS,44,50,27,0.8,0.9149,0.3941,False
PS,44,50,27,0.9,0.9149,0.3941,False
PS,44,50,27,0.95,0.9626,0.4176,False
PS,44,50,28,0.8,0.9149,0.3941,False
PS,44,50,28,0.9,0.9721,0.4238,False
PS,44,50,28,0.95,0.9998,2.9588,False
PS,44,50,29,0.8,0.7919,0.3365,False
PS,44,50,29,0.9,0.8331,0.3556,False
PS,44,50,29,0.95,0.9626,0.4176,False
PS,44,50,30,0.8,0.7919,0.3365,False
PS,44,50,30,0.9,0.9149,0.3941,False
PS,44,50,30,0.95,0.9533,0.4122,False
PS,44,50,31,0.8,0.7919,0.3365,False
PS,44,50,31,0.9,0.9149,0.3941,False
PS,44,50,31,0.95,0.9913,0.4382,False
PS,44,50,32,0.8,0.7919,0.3365,False
PS,44,50,32,0.9,0.8331,0.3556,False
PS,44,50,32,0.95,0.9533,0.4122,False
PS,44,50,33,0.8,0.8331,0.3556,False
PS,44,50,33,0.9,0.9551,0.4129,False
PS,44,50,33,0.95,0.9913,0.4382,False
PS,44,50,34,0.8,0.8331,0.3556,False
PS,44,50,34,0.9,0.9533,0.4122,False
PS,44,50,34,0.95,0.9913,0.4382,False
PS,44,50,35,0.8,0.7919,0.3365,False
PS,44,50,35,0.9,0.9149,0.3941,False
PS,44,50,35,0.95,0.9626,0.4176,False
PS,44,50,36,0.8,0.9149,0.3941,False
PS,44,50,36,0.9,0.9533,0.4122,False
PS,44,50,36,0.95,0.9913,0.4382,False
PS,44,50,37,0.8,0.8331,0.3556,False
PS,44,50,37,0.9,0.9149,0.3941,False
PS,44,50,37,0.95,0.9533,0.4122,False
PS,44,50,38,0.8,0.9149,0.3941,False
PS,44,50,38,0.9,0.9913,0.4382,False
PS,44,50,38,0.95,0.9948,0.4422,False
PS,44,50,39,0.8,0.8331,0.3556,False
PS,44,50,39,0.9,0.9626,0.4176,False
PS,44,50,39,0.95,0.9913,0.4382,False
PS,44,75,0,0.8,0.7919,0.3365,False
PS,44,75,0,0.9,0.9149,0.3941,False
PS,44,75,0,0.95,0.9533,0.4122,False
PS,44,75,1,0.8,0.7919,0.3365,False
PS,44,75,1,0.9,0.8331,0.3556,False
PS,44,75,1,0.95,0.9152,0.3942,False
PS,44,75,2,0.8,0.8331,0.3556,False
PS,44,75,2,0.9,0.9149,0.3941,False
PS,44,75,2,0.95,0.9913,0.4382,False
PS,44,75,3,0.8,0.9149,0.3941,False
PS,44,75,3,0.9,0.9533,0.4122,False
PS,44,75,3,0.95,0.9913,0.4382,False
PS,44,75,4,0.8,0.7919,0.3365,False
PS,44,75,4,0.9,0.9149,0.3941,False
PS,44,75,4,0.95,0.9913,0.4382,False
PS,44,75,5,0.8,0.7919,0.3365,False
PS,44,75,5,0.9,0.9149,0.3941,False
PS,44,75,5,0.95,0.9626,0.4176,False
PS,44,75,6,0.8,0.7919,0.3365,False
PS,44,75,6,0.9,0.9149,0.3941,False
PS,44,75,6,0.95,0.9913,0.4382,False
PS,44,75,7,0.8,0.9149,0.3941,False
PS,44,75,7,0.9,0.9533,0.4122,False
PS,44,75,7,0.95,0.9913,0.4382,False
PS,44,75,8,0.8,0.9149,0.3941,False
PS,44,75,8,0.9,0.9533,0.4122,False
PS,44,75,8,0.95,0.9626,0.4176,False
PS,44,75,9,0.8,0.9149,0.3941,False
PS,44,75,9,0.9,0.9533,0.4122,False
PS,44,75,9,0.95,0.9721,0.4238,False
PS,44,75,10,0.8,0.7919,0.3365,False
PS,44,75,10,0.9,0.9149,0.3941,False
PS,44,75,10,0.95,0.9913,0.4382,False
PS,44,75,11,0.8,0.8331,0.3556,False
PS,44,75,11,0.9,0.9149,0.3941,False
PS,44,75,11,0.95,0.9913,0.4382,False
PS,44,75,12,0.8,0.8331,0.3556,False
PS,44,75,12,0.9,0.9533,0.4122,False
PS,44,75,12,0.95,0.9913,0.4382,False
PS,44,75,13,0.8,0.7924,0.3368,False
PS,44,75,13,0.9,0.9149,0.3941,False
PS,44,75,13,0.95,0.9533,0.4122,False
PS,44,75,14,0.8,0.9149,0.3941,False
PS,44,75,14,0.9,0.9533,0.4122,False
PS,44,75,14,0.95,0.9721,0.4238,False
PS,44,75,15,0.8,0.9149,0.3941,False
PS,44,75,15,0.9,0.9149,0.3941,False
PS,44,75,15,0.95,0.9626,0.4176,False
PS,44,75,16,0.8,0.7919,0.3365,False
PS,44,75,16,0.9,0.9149,0.3941,False
PS,44,75,16,0.95,0.9152,0.3942,False
PS,44,75,17,0.8,0.8331,0.3556,False
PS,44,75,17,0.9,0.9152,0.3942,False
PS,44,75,17,0.95,0.9721,0.4238,False
PS,44,75,18,0.8,0.7919,0.3365,False
PS,44,75,18,0.9,0.9149,0.3941,False
PS,44,75,18,0.95,0.9149,0.3941,False
PS,44,75,19,0.8,0.7919,0.3365,False
PS,44,75,19,0.9,0.9149,0.3941,False
PS,44,75,19,0.95,0.9721,0.4238,False
PS,44,75,20,0.8,0.7924,0.3368,False
PS,44,75,20,0.9,0.9152,0.3942,False
PS,44,75,20,0.95,0.9626,0.4176,False
PS,44,75,21,0.8,0.7919,0.3365,False
PS,44,75,21,0.9,0.9149,0.3941,False
PS,44,75,21,0.95,0.9721,0.4238,False
PS,44,75,22,0.8,0.7919,0.3365,False
PS,44,75,22,0.9,0.9149,0.3941,False
PS,44,75,22,0.95,0.9913,0.4382,False
PS,44,75,23,0.8,0.9149,0.3941,False
PS,44,75,23,0.9,0.9533,0.4122,False
PS,44,75,23,0.95,0.9913,0.4382,False
PS,44,75,24,0.8,0.7919,0.3365,False
PS,44,75,24,0.9,0.9149,0.3941,False
PS,44,75,24,0.95,0.9913,0.4382,False
PS,44,75,25,0.8,0.7919,0.3365,False
PS,44,75,25,0.9,0.9149,0.3941,False
PS,44,75,25,0.95,0.9721,0.4238,False
PS,44,75,26,0.8,0.9149,0.3941,False
PS,44,75,26,0.9,0.9533,0.4122,False
PS,44,75,26,0.95,0.9913,0.4382,False
PS,44,75,27,0.8,0.8331,0.3556,False
PS,44,75,27,0.9,0.9533,0.4122,False
PS,44,75,27,0.95,0.9913,0.4382,False
PS,44,75,28,0.8,0.7919,0.3365,False
PS,44,75,28,0.9,0.9149,0.3941,False
PS,44,75,28,0.95,0.9626,0.4176,False
PS,44,75,29,0.8,0.7919,0.3365,False
PS,44,75,29,0.9,0.9149,0.3941,False
PS,44,75,29,0.95,0.9533,0.4122,False
PS,44,75,30,0.8,0.9149,0.3941,False
PS,44,75,30,0.9,0.9626,0.4176,False
PS,44,75,30,0.95,0.9913,0.4382,False
PS,44,75,31,0.8,0.8331,0.3556,False
PS,44,75,31,0.9,0.9149,0.3941,False
PS,44,75,31,0.95,0.9721,0.4238,False
PS,44,75,32,0.8,0.7919,0.3365,False
PS,44,75,32,0.9,0.9533,0.4122,False
PS,44,75,32,0.95,0.9913,0.4382,False
PS,44,75,33,0.8,0.9149,0.3941,False
PS,44,75,33,0.9,0.9533,0.4122,False
PS,44,75,33,0.95,0.9913,0.4382,False
PS,44,75,34,0.8,0.8331,0.3556,False
PS,44,75,34,0.9,0.9533,0.4122,False
PS,44,75,34,0.95,0.9721,0.4238,False
PS,44,75,35,0.8,0.7919,0.3365,False
PS,44,75,35,0.9,0.9149,0.3941,False
PS,44,75,35,0.95,0.9533,0.4122,False
PS,44,75,36,0.8,0.8331,0.3556,False
PS,44,75,36,0.9,0.9149,0.3941,False
PS,44,75,36,0.95,0.9913,0.4382,False
PS,44,75,37,0.8,0.8331,0.3556,False
PS,44,75,37,0.9,0.9149,0.3941,False
PS,44,75,37,0.95,0.9626,0.4176,False
PS,44,75,38,0.8,0.8331,0.3556,False
PS,44,75,38,0.9,0.9149,0.3941,False
PS,44,75,38,0.95,0.9721,0.4238,False
PS,44,75,39,0.8,0.7919,0.3365,False
PS,44,75,39,0.9,0.8356,0.3568,False
PS,44,75,39,0.95,0.9533,0.4122,False
PS,44,100,0,0.8,0.8331,0.3556,False
PS,44,100,0,0.9,0.9149,0.3941,False
PS,44,100,0,0.95,0.9721,0.4238,False
PS,44,100,1,0.8,0.8331,0.3556,False
PS,44,100,1,0.9,0.9533,0.4122,False
PS,44,100,1,0.95,0.9721,0.4238,False
PS,44,100,2,0.8,0.7919,0.3365,False
PS,44,100,2,0.9,0.9149,0.3941,False
PS,44,100,2,0.95,0.9533,0.4122,False
PS,44,100,3,0.8,0.7919,0.3365,False
PS,44,100,3,0.9,0.9149,0.3941,False
PS,44,100,3,0.95,0.9626,0.4176,False
PS,44,100,4,0.8,0.8331,0.3556,False
PS,44,100,4,0.9,0.9149,0.3941,False
PS,44,100,4,0.95,0.9913,0.4382,False
PS,44,100,5,0.8,0.8331,0.3556,False
PS,44,100,5,0.9,0.9149,0.3941,False
PS,44,100,5,0.95,0.9913,0.4382,False
PS,44,100,6,0.8,0.8331,0.3556,False
PS,44,100,6,0.9,0.9149,0.3941,False
PS,44,100,6,0.95,0.9721,0.4238,False
PS,44,100,7,0.8,0.8331,0.3556,False
PS,44,100,7,0.9,0.9626,0.4176,False
PS,44,100,7,0.95,0.9913,0.4382,False
PS,44,100,8,0.8,0.8331,0.3556,False
PS,44,100,8,0.9,0.9149,0.3941,False
PS,44,100,8,0.95,0.9533,0.4122,False
PS,44,100,9,0.8,0.9149,0.3941,False
PS,44,100,9,0.9,0.9533,0.4122,False
PS,44,100,9,0.95,0.9913,0.4382,False
PS,44,100,10,0.8,0.7919,0.3365,False
PS,44,100,10,0.9,0.9149,0.3941,False
PS,44,100,10,0.95,0.9149,0.3941,False
PS,44,100,11,0.8,0.8331,0.3556,False
PS,44,100,11,0.9,0.9149,0.3941,False
PS,44,100,11,0.95,0.9533,0.4122,False
PS,44,100,12,0.8,0.8331,0.3556,False
PS,44,100,12,0.9,0.9149,0.3941,False
PS,44,100,12,0.95,0.9721,0.4238,False
PS,44,100,13,0.8,0.8331,0.3556,False
PS,44,100,13,0.9,0.9149,0.3941,False
PS,44,100,13,0.95,0.9626,0.4176,False
PS,44,100,14,0.8,0.7924,0.3368,False
PS,44,100,14,0.9,0.9149,0.3941,False
PS,44,100,14,0.95,0.9626,0.4176,False
PS,44,100,15,0.8,0.8331,0.3556,False
PS,44,100,15,0.9,0.9149,0.3941,False
PS,44,100,15,0.95,0.9721,0.4238,False
PS,44,100,16,0.8,0.8331,0.3556,False
PS,44,100,16,0.9,0.9533,0.4122,False
PS,44,100,16,0.95,0.9913,0.4382,False
PS,44,100,17,0.8,0.7919,0.3365,False
PS,44,100,17,0.9,0.9149,0.3941,False
PS,44,100,17,0.95,0.9533,0.4122,False
PS,44,100,18,0.8,0.7919,0.3365,False
PS,44,100,18,0.9,0.9149,0.3941,False
PS,44,100,18,0.95,0.9626,0.4176,False
PS,44,100,19,0.8,0.7924,0.3368,False
PS,44,100,19,0.9,0.9149,0.3941,False
PS,44,100,19,0.95,0.9149,0.3941,False
PS,44,100,20,0.8,0.7924,0.3368,False
PS,44,100,20,0.9,0.9149,0.3941,False
PS,44,100,20,0.95,0.9626,0.4176,False
PS,44,100,21,0.8,0.9149,0.3941,False
PS,44,100,21,0.9,0.9533,0.4122,False
PS,44,100,21,0.95,0.9721,0.4238,False
PS,44,100,22,0.8,0.7919,0.3365,False
PS,44,100,22,0.9,0.9149,0.3941,False
PS,44,100,22,0.95,0.9913,0.4382,False
PS,44,100,23,0.8,0.8331,0.3556,False
PS,44,100,23,0.9,0.9149,0.3941,False
PS,44,100,23,0.95,0.9626,0.4176,False
PS,44,100,24,0.8,0.7919,0.3365,False
PS,44,100,24,0.9,0.9533,0.4122,False
PS,44,100,24,0.95,0.9626,0.4176,False
PS,44,100,25,0.8,0.7919,0.3365,False
PS,44,100,25,0.9,0.8331,0.3556,False
PS,44,100,25,0.95,0.9551,0.4129,False
PS,44,100,26,0.8,0.7919,0.3365,False
PS,44,100,26,0.9,0.9149,0.3941,False
PS,44,100,26,0.95,0.9626,0.4176,False
PS,44,100,27,0.8,0.8331,0.3556,False
PS,44,100,27,0.9,0.9149,0.3941,False
PS,44,100,27,0.95,0.9626,0.4176,False
PS,44,100,28,0.8,0.7919,0.3365,False
PS,44,100,28,0.9,0.9149,0.3941,False
PS,44,100,28,0.95,0.9533,0.4122,False
PS,44,100,29,0.8,0.7919,0.3365,False
PS,44,100,29,0.9,0.9149,0.3941,False
PS,44,100,29,0.95,0.9913,0.4382,False
PS,44,100,30,0.8,0.7919,0.3365,False
PS,44,100,30,0.9,0.9149,0.3941,False
PS,44,100,30,0.95,0.9533,0.4122,False
PS,44,100,31,0.8,0.7919,0.3365,False
PS,44,100,31,0.9,0.9149,0.3941,False
PS,44,100,31,0.95,0.9626,0.4176,False
PS,44,100,32,0.8,0.7919,0.3365,False
PS,44,100,32,0.9,0.9149,0.3941,False
PS,44,100,32,0.95,0.9626,0.4176,False
PS,44,100,33,0.8,0.7919,0.3365,False
PS,44,100,33,0.9,0.9533,0.4122,False
PS,44,100,33,0.95,0.9533,0.4122,False
PS,44,100,34,0.8,0.8331,0.3556,False
PS,44,100,34,0.9,0.9149,0.3941,False
PS,44,100,34,0.95,0.9551,0.4129,False
PS,44,100,35,0.8,0.8331,0.3556,False
PS,44,100,35,0.9,0.9149,0.3941,False
PS,44,100,35,0.95,0.9626,0.4176,False
PS,44,100,36,0.8,0.7919,0.3365,False
PS,44,100,36,0.9,0.9149,0.3941,False
PS,44,100,36,0.95,0.9551,0.4129,False
PS,44,100,37,0.8,0.8331,0.3556,False
PS,44,100,37,0.9,0.9152,0.3942,False
PS,44,100,37,0.95,0.9626,0.4176,False
PS,44,100,38,0.8,0.7919,0.3365,False
PS,44,100,38,0.9,0.9149,0.3941,False
PS,44,100,38,0.95,0.9533,0.4122,False
PS,44,100,39,0.8,0.7919,0.3365,False
PS,44,100,39,0.9,0.9149,0.3941,False
PS,44,100,39,0.95,0.9533,0.4122,False
PS,44,150,0,0.8,0.7919,0.3365,False
PS,44,150,0,0.9,0.9149,0.3941,False
PS,44,150,0,0.95,0.9626,0.4176,False
PS,44,150,1,0.8,0.7919,0.3365,False
PS,44,150,1,0.9,0.9149,0.3941,False
PS,44,150,1,0.95,0.9721,0.4238,False
PS,44,150,2,0.8,0.7919,0.3365,False
PS,44,150,2,0.9,0.9149,0.3941,False
PS,44,150,2,0.95,0.9626,0.4176,False
PS,44,150,3,0.8,0.8331,0.3556,False
PS,44,150,3,0.9,0.9149,0.3941,False
PS,44,150,3,0.95,0.9533,0.4122,False
PS,44,150,4,0.8,0.8331,0.3556,False
PS,44,150,4,0.9,0.9533,0.4122,False
PS,44,150,4,0.95,0.9913,0.4382,False
PS,44,150,5,0.8,0.8331,0.3556,False
PS,44,150,5,0.9,0.9149,0.3941,False
PS,44,150,5,0.95,0.9533,0.4122,False
PS,44,150,6,0.8,0.8331,0.3556,False
PS,44,150,6,0.9,0.9152,0.3942,False
PS,44,150,6,0.95,0.9913,0.4382,False
PS,44,150,7,0.8,0.7919,0.3365,False
PS,44,150,7,0.9,0.9149,0.3941,False
PS,44,150,7,0.95,0.9626,0.4176,False
PS,44,150,8,0.8,0.8331,0.3556,False
PS,44,150,8,0.9,0.9149,0.3941,False
PS,44,150,8,0.95,0.9533,0.4122,False
PS,44,150,9,0.8,0.7919,0.3365,False
PS,44,150,9,0.9,0.9149,0.3941,False
PS,44,150,9,0.95,0.9533,0.4122,False
PS,44,150,10,0.8,0.8331,0.3556,False
PS,44,150,10,0.9,0.9149,0.3941,False
PS,44,150,10,0.95,0.9626,0.4176,False
PS,44,150,11,0.8,0.8331,0.3556,False
PS,44,150,11,0.9,0.9152,0.3942,False
PS,44,150,11,0.95,0.9913,0.4382,False
PS,44,150,12,0.8,0.7919,0.3365,False
PS,44,150,12,0.9,0.9149,0.3941,False
PS,44,150,12,0.95,0.9533,0.4122,False
PS,44,150,13,0.8,0.8331,0.3556,False
PS,44,150,13,0.9,0.9149,0.3941,False
PS,44,150,13,0.95,0.9626,0.4176,False
PS,44,150,14,0.8,0.7919,0.3365,False
PS,44,150,14,0.9,0.8331,0.3556,False
PS,44,150,14,0.95,0.9626,0.4176,False
PS,44,150,15,0.8,0.7919,0.3365,False
PS,44,150,15,0.9,0.9149,0.3941,False
PS,44,150,15,0.95,0.9533,0.4122,False
PS,44,150,16,0.8,0.8331,0.3556,False
PS,44,150,16,0.9,0.9149,0.3941,False
PS,44,150,16,0.95,0.9626,0.4176,False
PS,44,150,17,0.8,0.7919,0.3365,False
PS,44,150,17,0.9,0.9149,0.3941,False
PS,44,150,17,0.95,0.9626,0.4176,False
PS,44,150,18,0.8,0.7919,0.3365,False
PS,44,150,18,0.9,0.9149,0.3941,False
PS,44,150,18,0.95,0.9533,0.4122,False
PS,44,150,19,0.8,0.7919,0.3365,False
PS,44,150,19,0.9,0.9149,0.3941,False
PS,44,150,19,0.95,0.9626,0.4176,False
PS,44,150,20,0.8,0.7919,0.3365,False
PS,44,150,20,0.9,0.9149,0.3941,False
PS,44,150,20,0.95,0.9626,0.4176,False
PS,44,150,21,0.8,0.7919,0.3365,False
PS,44,150,21,0.9,0.9149,0.3941,False
PS,44,150,21,0.95,0.9533,0.4122,False
PS,44,150,22,0.8,0.8331,0.3556,False
PS,44,150,22,0.9,0.9149,0.3941,False
PS,44,150,22,0.95,0.9913,0.4382,False
PS,44,150,23,0.8,0.8331,0.3556,False
PS,44,150,23,0.9,0.9149,0.3941,False
PS,44,150,23,0.95,0.9626,0.4176,False
PS,44,150,24,0.8,0.7919,0.3365,False
PS,44,150,24,0.9,0.9149,0.3941,False
PS,44,150,24,0.95,0.9533,0.4122,False
PS,44,150,25,0.8,0.7924,0.3368,False
PS,44,150,25,0.9,0.9149,0.3941,False
PS,44,150,25,0.95,0.9626,0.4176,False
PS,44,150,26,0.8,0.7919,0.3365,False
PS,44,150,26,0.9,0.9149,0.3941,False
PS,44,150,26,0.95,0.9913,0.4382,False
PS,44,150,27,0.8,0.8331,0.3556,False
PS,44,150,27,0.9,0.9149,0.3941,False
PS,44,150,27,0.95,0.9626,0.4176,False
PS,44,150,28,0.8,0.9149,0.3941,False
PS,44,150,28,0.9,0.9533,0.4122,False
PS,44,150,28,0.95,0.9626,0.4176,False
PS,44,150,29,0.8,0.7919,0.3365,False
PS,44,150,29,0.9,0.9533,0.4122,False
PS,44,150,29,0.95,0.9626,0.4176,False
PS,44,150,30,0.8,0.8331,0.3556,False
PS,44,150,30,0.9,0.9149,0.3941,False
PS,44,150,30,0.95,0.9626,0.4176,False
PS,44,150,31,0.8,0.7924,0.3368,False
PS,44,150,31,0.9,0.9149,0.3941,False
PS,44,150,31,0.95,0.9533,0.4122,False
PS,44,150,32,0.8,0.7919,0.3365,False
PS,44,150,32,0.9,0.9149,0.3941,False
PS,44,150,32,0.95,0.9152,0.3942,False
PS,44,150,33,0.8,0.7919,0.3365,False
PS,44,150,33,0.9,0.9149,0.3941,False
PS,44,150,33,0.95,0.9533,0.4122,False
PS,44,150,34,0.8,0.8331,0.3556,False
PS,44,150,34,0.9,0.9533,0.4122,False
PS,44,150,34,0.95,0.9626,0.4176,False
PS,44,150,35,0.8,0.7919,0.3365,False
PS,44,150,35,0.9,0.9149,0.3941,False
PS,44,150,35,0.95,0.9533,0.4122,False
PS,44,150,36,0.8,0.8331,0.3556,False
PS,44,150,36,0.9,0.9149,0.3941,False
PS,44,150,36,0.95,0.9721,0.4238,False
PS,44,150,37,0.8,0.8331,0.3556,False
PS,44,150,37,0.9,0.9149,0.3941,False
PS,44,150,37,0.95,0.9533,0.4122,False
PS,44,150,38,0.8,0.8331,0.3556,False
PS,44,150,38,0.9,0.9149,0.3941,False
PS,44,150,38,0.95,0.9626,0.4176,False
PS,44,150,39,0.8,0.7919,0.3365,False
PS,44,150,39,0.9,0.9149,0.3941,False
PS,44,150,39,0.95,0.9626,0.4176,False
PS,44,250,0,0.8,0.8331,0.3556,False
PS,44,250,0,0.9,0.9149,0.3941,False
PS,44,250,0,0.95,0.9533,0.4122,False
PS,44,250,1,0.8,0.7919,0.3365,False
PS,44,250,1,0.9,0.9149,0.3941,False
PS,44,250,1,0.95,0.9533,0.4122,False
PS,44,250,2,0.8,0.8331,0.3556,False
PS,44,250,2,0.9,0.9149,0.3941,False
PS,44,250,2,0.95,0.9626,0.4176,False
PS,44,250,3,0.8,0.7924,0.3368,False
PS,44,250,3,0.9,0.9149,0.3941,False
PS,44,250,3,0.95,0.9626,0.4176,False
PS,44,250,4,0.8,0.8331,0.3556,False
PS,44,250,4,0.9,0.9149,0.3941,False
PS,44,250,4,0.95,0.9626,0.4176,False
PS,44,250,5,0.8,0.7919,0.3365,False
PS,44,250,5,0.9,0.9149,0.3941,False
PS,44,250,5,0.95,0.9626,0.4176,False
PS,44,250,6,0.8,0.8331,0.3556,False
PS,44,250,6,0.9,0.9149,0.3941,False
PS,44,250,6,0.95,0.9721,0.4238,False
PS,44,250,7,0.8,0.7919,0.3365,False
PS,44,250,7,0.9,0.9149,0.3941,False
PS,44,250,7,0.95,0.9533,0.4122,False
PS,44,250,8,0.8,0.8331,0.3556,False
PS,44,250,8,0.9,0.9149,0.3941,False
PS,44,250,8,0.95,0.9626,0.4176,False
PS,44,250,9,0.8,0.8331,0.3556,False
PS,44,250,9,0.9,0.9149,0.3941,False
PS,44,250,9,0.95,0.9626,0.4176,False
PS,44,250,10,0.8,0.8331,0.3556,False
PS,44,250,10,0.9,0.9149,0.3941,False
PS,44,250,10,0.95,0.9626,0.4176,False
PS,44,250,11,0.8,0.8331,0.3556,False
PS,44,250,11,0.9,0.9149,0.3941,False
PS,44,250,11,0.95,0.9626,0.4176,False
PS,44,250,12,0.8,0.7924,0.3368,False
PS,44,250,12,0.9,0.9149,0.3941,False
PS,44,250,12,0.95,0.9551,0.4129,False
PS,44,250,13,0.8,0.7919,0.3365,False
PS,44,250,13,0.9,0.9149,0.3941,False
PS,44,250,13,0.95,0.9533,0.4122,False
PS,44,250,14,0.8,0.7919,0.3365,False
PS,44,250,14,0.9,0.9149,0.3941,False
PS,44,250,14,0.95,0.9626,0.4176,False
PS,44,250,15,0.8,0.8331,0.3556,False
PS,44,250,15,0.9,0.9149,0.3941,False
PS,44,250,15,0.95,0.9721,0.4238,False
PS,44,250,16,0.8,0.8331,0.3556,False
PS,44,250,16,0.9,0.9149,0.3941,False
PS,44,250,16,0.95,0.9626,0.4176,False
PS,44,250,17,0.8,0.8331,0.3556,False
PS,44,250,17,0.9,0.9149,0.3941,False
PS,44,250,17,0.95,0.9533,0.4122,False
PS,44,250,18,0.8,0.7919,0.3365,False
PS,44,250,18,0.9,0.9149,0.3941,False
PS,44,250,18,0.95,0.9626,0.4176,False
PS,44,250,19,0.8,0.8331,0.3556,False
PS,44,250,19,0.9,0.9149,0.3941,False
PS,44,250,19,0.95,0.9626,0.4176,False
PS,44,250,20,0.8,0.8331,0.3556,False
PS,44,250,20,0.9,0.9149,0.3941,False
PS,44,250,20,0.95,0.9626,0.4176,False
PS,44,250,21,0.8,0.8331,0.3556,False
PS,44,250,21,0.9,0.9149,0.3941,False
PS,44,250,21,0.95,0.9626,0.4176,False
PS,44,250,22,0.8,0.8331,0.3556,False
PS,44,250,22,0.9,0.9149,0.3941,False
PS,44,250,22,0.95,0.9626,0.4176,False
PS,44,250,23,0.8,0.7919,0.3365,False
PS,44,250,23,0.9,0.9149,0.3941,False
PS,44,250,23,0.95,0.9533,0.4122,False
PS,44,250,24,0.8,0.7919,0.3365,False
PS,44,250,24,0.9,0.9149,0.3941,False
PS,44,250,24,0.95,0.9533,0.4122,False
PS,44,250,25,0.8,0.8331,0.3556,False
PS,44,250,25,0.9,0.9149,0.3941,False
PS,44,250,25,0.95,0.9626,0.4176,False
PS,44,250,26,0.8,0.8331,0.3556,False
PS,44,250,26,0.9,0.9149,0.3941,False
PS,44,250,26,0.95,0.9626,0.4176,False
PS,44,250,27,0.8,0.8331,0.3556,False
PS,44,250,27,0.9,0.9149,0.3941,False
PS,44,250,27,0.95,0.9626,0.4176,False
PS,44,250,28,0.8,0.8331,0.3556,False
PS,44,250,28,0.9,0.9149,0.3941,False
PS,44,250,28,0.95,0.9626,0.4176,False
PS,44,250,29,0.8,0.7919,0.3365,False
PS,44,250,29,0.9,0.9149,0.3941,False
PS,44,250,29,0.95,0.9533,0.4122,False
PS,44,250,30,0.8,0.8331,0.3556,False
PS,44,250,30,0.9,0.9149,0.3941,False
PS,44,250,30,0.95,0.9626,0.4176,False
PS,44,250,31,0.8,0.8331,0.3556,False
PS,44,250,31,0.9,0.9149,0.3941,False
PS,44,250,31,0.95,0.9626,0.4176,False
PS,44,250,32,0.8,0.7919,0.3365,False
PS,44,250,32,0.9,0.9149,0.3941,False
PS,44,250,32,0.95,0.9533,0.4122,False
PS,44,250,33,0.8,0.7919,0.3365,False
PS,44,250,33,0.9,0.9149,0.3941,False
PS,44,250,33,0.95,0.9533,0.4122,False
PS,44,250,34,0.8,0.7924,0.3368,False
PS,44,250,34,0.9,0.9149,0.3941,False
PS,44,250,34,0.95,0.9626,0.4176,False
PS,44,250,35,0.8,0.8331,0.3556,False
PS,44,250,35,0.9,0.9149,0.3941,False
PS,44,250,35,0.95,0.9626,0.4176,False
PS,44,250,36,0.8,0.7919,0.3365,False
PS,44,250,36,0.9,0.9149,0.3941,False
PS,44,250,36,0.95,0.9533,0.4122,False
PS,44,250,37,0.8,0.7924,0.3368,False
PS,44,250,37,0.9,0.9149,0.3941,False
PS,44,250,37,0.95,0.9533,0.4122,False
PS,44,250,38,0.8,0.8331,0.3556,False
PS,44,250,38,0.9,0.9149,0.3941,False
PS,44,250,38,0.95,0.9533,0.4122,False
PS,44,250,39,0.8,0.7919,0.3365,False
PS,44,250,39,0.9,0.9149,0.3941,False
PS,44,250,39,0.95,0.9533,0.4122,False
PS,44,500,0,0.8,0.8331,0.3556,False
PS,44,500,0,0.9,0.9149,0.3941,False
PS,44,500,0,0.95,0.9533,0.4122,False
PS,44,500,1,0.8,0.7924,0.3368,False
PS,44,500,1,0.9,0.9149,0.3941,False
PS,44,500,1,0.95,0.9533,0.4122,False
PS,44,500,2,0.8,0.8331,0.3556,False
PS,44,500,2,0.9,0.9149,0.3941,False
PS,44,500,2,0.95,0.9533,0.4122,False
PS,44,500,3,0.8,0.7924,0.3368,False
PS,44,500,3,0.9,0.9149,0.3941,False
PS,44,500,3,0.95,0.9551,0.4129,False
PS,44,500,4,0.8,0.8331,0.3556,False
PS,44,500,4,0.9,0.9149,0.3941,False
PS,44,500,4,0.95,0.9551,0.4129,False
PS,44,500,5,0.8,0.7919,0.3365,False
PS,44,500,5,0.9,0.9149,0.3941,False
PS,44,500,5,0.95,0.9533,0.4122,False
PS,44,500,6,0.8,0.7919,0.3365,False
PS,44,500,6,0.9,0.9149,0.3941,False
PS,44,500,6,0.95,0.9533,0.4122,False
PS,44,500,7,0.8,0.7919,0.3365,False
PS,44,500,7,0.9,0.9149,0.3941,False
PS,44,500,7,0.95,0.9533,0.4122,False
PS,44,500,8,0.8,0.7919,0.3365,False
PS,44,500,8,0.9,0.9149,0.3941,False
PS,44,500,8,0.95,0.9533,0.4122,False
PS,44,500,9,0.8,0.7919,0.3365,False
PS,44,500,9,0.9,0.9149,0.3941,False
PS,44,500,9,0.95,0.9533,0.4122,False
PS,44,500,10,0.8,0.7919,0.3365,False
PS,44,500,10,0.9,0.9149,0.3941,False
PS,44,500,10,0.95,0.9533,0.4122,False
PS,44,500,11,0.8,0.7919,0.3365,False
PS,44,500,11,0.9,0.9149,0.3941,False
PS,44,500,11,0.95,0.9551,0.4129,False
PS,44,500,12,0.8,0.7919,0.3365,False
PS,44,500,12,0.9,0.9149,0.3941,False
PS,44,500,12,0.95,0.9551,0.4129,False
PS,44,500,13,0.8,0.7919,0.3365,False
PS,44,500,13,0.9,0.9149,0.3941,False
PS,44,500,13,0.95,0.9533,0.4122,False
PS,44,500,14,0.8,0.7919,0.3365,False
PS,44,500,14,0.9,0.9149,0.3941,False
PS,44,500,14,0.95,0.9533,0.4122,False
PS,44,500,15,0.8,0.7924,0.3368,False
PS,44,500,15,0.9,0.9149,0.3941,False
PS,44,500,15,0.95,0.9551,0.4129,False
PS,44,500,16,0.8,0.7919,0.3365,False
PS,44,500,16,0.9,0.9149,0.3941,False
PS,44,500,16,0.95,0.9533,0.4122,False
PS,44,500,17,0.8,0.8331,0.3556,False
PS,44,500,17,0.9,0.9149,0.3941,False
PS,44,500,17,0.95,0.9626,0.4176,False
PS,44,500,18,0.8,0.7919,0.3365,False
PS,44,500,18,0.9,0.9149,0.3941,False
PS,44,500,18,0.95,0.9551,0.4129,False
PS,44,500,19,0.8,0.7919,0.3365,False
PS,44,500,19,0.9,0.9149,0.3941,False
PS,44,500,19,0.95,0.9533,0.4122,False
PS,44,500,20,0.8,0.7919,0.3365,False
PS,44,500,20,0.9,0.9149,0.3941,False
PS,44,500,20,0.95,0.9533,0.4122,False
PS,44,500,21,0.8,0.7919,0.3365,False
PS,44,500,21,0.9,0.9149,0.3941,False
PS,44,500,21,0.95,0.9533,0.4122,False
PS,44,500,22,0.8,0.7919,0.3365,False
PS,44,500,22,0.9,0.9149,0.3941,False
PS,44,500,22,0.95,0.9533,0.4122,False
PS,44,500,23,0.8,0.7919,0.3365,False
PS,44,500,23,0.9,0.9149,0.3941,False
PS,44,500,23,0.95,0.9533,0.4122,False
PS,44,500,24,0.8,0.8331,0.3556,False
PS,44,500,24,0.9,0.9149,0.3941,False
PS,44,500,24,0.95,0.9551,0.4129,False
PS,44,500,25,0.8,0.8331,0.3556,False
PS,44,500,25,0.9,0.9149,0.3941,False
PS,44,500,25,0.95,0.9551,0.4129,False
PS,44,500,26,0.8,0.7924,0.3368,False
PS,44,500,26,0.9,0.9149,0.3941,False
PS,44,500,26,0.95,0.9551,0.4129,False
PS,44,500,27,0.8,0.7919,0.3365,False
PS,44,500,27,0.9,0.9149,0.3941,False
PS,44,500,27,0.95,0.9533,0.4122,False
PS,44,500,28,0.8,0.7919,0.3365,False
PS,44,500,28,0.9,0.9149,0.3941,False
PS,44,500,28,0.95,0.9533,0.4122,False
PS,44,500,29,0.8,0.7919,0.3365,False
PS,44,500,29,0.9,0.9149,0.3941,False
PS,44,500,29,0.95,0.9533,0.4122,False
PS,44,500,30,0.8,0.8331,0.3556,False
PS,44,500,30,0.9,0.9149,0.3941,False
PS,44,500,30,0.95,0.9533,0.4122,False
PS,44,500,31,0.8,0.7919,0.3365,False
PS,44,500,31,0.9,0.9149,0.3941,False
PS,44,500,31,0.95,0.9533,0.4122,False
PS,44,500,32,0.8,0.8331,0.3556,False
PS,44,500,32,0.9,0.9149,0.3941,False
PS,44,500,32,0.95,0.9551,0.4129,False
PS,44,500,33,0.8,0.7919,0.3365,False
PS,44,500,33,0.9,0.9149,0.3941,False
PS,44,500,33,0.95,0.9533,0.4122,False
PS,44,500,34,0.8,0.7919,0.3365,False
PS,44,500,34,0.9,0.9149,0.3941,False
PS,44,500,34,0.95,0.9533,0.4122,False
PS,44,500,35,0.8,0.7919,0.3365,False
PS,44,500,35,0.9,0.9149,0.3941,False
PS,44,500,35,0.95,0.9533,0.4122,False
PS,44,500,36,0.8,0.7919,0.3365,False
PS,44,500,36,0.9,0.9149,0.3941,False
PS,44,500,36,0.95,0.9533,0.4122,False
PS,44,500,37,0.8,0.7919,0.3365,False
PS,44,500,37,0.9,0.9149,0.3941,False
PS,44,500,37,0.95,0.9533,0.4122,False
PS,44,500,38,0.8,0.8331,0.3556,False
PS,44,500,38,0.9,0.9149,0.3941,False
PS,44,500,38,0.95,0.9533,0.4122,False
PS,44,500,39,0.8,0.8331,0.3556,False
PS,44,500,39,0.9,0.9149,0.3941,False
PS,44,500,39,0.95,0.9533,0.4122,False
PS,44,562,0,0.8,0.7919,0.3365,False
PS,44,562,0,0.9,0.9149,0.3941,False
PS,44,562,0,0.95,0.9533,0.4122,False
T,42,10,0,0.8,0.8077,0.5384,False
T,42,10,0,0.9,0.8077,0.5384,False
T,42,10,0,0.95,0.8077,0.5384,False
T,42,10,1,0.8,0.9423,23.4165,False
T,42,10,1,0.9,0.9423,23.4165,False
T,42,10,1,0.95,0.9423,23.4165,False
T,42,10,2,0.8,0.7308,0.1194,False
T,42,10,2,0.9,0.7308,0.1194,False
T,42,10,2,0.95,0.7308,0.1194,False
T,42,10,3,0.8,1.0,100.0,True
T,42,10,3,0.9,1.0,100.0,True
T,42,10,3,0.95,1.0,100.0,True
T,42,10,4,0.8,1.0,100.0,True
T,42,10,4,0.9,1.0,100.0,True
T,42,10,4,0.95,1.0,100.0,True
T,42,10,5,0.8,0.8077,0.5384,False
T,42,10,5,0.9,0.8077,0.5384,False
T,42,10,5,0.95,0.8077,0.5384,False
T,42,10,6,0.8,0.9423,23.4165,False
T,42,10,6,0.9,0.9423,23.4165,False
T,42,10,6,0.95,0.9423,23.4165,False
T,42,10,7,0.8,1.0,100.0,True
T,42,10,7,0.9,1.0,100.0,True
T,42,10,7,0.95,1.0,100.0,True
T,42,10,8,0.8,1.0,100.0,True
T,42,10,8,0.9,1.0,100.0,True
T,42,10,8,0.95,1.0,100.0,True
T,42,10,9,0.8,0.9423,23.4165,False
T,42,10,9,0.9,0.9423,23.4165,False
T,42,10,9,0.95,0.9423,23.4165,False
T,42,10,10,0.8,0.8077,0.5384,False
T,42,10,10,0.9,0.8077,0.5384,False
T,42,10,10,0.95,0.8077,0.5384,False
T,42,10,11,0.8,0.8077,0.5384,False
T,42,10,11,0.9,0.8077,0.5384,False
T,42,10,11,0.95,0.8077,0.5384,False
T,42,10,12,0.8,0.9423,23.4165,False
T,42,10,12,0.9,0.9423,23.4165,False
T,42,10,12,0.95,0.9423,23.4165,False
T,42,10,13,0.8,1.0,100.0,True
T,42,10,13,0.9,1.0,100.0,True
T,42,10,13,0.95,1.0,100.0,True
T,42,10,14,0.8,1.0,100.0,True
T,42,10,14,0.9,1.0,100.0,True
T,42,10,14,0.95,1.0,100.0,True
T,42,10,15,0.8,0.9423,23.4165,False
T,42,10,15,0.9,0.9423,23.4165,False
T,42,10,15,0.95,0.9423,23.4165,False
T,42,10,16,0.8,0.9423,23.4165,False
T,42,10,16,0.9,0.9423,23.4165,False
T,42,10,16,0.95,0.9423,23.4165,False
T,42,10,17,0.8,0.8077,0.5384,False
T,42,10,17,0.9,0.8077,0.5384,False
T,42,10,17,0.95,0.8077,0.5384,False
T,42,10,18,0.8,0.9423,23.4165,False
T,42,10,18,0.9,0.9423,23.4165,False
T,42,10,18,0.95,0.9423,23.4165,False
T,42,10,19,0.8,0.9423,23.4165,False
T,42,10,19,0.9,0.9423,23.4165,False
T,42,10,19,0.95,0.9423,23.4165,False
T,42,10,20,0.8,1.0,100.0,True
T,42,10,20,0.9,1.0,100.0,True
T,42,10,20,0.95,1.0,100.0,True
T,42,10,21,0.8,0.9423,23.4165,False
T,42,10,21,0.9,0.9423,23.4165,False
T,42,10,21,0.95,0.9423,23.4165,False
T,42,10,22,0.8,0.8077,0.5384,False
T,42,10,22,0.9,0.8077,0.5384,False
T,42,10,22,0.95,0.8077,0.5384,False
T,42,10,23,0.8,1.0,100.0,True
T,42,10,23,0.9,1.0,100.0,True
T,42,10,23,0.95,1.0,100.0,True
T,42,10,24,0.8,0.7308,0.1194,False
T,42,10,24,0.9,0.7308,0.1194,False
T,42,10,24,0.95,0.7308,0.1194,False
T,42,10,25,0.8,0.7115,0.1053,False
T,42,10,25,0.9,0.7115,0.1053,False
T,42,10,25,0.95,0.7115,0.1053,False
T,42,10,26,0.8,1.0,100.0,True
T,42,10,26,0.9,1.0,100.0,True
T,42,10,26,0.95,1.0,100.0,True
T,42,10,27,0.8,1.0,100.0,True
T,42,10,27,0.9,1.0,100.0,True
T,42,10,27,0.95,1.0,100.0,True
T,42,10,28,0.8,0.9423,23.4165,False
T,42,10,28,0.9,0.9423,23.4165,False
T,42,10,28,0.95,0.9423,23.4165,False
T,42,10,29,0.8,0.9423,23.4165,False
T,42,10,29,0.9,0.9423,23.4165,False
T,42,10,29,0.95,0.9423,23.4165,False
T,42,10,30,0.8,0.9423,23.4165,False
T,42,10,30,0.9,0.9423,23.4165,False
T,42,10,30,0.95,0.9423,23.4165,False
T,42,10,31,0.8,0.9423,23.4165,False
T,42,10,31,0.9,0.9423,23.4165,False
T,42,10,31,0.95,0.9423,23.4165,False
T,42,10,32,0.8,0.7308,0.1194,False
T,42,10,32,0.9,0.7308,0.1194,False
T,42,10,32,0.95,0.7308,0.1194,False
T,42,10,33,0.8,1.0,100.0,True
T,42,10,33,0.9,1.0,100.0,True
T,42,10,33,0.95,1.0,100.0,True
T,42,10,34,0.8,0.8077,0.5384,False
T,42,10,34,0.9,0.8077,0.5384,False
T,42,10,34,0.95,0.8077,0.5384,False
T,42,10,35,0.8,0.9423,23.4165,False
T,42,10,35,0.9,0.9423,23.4165,False
T,42,10,35,0.95,0.9423,23.4165,False
T,42,10,36,0.8,0.7115,0.1053,False
T,42,10,36,0.9,0.7115,0.1053,False
T,42,10,36,0.95,0.7115,0.1053,False
T,42,10,37,0.8,0.8077,0.5384,False
T,42,10,37,0.9,0.8077,0.5384,False
T,42,10,37,0.95,0.8077,0.5384,False
T,42,10,38,0.8,0.9423,23.4165,False
T,42,10,38,0.9,0.9423,23.4165,False
T,42,10,38,0.95,0.9423,23.4165,False
T,42,10,39,0.8,0.8077,0.5384,False
T,42,10,39,0.9,0.8077,0.5384,False
T,42,10,39,0.95,0.8077,0.5384,False
T,42,15,0,0.8,0.9423,23.4165,False
T,42,15,0,0.9,1.0,100.0,True
T,42,15,0,0.95,1.0,100.0,True
T,42,15,1,0.8,0.9423,23.4165,False
T,42,15,1,0.9,1.0,100.0,True
T,42,15,1,0.95,1.0,100.0,True
T,42,15,2,0.8,0.9423,23.4165,False
T,42,15,2,0.9,1.0,100.0,True
T,42,15,2,0.95,1.0,100.0,True
T,42,15,3,0.8,0.7308,0.1194,False
T,42,15,3,0.9,0.8077,0.5384,False
T,42,15,3,0.95,0.8077,0.5384,False
T,42,15,4,0.8,0.8462,3.3449,False
T,42,15,4,0.9,0.9423,23.4165,False
T,42,15,4,0.95,0.9423,23.4165,False
T,42,15,5,0.8,0.9423,23.4165,False
T,42,15,5,0.9,0.9423,23.4165,False
T,42,15,5,0.95,0.9423,23.4165,False
T,42,15,6,0.8,0.9423,23.4165,False
T,42,15,6,0.9,1.0,100.0,True
T,42,15,6,0.95,1.0,100.0,True
T,42,15,7,0.8,0.8462,3.3449,False
T,42,15,7,0.9,0.9423,23.4165,False
T,42,15,7,0.95,0.9423,23.4165,False
T,42,15,8,0.8,0.8077,0.5384,False
T,42,15,8,0.9,0.9423,23.4165,False
T,42,15,8,0.95,0.9423,23.4165,False
T,42,15,9,0.8,0.9423,23.4165,False
T,42,15,9,0.9,1.0,100.0,True
T,42,15,9,0.95,1.0,100.0,True
T,42,15,10,0.8,0.8077,0.5384,False
T,42,15,10,0.9,0.8462,3.3449,False
T,42,15,10,0.95,0.8462,3.3449,False
T,42,15,11,0.8,0.8077,0.5384,False
T,42,15,11,0.9,0.9423,23.4165,False
T,42,15,11,0.95,0.9423,23.4165,False
T,42,15,12,0.8,0.8462,3.3449,False
T,42,15,12,0.9,1.0,100.0,True
T,42,15,12,0.95,1.0,100.0,True
T,42,15,13,0.8,0.8077,0.5384,False
T,42,15,13,0.9,1.0,100.0,True
T,42,15,13,0.95,1.0,100.0,True
T,42,15,14,0.8,0.9423,23.4165,False
T,42,15,14,0.9,1.0,100.0,True
T,42,15,14,0.95,1.0,100.0,True
T,42,15,15,0.8,0.8077,0.5384,False
T,42,15,15,0.9,1.0,100.0,True
T,42,15,15,0.95,1.0,100.0,True
T,42,15,16,0.8,0.7308,0.1194,False
T,42,15,16,0.9,1.0,100.0,True
T,42,15,16,0.95,1.0,100.0,True
T,42,15,17,0.8,0.9423,23.4165,False
T,42,15,17,0.9,1.0,100.0,True
T,42,15,17,0.95,1.0,100.0,True
T,42,15,18,0.8,0.8077,0.5384,False
T,42,15,18,0.9,0.9423,23.4165,False
T,42,15,18,0.95,0.9423,23.4165,False
T,42,15,19,0.8,0.8077,0.5384,False
T,42,15,19,0.9,0.8462,3.3449,False
T,42,15,19,0.95,0.8462,3.3449,False
T,42,15,20,0.8,1.0,100.0,True
T,42,15,20,0.9,1.0,100.0,True
T,42,15,20,0.95,1.0,100.0,True
T,42,15,21,0.8,0.8077,0.5384,False
T,42,15,21,0.9,0.8077,0.5384,False
T,42,15,21,0.95,0.8077,0.5384,False
T,42,15,22,0.8,0.9423,23.4165,False
T,42,15,22,0.9,0.9423,23.4165,False
T,42,15,22,0.95,0.9423,23.4165,False
T,42,15,23,0.8,0.8077,0.5384,False
T,42,15,23,0.9,0.9423,23.4165,False
T,42,15,23,0.95,0.9423,23.4165,False
T,42,15,24,0.8,0.8462,3.3449,False
T,42,15,24,0.9,0.9423,23.4165,False
T,42,15,24,0.95,0.9423,23.4165,False
T,42,15,25,0.8,0.9423,23.4165,False
T,42,15,25,0.9,0.9423,23.4165,False
T,42,15,25,0.95,0.9423,23.4165,False
T,42,15,26,0.8,0.9423,23.4165,False
T,42,15,26,0.9,1.0,100.0,True
T,42,15,26,0.95,1.0,100.0,True
T,42,15,27,0.8,0.8462,3.3449,False
T,42,15,27,0.9,0.9423,23.4165,False
T,42,15,27,0.95,0.9423,23.4165,False
T,42,15,28,0.8,0.8077,0.5384,False
T,42,15,28,0.9,1.0,100.0,True
T,42,15,28,0.95,1.0,100.0,True
T,42,15,29,0.8,0.8462,3.3449,False
T,42,15,29,0.9,1.0,100.0,True
T,42,15,29,0.95,1.0,100.0,True
T,42,15,30,0.8,0.8462,3.3449,False
T,42,15,30,0.9,0.9423,23.4165,False
T,42,15,30,0.95,0.9423,23.4165,False
T,42,15,31,0.8,0.8077,0.5384,False
T,42,15,31,0.9,0.9423,23.4165,False
T,42,15,31,0.95,0.9423,23.4165,False
T,42,15,32,0.8,0.7115,0.1053,False
T,42,15,32,0.9,1.0,100.0,True
T,42,15,32,0.95,1.0,100.0,True
T,42,15,33,0.8,0.9423,23.4165,False
T,42,15,33,0.9,0.9423,23.4165,False
T,42,15,33,0.95,0.9423,23.4165,False
T,42,15,34,0.8,0.8077,0.5384,False
T,42,15,34,0.9,1.0,100.0,True
T,42,15,34,0.95,1.0,100.0,True
T,42,15,35,0.8,0.8077,0.5384,False
T,42,15,35,0.9,0.9423,23.4165,False
T,42,15,35,0.95,0.9423,23.4165,False
T,42,15,36,0.8,0.9423,23.4165,False
T,42,15,36,0.9,1.0,100.0,True
T,42,15,36,0.95,1.0,100.0,True
T,42,15,37,0.8,0.9423,23.4165,False
T,42,15,37,0.9,0.9423,23.4165,False
T,42,15,37,0.95,0.9423,23.4165,False
T,42,15,38,0.8,0.8462,3.3449,False
T,42,15,38,0.9,1.0,100.0,True
T,42,15,38,0.95,1.0,100.0,True
T,42,15,39,0.8,0.7308,0.1194,False
T,42,15,39,0.9,0.8077,0.5384,False
T,42,15,39,0.95,0.8077,0.5384,False
T,42,20,0,0.8,0.7308,0.1194,False
T,42,20,0,0.9,1.0,100.0,True
T,42,20,0,0.95,1.0,100.0,True
T,42,20,1,0.8,0.7308,0.1194,False
T,42,20,1,0.9,0.8462,3.3449,False
T,42,20,1,0.95,0.8462,3.3449,False
T,42,20,2,0.8,0.8077,0.5384,False
T,42,20,2,0.9,1.0,100.0,True
T,42,20,2,0.95,1.0,100.0,True
T,42,20,3,0.8,0.9423,23.4165,False
T,42,20,3,0.9,1.0,100.0,True
T,42,20,3,0.95,1.0,100.0,True
T,42,20,4,0.8,0.7308,0.1194,False
T,42,20,4,0.9,1.0,100.0,True
T,42,20,4,0.95,1.0,100.0,True
T,42,20,5,0.8,0.8462,3.3449,False
T,42,20,5,0.9,1.0,100.0,True
T,42,20,5,0.95,1.0,100.0,True
T,42,20,6,0.8,0.9423,23.4165,False
T,42,20,6,0.9,1.0,100.0,True
T,42,20,6,0.95,1.0,100.0,True
T,42,20,7,0.8,0.8462,3.3449,False
T,42,20,7,0.9,1.0,100.0,True
T,42,20,7,0.95,1.0,100.0,True
T,42,20,8,0.8,0.8077,0.5384,False
T,42,20,8,0.9,1.0,100.0,True
T,42,20,8,0.95,1.0,100.0,True
T,42,20,9,0.8,0.8077,0.5384,False
T,42,20,9,0.9,0.8077,0.5384,False
T,42,20,9,0.95,0.8077,0.5384,False
T,42,20,10,0.8,0.8077,0.5384,False
T,42,20,10,0.9,0.9423,23.4165,False
T,42,20,10,0.95,0.9423,23.4165,False
T,42,20,11,0.8,0.8077,0.5384,False
T,42,20,11,0.9,0.9423,23.4165,False
T,42,20,11,0.95,0.9423,23.4165,False
T,42,20,12,0.8,0.8077,0.5384,False
T,42,20,12,0.9,0.8462,3.3449,False
T,42,20,12,0.95,0.8462,3.3449,False
T,42,20,13,0.8,0.8077,0.5384,False
T,42,20,13,0.9,1.0,100.0,True
T,42,20,13,0.95,1.0,100.0,True
T,42,20,14,0.8,0.8462,3.3449,False
T,42,20,14,0.9,1.0,100.0,True
T,42,20,14,0.95,1.0,100.0,True
T,42,20,15,0.8,0.8462,3.3449,False
T,42,20,15,0.9,1.0,100.0,True
T,42,20,15,0.95,1.0,100.0,True
T,42,20,16,0.8,0.7308,0.1194,False
T,42,20,16,0.9,0.9423,23.4165,False
T,42,20,16,0.95,0.9423,23.4165,False
T,42,20,17,0.8,0.8077,0.5384,False
T,42,20,17,0.9,1.0,100.0,True
T,42,20,17,0.95,1.0,100.0,True
T,42,20,18,0.8,0.8462,3.3449,False
T,42,20,18,0.9,1.0,100.0,True
T,42,20,18,0.95,1.0,100.0,True
T,42,20,19,0.8,0.8462,3.3449,False
T,42,20,19,0.9,1.0,100.0,True
T,42,20,19,0.95,1.0,100.0,True
T,42,20,20,0.8,0.8462,3.3449,False
T,42,20,20,0.9,1.0,100.0,True
T,42,20,20,0.95,1.0,100.0,True
T,42,20,21,0.8,0.8077,0.5384,False
T,42,20,21,0.9,0.9423,23.4165,False
T,42,20,21,0.95,0.9423,23.4165,False
T,42,20,22,0.8,0.8077,0.5384,False
T,42,20,22,0.9,1.0,100.0,True
T,42,20,22,0.95,1.0,100.0,True
T,42,20,23,0.8,0.8077,0.5384,False
T,42,20,23,0.9,1.0,100.0,True
T,42,20,23,0.95,1.0,100.0,True
T,42,20,24,0.8,0.8077,0.5384,False
T,42,20,24,0.9,0.9423,23.4165,False
T,42,20,24,0.95,0.9423,23.4165,False
T,42,20,25,0.8,0.8077,0.5384,False
T,42,20,25,0.9,0.8077,0.5384,False
T,42,20,25,0.95,0.8077,0.5384,False
T,42,20,26,0.8,0.8462,3.3449,False
T,42,20,26,0.9,1.0,100.0,True
T,42,20,26,0.95,1.0,100.0,True
T,42,20,27,0.8,0.9423,23.4165,False
T,42,20,27,0.9,1.0,100.0,True
T,42,20,27,0.95,1.0,100.0,True
T,42,20,28,0.8,0.8077,0.5384,False
T,42,20,28,0.9,1.0,100.0,True
T,42,20,28,0.95,1.0,100.0,True
T,42,20,29,0.8,0.7308,0.1194,False
T,42,20,29,0.9,1.0,100.0,True
T,42,20,29,0.95,1.0,100.0,True
T,42,20,30,0.8,0.9423,23.4165,False
T,42,20,30,0.9,1.0,100.0,True
T,42,20,30,0.95,1.0,100.0,True
T,42,20,31,0.8,0.9423,23.4165,False
T,42,20,31,0.9,1.0,100.0,True
T,42,20,31,0.95,1.0,100.0,True
T,42,20,32,0.8,0.7115,0.1053,False
T,42,20,32,0.9,0.8077,0.5384,False
T,42,20,32,0.95,0.8077,0.5384,False
T,42,20,33,0.8,0.8077,0.5384,False
T,42,20,33,0.9,0.8077,0.5384,False
T,42,20,33,0.95,0.8077,0.5384,False
T,42,20,34,0.8,0.8077,0.5384,False
T,42,20,34,0.9,1.0,100.0,True
T,42,20,34,0.95,1.0,100.0,True
T,42,20,35,0.8,0.8077,0.5384,False
T,42,20,35,0.9,0.9423,23.4165,False
T,42,20,35,0.95,0.9423,23.4165,False
T,42,20,36,0.8,0.8077,0.5384,False
T,42,20,36,0.9,1.0,100.0,True
T,42,20,36,0.95,1.0,100.0,True
T,42,20,37,0.8,0.9423,23.4165,False
T,42,20,37,0.9,1.0,100.0,True
T,42,20,37,0.95,1.0,100.0,True
T,42,20,38,0.8,0.8077,0.5384,False
T,42,20,38,0.9,1.0,100.0,True
T,42,20,38,0.95,1.0,100.0,True
T,42,20,39,0.8,0.7308,0.1194,False
T,42,20,39,0.9,0.8077,0.5384,False
T,42,20,39,0.95,0.8077,0.5384,False
T,42,25,0,0.8,0.8077,0.5384,False
T,42,25,0,0.9,1.0,100.0,True
T,42,25,0,0.95,1.0,100.0,True
T,42,25,1,0.8,0.8077,0.5384,False
T,42,25,1,0.9,1.0,100.0,True
T,42,25,1,0.95,1.0,100.0,True
T,42,25,2,0.8,0.8077,0.5384,False
T,42,25,2,0.9,1.0,100.0,True
T,42,25,2,0.95,1.0,100.0,True
T,42,25,3,0.8,0.7308,0.1194,False
T,42,25,3,0.9,1.0,100.0,True
T,42,25,3,0.95,1.0,100.0,True
T,42,25,4,0.8,0.8077,0.5384,False
T,42,25,4,0.9,0.9423,23.4165,False
T,42,25,4,0.95,0.9423,23.4165,False
T,42,25,5,0.8,0.9423,23.4165,False
T,42,25,5,0.9,1.0,100.0,True
T,42,25,5,0.95,1.0,100.0,True
T,42,25,6,0.8,0.8462,3.3449,False
T,42,25,6,0.9,1.0,100.0,True
T,42,25,6,0.95,1.0,100.0,True
T,42,25,7,0.8,0.8077,0.5384,False
T,42,25,7,0.9,1.0,100.0,True
T,42,25,7,0.95,1.0,100.0,True
T,42,25,8,0.8,0.8462,3.3449,False
T,42,25,8,0.9,1.0,100.0,True
T,42,25,8,0.95,1.0,100.0,True
T,42,25,9,0.8,0.8077,0.5384,False
T,42,25,9,0.9,1.0,100.0,True
T,42,25,9,0.95,1.0,100.0,True
T,42,25,10,0.8,0.5962,0.0796,False
T,42,25,10,0.9,1.0,100.0,True
T,42,25,10,0.95,1.0,100.0,True
T,42,25,11,0.8,0.7308,0.1194,False
T,42,25,11,0.9,0.9423,23.4165,False
T,42,25,11,0.95,0.9423,23.4165,False
T,42,25,12,0.8,0.9423,23.4165,False
T,42,25,12,0.9,1.0,100.0,True
T,42,25,12,0.95,1.0,100.0,True
T,42,25,13,0.8,0.8077,0.5384,False
T,42,25,13,0.9,1.0,100.0,True
T,42,25,13,0.95,1.0,100.0,True
T,42,25,14,0.8,0.8462,3.3449,False
T,42,25,14,0.9,1.0,100.0,True
T,42,25,14,0.95,1.0,100.0,True
T,42,25,15,0.8,0.7115,0.1053,False
T,42,25,15,0.9,0.9423,23.4165,False
T,42,25,15,0.95,0.9423,23.4165,False
T,42,25,16,0.8,0.8077,0.5384,False
T,42,25,16,0.9,1.0,100.0,True
T,42,25,16,0.95,1.0,100.0,True
T,42,25,17,0.8,0.8077,0.5384,False
T,42,25,17,0.9,1.0,100.0,True
T,42,25,17,0.95,1.0,100.0,True
T,42,25,18,0.8,0.8077,0.5384,False
T,42,25,18,0.9,0.9423,23.4165,False
T,42,25,18,0.95,0.9423,23.4165,False
T,42,25,19,0.8,0.8077,0.5384,False
T,42,25,19,0.9,1.0,100.0,True
T,42,25,19,0.95,1.0,100.0,True
T,42,25,20,0.8,0.7308,0.1194,False
T,42,25,20,0.9,1.0,100.0,True
T,42,25,20,0.95,1.0,100.0,True
T,42,25,21,0.8,0.8077,0.5384,False
T,42,25,21,0.9,0.9423,23.4165,False
T,42,25,21,0.95,0.9423,23.4165,False
T,42,25,22,0.8,0.8077,0.5384,False
T,42,25,22,0.9,1.0,100.0,True
T,42,25,22,0.95,1.0,100.0,True
T,42,25,23,0.8,0.8462,3.3449,False
T,42,25,23,0.9,1.0,100.0,True
T,42,25,23,0.95,1.0,100.0,True
T,42,25,24,0.8,0.8077,0.5384,False
T,42,25,24,0.9,1.0,100.0,True
T,42,25,24,0.95,1.0,100.0,True
T,42,25,25,0.8,0.8077,0.5384,False
T,42,25,25,0.9,1.0,100.0,True
T,42,25,25,0.95,1.0,100.0,True
T,42,25,26,0.8,0.7308,0.1194,False
T,42,25,26,0.9,1.0,100.0,True
T,42,25,26,0.95,1.0,100.0,True
T,42,25,27,0.8,0.9423,23.4165,False
T,42,25,27,0.9,1.0,100.0,True
T,42,25,27,0.95,1.0,100.0,True
T,42,25,28,0.8,0.8077,0.5384,False
T,42,25,28,0.9,1.0,100.0,True
T,42,25,28,0.95,1.0,100.0,True
T,42,25,29,0.8,0.8077,0.5384,False
T,42,25,29,0.9,1.0,100.0,True
T,42,25,29,0.95,1.0,100.0,True
T,42,25,30,0.8,0.8077,0.5384,False
T,42,25,30,0.9,1.0,100.0,True
T,42,25,30,0.95,1.0,100.0,True
T,42,25,31,0.8,0.8077,0.5384,False
T,42,25,31,0.9,1.0,100.0,True
T,42,25,31,0.95,1.0,100.0,True
T,42,25,32,0.8,0.7308,0.1194,False
T,42,25,32,0.9,1.0,100.0,True
T,42,25,32,0.95,1.0,100.0,True
T,42,25,33,0.8,0.7308,0.1194,False
T,42,25,33,0.9,1.0,100.0,True
T,42,25,33,0.95,1.0,100.0,True
T,42,25,34,0.8,0.8077,0.5384,False
T,42,25,34,0.9,0.9423,23.4165,False
T,42,25,34,0.95,0.9423,23.4165,False
T,42,25,35,0.8,0.7308,0.1194,False
T,42,25,35,0.9,0.9423,23.4165,False
T,42,25,35,0.95,0.9423,23.4165,False
T,42,25,36,0.8,0.8077,0.5384,False
T,42,25,36,0.9,1.0,100.0,True
T,42,25,36,0.95,1.0,100.0,True
T,42,25,37,0.8,0.7308,0.1194,False
T,42,25,37,0.9,0.9423,23.4165,False
T,42,25,37,0.95,0.9423,23.4165,False
T,42,25,38,0.8,0.8077,0.5384,False
T,42,25,38,0.9,1.0,100.0,True
T,42,25,38,0.95,1.0,100.0,True
T,42,25,39,0.8,0.8077,0.5384,False
T,42,25,39,0.9,0.9423,23.4165,False
T,42,25,39,0.95,0.9423,23.4165,False
T,42,30,0,0.8,0.8077,0.5384,False
T,42,30,0,0.9,0.9423,23.4165,False
T,42,30,0,0.95,0.9423,23.4165,False
T,42,30,1,0.8,0.8077,0.5384,False
T,42,30,1,0.9,0.9423,23.4165,False
T,42,30,1,0.95,1.0,100.0,True
T,42,30,2,0.8,0.7308,0.1194,False
T,42,30,2,0.9,0.8462,3.3449,False
T,42,30,2,0.95,0.9423,23.4165,False
T,42,30,3,0.8,0.8077,0.5384,False
T,42,30,3,0.9,0.9423,23.4165,False
T,42,30,3,0.95,1.0,100.0,True
T,42,30,4,0.8,0.8077,0.5384,False
T,42,30,4,0.9,0.9423,23.4165,False
T,42,30,4,0.95,1.0,100.0,True
T,42,30,5,0.8,0.7308,0.1194,False
T,42,30,5,0.9,1.0,100.0,True
T,42,30,5,0.95,1.0,100.0,True
T,42,30,6,0.8,0.8077,0.5384,False
T,42,30,6,0.9,0.9423,23.4165,False
T,42,30,6,0.95,0.9423,23.4165,False
T,42,30,7,0.8,0.8077,0.5384,False
T,42,30,7,0.9,0.8462,3.3449,False
T,42,30,7,0.95,0.9423,23.4165,False
T,42,30,8,0.8,0.8077,0.5384,False
T,42,30,8,0.9,0.9423,23.4165,False
T,42,30,8,0.95,1.0,100.0,True
T,42,30,9,0.8,0.8077,0.5384,False
T,42,30,9,0.9,0.9423,23.4165,False
T,42,30,9,0.95,1.0,100.0,True
T,42,30,10,0.8,0.8077,0.5384,False
T,42,30,10,0.9,0.9423,23.4165,False
T,42,30,10,0.95,0.9423,23.4165,False
T,42,30,11,0.8,0.8077,0.5384,False
T,42,30,11,0.9,0.8462,3.3449,False
T,42,30,11,0.95,1.0,100.0,True
T,42,30,12,0.8,0.8077,0.5384,False
T,42,30,12,0.9,0.9423,23.4165,False
T,42,30,12,0.95,1.0,100.0,True
T,42,30,13,0.8,0.8077,0.5384,False
T,42,30,13,0.9,0.8462,3.3449,False
T,42,30,13,0.95,0.9423,23.4165,False
T,42,30,14,0.8,0.8462,3.3449,False
T,42,30,14,0.9,0.9423,23.4165,False
T,42,30,14,0.95,1.0,100.0,True
T,42,30,15,0.8,0.7308,0.1194,False
T,42,30,15,0.9,0.8077,0.5384,False
T,42,30,15,0.95,1.0,100.0,True
T,42,30,16,0.8,0.8077,0.5384,False
T,42,30,16,0.9,0.9423,23.4165,False
T,42,30,16,0.95,1.0,100.0,True
T,42,30,17,0.8,0.8462,3.3449,False
T,42,30,17,0.9,1.0,100.0,True
T,42,30,17,0.95,1.0,100.0,True
T,42,30,18,0.8,0.8077,0.5384,False
T,42,30,18,0.9,0.8462,3.3449,False
T,42,30,18,0.95,0.9423,23.4165,False
T,42,30,19,0.8,0.7308,0.1194,False
T,42,30,19,0.9,0.8462,3.3449,False
T,42,30,19,0.95,0.9423,23.4165,False
T,42,30,20,0.8,0.8462,3.3449,False
T,42,30,20,0.9,1.0,100.0,True
T,42,30,20,0.95,1.0,100.0,True
T,42,30,21,0.8,0.8077,0.5384,False
T,42,30,21,0.9,0.9423,23.4165,False
T,42,30,21,0.95,1.0,100.0,True
T,42,30,22,0.8,0.8077,0.5384,False
T,42,30,22,0.9,0.9423,23.4165,False
T,42,30,22,0.95,1.0,100.0,True
T,42,30,23,0.8,0.8077,0.5384,False
T,42,30,23,0.9,0.9423,23.4165,False
T,42,30,23,0.95,1.0,100.0,True
T,42,30,24,0.8,0.8077,0.5384,False
T,42,30,24,0.9,0.9423,23.4165,False
T,42,30,24,0.95,1.0,100.0,True
T,42,30,25,0.8,0.7308,0.1194,False
T,42,30,25,0.9,0.9423,23.4165,False
T,42,30,25,0.95,0.9423,23.4165,False
T,42,30,26,0.8,0.8077,0.5384,False
T,42,30,26,0.9,1.0,100.0,True
T,42,30,26,0.95,1.0,100.0,True
T,42,30,27,0.8,0.8077,0.5384,False
T,42,30,27,0.9,0.9423,23.4165,False
T,42,30,27,0.95,1.0,100.0,True
T,42,30,28,0.8,0.7308,0.1194,False
T,42,30,28,0.9,0.8462,3.3449,False
T,42,30,28,0.95,0.9423,23.4165,False
T,42,30,29,0.8,0.8077,0.5384,False
T,42,30,29,0.9,0.9423,23.4165,False
T,42,30,29,0.95,1.0,100.0,True
T,42,30,30,0.8,0.7308,0.1194,False
T,42,30,30,0.9,0.8462,3.3449,False
T,42,30,30,0.95,0.9423,23.4165,False
T,42,30,31,0.8,0.8077,0.5384,False
T,42,30,31,0.9,1.0,100.0,True
T,42,30,31,0.95,1.0,100.0,True
T,42,30,32,0.8,0.8077,0.5384,False
T,42,30,32,0.9,0.9423,23.4165,False
T,42,30,32,0.95,0.9423,23.4165,False
T,42,30,33,0.8,0.7115,0.1053,False
T,42,30,33,0.9,0.9423,23.4165,False
T,42,30,33,0.95,1.0,100.0,True
T,42,30,34,0.8,0.7308,0.1194,False
T,42,30,34,0.9,0.8462,3.3449,False
T,42,30,34,0.95,1.0,100.0,True
T,42,30,35,0.8,0.8077,0.5384,False
T,42,30,35,0.9,1.0,100.0,True
T,42,30,35,0.95,1.0,100.0,True
T,42,30,36,0.8,0.8462,3.3449,False
T,42,30,36,0.9,1.0,100.0,True
T,42,30,36,0.95,1.0,100.0,True
T,42,30,37,0.8,0.9423,23.4165,False
T,42,30,37,0.9,1.0,100.0,True
T,42,30,37,0.95,1.0,100.0,True
T,42,30,38,0.8,0.8462,3.3449,False
T,42,30,38,0.9,0.9423,23.4165,False
T,42,30,38,0.95,1.0,100.0,True
T,42,30,39,0.8,0.8077,0.5384,False
T,42,30,39,0.9,1.0,100.0,True
T,42,30,39,0.95,1.0,100.0,True
T,42,40,0,0.8,0.8077,0.5384,False
T,42,40,0,0.9,0.9423,23.4165,False
T,42,40,0,0.95,1.0,100.0,True
T,42,40,1,0.8,0.8077,0.5384,False
T,42,40,1,0.9,0.9423,23.4165,False
T,42,40,1,0.95,1.0,100.0,True
T,42,40,2,0.8,0.8077,0.5384,False
T,42,40,2,0.9,0.9423,23.4165,False
T,42,40,2,0.95,1.0,100.0,True
T,42,40,3,0.8,0.8077,0.5384,False
T,42,40,3,0.9,0.9423,23.4165,False
T,42,40,3,0.95,1.0,100.0,True
T,42,40,4,0.8,0.7115,0.1053,False
T,42,40,4,0.9,0.9423,23.4165,False
T,42,40,4,0.95,1.0,100.0,True
T,42,40,5,0.8,0.8077,0.5384,False
T,42,40,5,0.9,0.9423,23.4165,False
T,42,40,5,0.95,1.0,100.0,True
T,42,40,6,0.8,0.8077,0.5384,False
T,42,40,6,0.9,0.9423,23.4165,False
T,42,40,6,0.95,1.0,100.0,True
T,42,40,7,0.8,0.8077,0.5384,False
T,42,40,7,0.9,0.9423,23.4165,False
T,42,40,7,0.95,1.0,100.0,True
T,42,40,8,0.8,0.8077,0.5384,False
T,42,40,8,0.9,0.9423,23.4165,False
T,42,40,8,0.95,1.0,100.0,True
T,42,40,9,0.8,0.7308,0.1194,False
T,42,40,9,0.9,0.9423,23.4165,False
T,42,40,9,0.95,1.0,100.0,True
T,42,40,10,0.8,0.7115,0.1053,False
T,42,40,10,0.9,0.9423,23.4165,False
T,42,40,10,0.95,1.0,100.0,True
T,42,40,11,0.8,0.8077,0.5384,False
T,42,40,11,0.9,0.9423,23.4165,False
T,42,40,11,0.95,1.0,100.0,True
T,42,40,12,0.8,0.7308,0.1194,False
T,42,40,12,0.9,0.9423,23.4165,False
T,42,40,12,0.95,0.9423,23.4165,False
T,42,40,13,0.8,0.8077,0.5384,False
T,42,40,13,0.9,0.9423,23.4165,False
T,42,40,13,0.95,1.0,100.0,True
T,42,40,14,0.8,0.7308,0.1194,False
T,42,40,14,0.9,0.9423,23.4165,False
T,42,40,14,0.95,1.0,100.0,True
T,42,40,15,0.8,0.7308,0.1194,False
T,42,40,15,0.9,0.9423,23.4165,False
T,42,40,15,0.95,1.0,100.0,True
T,42,40,16,0.8,0.8077,0.5384,False
T,42,40,16,0.9,0.9423,23.4165,False
T,42,40,16,0.95,1.0,100.0,True
T,42,40,17,0.8,0.7115,0.1053,False
T,42,40,17,0.9,0.8077,0.5384,False
T,42,40,17,0.95,0.8077,0.5384,False
T,42,40,18,0.8,0.8077,0.5384,False
T,42,40,18,0.9,0.9423,23.4165,False
T,42,40,18,0.95,1.0,100.0,True
T,42,40,19,0.8,0.8077,0.5384,False
T,42,40,19,0.9,0.9423,23.4165,False
T,42,40,19,0.95,1.0,100.0,True
T,42,40,20,0.8,0.8077,0.5384,False
T,42,40,20,0.9,0.9423,23.4165,False
T,42,40,20,0.95,1.0,100.0,True
T,42,40,21,0.8,0.8077,0.5384,False
T,42,40,21,0.9,0.9423,23.4165,False
T,42,40,21,0.95,1.0,100.0,True
T,42,40,22,0.8,0.7308,0.1194,False
T,42,40,22,0.9,0.9423,23.4165,False
T,42,40,22,0.95,0.9423,23.4165,False
T,42,40,23,0.8,0.7308,0.1194,False
T,42,40,23,0.9,0.8077,0.5384,False
T,42,40,23,0.95,0.9423,23.4165,False
T,42,40,24,0.8,0.7308,0.1194,False
T,42,40,24,0.9,0.9423,23.4165,False
T,42,40,24,0.95,1.0,100.0,True
T,42,40,25,0.8,0.8077,0.5384,False
T,42,40,25,0.9,0.9423,23.4165,False
T,42,40,25,0.95,0.9423,23.4165,False
T,42,40,26,0.8,0.8077,0.5384,False
T,42,40,26,0.9,0.8462,3.3449,False
T,42,40,26,0.95,1.0,100.0,True
T,42,40,27,0.8,0.8077,0.5384,False
T,42,40,27,0.9,0.9423,23.4165,False
T,42,40,27,0.95,1.0,100.0,True
T,42,40,28,0.8,0.8077,0.5384,False
T,42,40,28,0.9,0.8462,3.3449,False
T,42,40,28,0.95,0.9423,23.4165,False
T,42,40,29,0.8,0.8077,0.5384,False
T,42,40,29,0.9,0.9423,23.4165,False
T,42,40,29,0.95,1.0,100.0,True
T,42,40,30,0.8,0.7308,0.1194,False
T,42,40,30,0.9,0.8077,0.5384,False
T,42,40,30,0.95,0.9423,23.4165,False
T,42,40,31,0.8,0.8077,0.5384,False
T,42,40,31,0.9,0.9423,23.4165,False
T,42,40,31,0.95,1.0,100.0,True
T,42,40,32,0.8,0.8077,0.5384,False
T,42,40,32,0.9,0.9423,23.4165,False
T,42,40,32,0.95,1.0,100.0,True
T,42,40,33,0.8,0.8077,0.5384,False
T,42,40,33,0.9,0.9423,23.4165,False
T,42,40,33,0.95,1.0,100.0,True
T,42,40,34,0.8,0.8077,0.5384,False
T,42,40,34,0.9,0.9423,23.4165,False
T,42,40,34,0.95,0.9423,23.4165,False
T,42,40,35,0.8,0.7308,0.1194,False
T,42,40,35,0.9,0.9423,23.4165,False
T,42,40,35,0.95,1.0,100.0,True
T,42,40,36,0.8,0.7308,0.1194,False
T,42,40,36,0.9,0.8077,0.5384,False
T,42,40,36,0.95,1.0,100.0,True
T,42,40,37,0.8,0.8077,0.5384,False
T,42,40,37,0.9,0.9423,23.4165,False
T,42,40,37,0.95,1.0,100.0,True
T,42,40,38,0.8,0.8077,0.5384,False
T,42,40,38,0.9,0.9423,23.4165,False
T,42,40,38,0.95,1.0,100.0,True
T,42,40,39,0.8,0.8077,0.5384,False
T,42,40,39,0.9,0.9423,23.4165,False
T,42,40,39,0.95,1.0,100.0,True
T,42,50,0,0.8,0.8077,0.5384,False
T,42,50,0,0.9,0.9423,23.4165,False
T,42,50,0,0.95,1.0,100.0,True
T,42,50,1,0.8,0.8077,0.5384,False
T,42,50,1,0.9,0.9423,23.4165,False
T,42,50,1,0.95,1.0,100.0,True
T,42,50,2,0.8,0.7308,0.1194,False
T,42,50,2,0.9,0.9423,23.4165,False
T,42,50,2,0.95,1.0,100.0,True
T,42,50,3,0.8,0.7308,0.1194,False
T,42,50,3,0.9,0.8462,3.3449,False
T,42,50,3,0.95,1.0,100.0,True
T,42,50,4,0.8,0.8077,0.5384,False
T,42,50,4,0.9,0.9423,23.4165,False
T,42,50,4,0.95,1.0,100.0,True
T,42,50,5,0.8,0.8077,0.5384,False
T,42,50,5,0.9,0.9423,23.4165,False
T,42,50,5,0.95,1.0,100.0,True
T,42,50,6,0.8,0.8077,0.5384,False
T,42,50,6,0.9,0.9423,23.4165,False
T,42,50,6,0.95,1.0,100.0,True
T,42,50,7,0.8,0.8077,0.5384,False
T,42,50,7,0.9,0.9423,23.4165,False
T,42,50,7,0.95,1.0,100.0,True
T,42,50,8,0.8,0.8077,0.5384,False
T,42,50,8,0.9,0.9423,23.4165,False
T,42,50,8,0.95,1.0,100.0,True
T,42,50,9,0.8,0.8077,0.5384,False
T,42,50,9,0.9,0.9423,23.4165,False
T,42,50,9,0.95,1.0,100.0,True
T,42,50,10,0.8,0.8077,0.5384,False
T,42,50,10,0.9,0.9423,23.4165,False
T,42,50,10,0.95,1.0,100.0,True
T,42,50,11,0.8,0.7308,0.1194,False
T,42,50,11,0.9,0.8462,3.3449,False
T,42,50,11,0.95,1.0,100.0,True
T,42,50,12,0.8,0.8077,0.5384,False
T,42,50,12,0.9,0.9423,23.4165,False
T,42,50,12,0.95,1.0,100.0,True
T,42,50,13,0.8,0.7308,0.1194,False
T,42,50,13,0.9,0.9423,23.4165,False
T,42,50,13,0.95,1.0,100.0,True
T,42,50,14,0.8,0.8077,0.5384,False
T,42,50,14,0.9,0.9423,23.4165,False
T,42,50,14,0.95,1.0,100.0,True
T,42,50,15,0.8,0.8077,0.5384,False
T,42,50,15,0.9,0.9423,23.4165,False
T,42,50,15,0.95,1.0,100.0,True
T,42,50,16,0.8,0.8077,0.5384,False
T,42,50,16,0.9,0.8462,3.3449,False
T,42,50,16,0.95,1.0,100.0,True
T,42,50,17,0.8,0.8077,0.5384,False
T,42,50,17,0.9,0.9423,23.4165,False
T,42,50,17,0.95,1.0,100.0,True
T,42,50,18,0.8,0.8077,0.5384,False
T,42,50,18,0.9,0.9423,23.4165,False
T,42,50,18,0.95,1.0,100.0,True
T,42,50,19,0.8,0.8077,0.5384,False
T,42,50,19,0.9,0.9423,23.4165,False
T,42,50,19,0.95,1.0,100.0,True
T,42,50,20,0.8,0.8077,0.5384,False
T,42,50,20,0.9,0.9423,23.4165,False
T,42,50,20,0.95,1.0,100.0,True
T,42,50,21,0.8,0.8077,0.5384,False
T,42,50,21,0.9,0.9423,23.4165,False
T,42,50,21,0.95,1.0,100.0,True
T,42,50,22,0.8,0.8077,0.5384,False
T,42,50,22,0.9,0.9423,23.4165,False
T,42,50,22,0.95,1.0,100.0,True
T,42,50,23,0.8,0.8077,0.5384,False
T,42,50,23,0.9,0.9423,23.4165,False
T,42,50,23,0.95,1.0,100.0,True
T,42,50,24,0.8,0.8077,0.5384,False
T,42,50,24,0.9,0.9423,23.4165,False
T,42,50,24,0.95,1.0,100.0,True
T,42,50,25,0.8,0.8077,0.5384,False
T,42,50,25,0.9,0.9423,23.4165,False
T,42,50,25,0.95,1.0,100.0,True
T,42,50,26,0.8,0.8077,0.5384,False
T,42,50,26,0.9,0.9423,23.4165,False
T,42,50,26,0.95,1.0,100.0,True
T,42,50,27,0.8,0.8077,0.5384,False
T,42,50,27,0.9,0.9423,23.4165,False
T,42,50,27,0.95,1.0,100.0,True
T,42,50,28,0.8,0.8077,0.5384,False
T,42,50,28,0.9,0.9423,23.4165,False
T,42,50,28,0.95,1.0,100.0,True
T,42,50,29,0.8,0.8077,0.5384,False
T,42,50,29,0.9,0.8462,3.3449,False
T,42,50,29,0.95,1.0,100.0,True
T,42,50,30,0.8,0.8077,0.5384,False
T,42,50,30,0.9,0.9423,23.4165,False
T,42,50,30,0.95,1.0,100.0,True
T,42,50,31,0.8,0.8077,0.5384,False
T,42,50,31,0.9,0.9423,23.4165,False
T,42,50,31,0.95,1.0,100.0,True
T,42,50,32,0.8,0.8077,0.5384,False
T,42,50,32,0.9,0.9423,23.4165,False
T,42,50,32,0.95,1.0,100.0,True
T,42,50,33,0.8,0.8077,0.5384,False
T,42,50,33,0.9,0.9423,23.4165,False
T,42,50,33,0.95,1.0,100.0,True
T,42,50,34,0.8,0.8077,0.5384,False
T,42,50,34,0.9,0.9423,23.4165,False
T,42,50,34,0.95,1.0,100.0,True
T,42,50,35,0.8,0.8077,0.5384,False
T,42,50,35,0.9,0.9423,23.4165,False
T,42,50,35,0.95,1.0,100.0,True
T,42,50,36,0.8,0.8077,0.5384,False
T,42,50,36,0.9,0.9423,23.4165,False
T,42,50,36,0.95,1.0,100.0,True
T,42,50,37,0.8,0.8077,0.5384,False
T,42,50,37,0.9,0.8462,3.3449,False
T,42,50,37,0.95,1.0,100.0,True
T,42,50,38,0.8,0.8077,0.5384,False
T,42,50,38,0.9,0.9423,23.4165,False
T,42,50,38,0.95,1.0,100.0,True
T,42,50,39,0.8,0.8077,0.5384,False
T,42,50,39,0.9,0.9423,23.4165,False
T,42,50,39,0.95,1.0,100.0,True
T,42,56,0,0.8,0.8077,0.5384,False
T,42,56,0,0.9,0.9423,23.4165,False
T,42,56,0,0.95,1.0,100.0,True
T,43,10,0,0.8,1.0,100.0,True
T,43,10,0,0.9,1.0,100.0,True
T,43,10,0,0.95,1.0,100.0,True
T,43,10,1,0.8,0.9038,10.559,False
T,43,10,1,0.9,0.9038,10.559,False
T,43,10,1,0.95,0.9038,10.559,False
T,43,10,2,0.8,1.0,100.0,True
T,43,10,2,0.9,1.0,100.0,True
T,43,10,2,0.95,1.0,100.0,True
T,43,10,3,0.8,0.8077,0.8473,False
T,43,10,3,0.9,0.8077,0.8473,False
T,43,10,3,0.95,0.8077,0.8473,False
T,43,10,4,0.8,0.9038,10.559,False
T,43,10,4,0.9,0.9038,10.559,False
T,43,10,4,0.95,0.9038,10.559,False
T,43,10,5,0.8,0.9038,10.559,False
T,43,10,5,0.9,0.9038,10.559,False
T,43,10,5,0.95,0.9038,10.559,False
T,43,10,6,0.8,0.8077,0.8473,False
T,43,10,6,0.9,0.8077,0.8473,False
T,43,10,6,0.95,0.8077,0.8473,False
T,43,10,7,0.8,1.0,100.0,True
T,43,10,7,0.9,1.0,100.0,True
T,43,10,7,0.95,1.0,100.0,True
T,43,10,8,0.8,0.9038,10.559,False
T,43,10,8,0.9,0.9038,10.559,False
T,43,10,8,0.95,0.9038,10.559,False
T,43,10,9,0.8,0.8077,0.8473,False
T,43,10,9,0.9,0.8077,0.8473,False
T,43,10,9,0.95,0.8077,0.8473,False
T,43,10,10,0.8,1.0,100.0,True
T,43,10,10,0.9,1.0,100.0,True
T,43,10,10,0.95,1.0,100.0,True
T,43,10,11,0.8,0.9038,10.559,False
T,43,10,11,0.9,0.9038,10.559,False
T,43,10,11,0.95,0.9038,10.559,False
T,43,10,12,0.8,0.9038,10.559,False
T,43,10,12,0.9,0.9038,10.559,False
T,43,10,12,0.95,0.9038,10.559,False
T,43,10,13,0.8,0.9038,10.559,False
T,43,10,13,0.9,0.9038,10.559,False
T,43,10,13,0.95,0.9038,10.559,False
T,43,10,14,0.8,0.7115,0.103,False
T,43,10,14,0.9,0.7115,0.103,False
T,43,10,14,0.95,0.7115,0.103,False
T,43,10,15,0.8,0.9038,10.559,False
T,43,10,15,0.9,0.9038,10.559,False
T,43,10,15,0.95,0.9038,10.559,False
T,43,10,16,0.8,0.9038,10.559,False
T,43,10,16,0.9,0.9038,10.559,False
T,43,10,16,0.95,0.9038,10.559,False
T,43,10,17,0.8,0.9038,10.559,False
T,43,10,17,0.9,0.9038,10.559,False
T,43,10,17,0.95,0.9038,10.559,False
T,43,10,18,0.8,1.0,100.0,True
T,43,10,18,0.9,1.0,100.0,True
T,43,10,18,0.95,1.0,100.0,True
T,43,10,19,0.8,1.0,100.0,True
T,43,10,19,0.9,1.0,100.0,True
T,43,10,19,0.95,1.0,100.0,True
T,43,10,20,0.8,0.9038,10.559,False
T,43,10,20,0.9,0.9038,10.559,False
T,43,10,20,0.95,0.9038,10.559,False
T,43,10,21,0.8,1.0,100.0,True
T,43,10,21,0.9,1.0,100.0,True
T,43,10,21,0.95,1.0,100.0,True
T,43,10,22,0.8,0.9038,10.559,False
T,43,10,22,0.9,0.9038,10.559,False
T,43,10,22,0.95,0.9038,10.559,False
T,43,10,23,0.8,0.9038,10.559,False
T,43,10,23,0.9,0.9038,10.559,False
T,43,10,23,0.95,0.9038,10.559,False
T,43,10,24,0.8,0.7115,0.103,False
T,43,10,24,0.9,0.7115,0.103,False
T,43,10,24,0.95,0.7115,0.103,False
T,43,10,25,0.8,1.0,100.0,True
T,43,10,25,0.9,1.0,100.0,True
T,43,10,25,0.95,1.0,100.0,True
T,43,10,26,0.8,0.9038,10.559,False
T,43,10,26,0.9,0.9038,10.559,False
T,43,10,26,0.95,0.9038,10.559,False
T,43,10,27,0.8,1.0,100.0,True
T,43,10,27,0.9,1.0,100.0,True
T,43,10,27,0.95,1.0,100.0,True
T,43,10,28,0.8,0.8077,0.8473,False
T,43,10,28,0.9,0.8077,0.8473,False
T,43,10,28,0.95,0.8077,0.8473,False
T,43,10,29,0.8,0.9038,10.559,False
T,43,10,29,0.9,0.9038,10.559,False
T,43,10,29,0.95,0.9038,10.559,False
T,43,10,30,0.8,0.9038,10.559,False
T,43,10,30,0.9,0.9038,10.559,False
T,43,10,30,0.95,0.9038,10.559,False
T,43,10,31,0.8,1.0,100.0,True
T,43,10,31,0.9,1.0,100.0,True
T,43,10,31,0.95,1.0,100.0,True
T,43,10,32,0.8,0.9038,10.559,False
T,43,10,32,0.9,0.9038,10.559,False
T,43,10,32,0.95,0.9038,10.559,False
T,43,10,33,0.8,1.0,100.0,True
T,43,10,33,0.9,1.0,100.0,True
T,43,10,33,0.95,1.0,100.0,True
T,43,10,34,0.8,1.0,100.0,True
T,43,10,34,0.9,1.0,100.0,True
T,43,10,34,0.95,1.0,100.0,True
T,43,10,35,0.8,0.9038,10.559,False
T,43,10,35,0.9,0.9038,10.559,False
T,43,10,35,0.95,0.9038,10.559,False
T,43,10,36,0.8,1.0,100.0,True
T,43,10,36,0.9,1.0,100.0,True
T,43,10,36,0.95,1.0,100.0,True
T,43,10,37,0.8,0.7115,0.103,False
T,43,10,37,0.9,0.7115,0.103,False
T,43,10,37,0.95,0.7115,0.103,False
T,43,10,38,0.8,1.0,100.0,True
T,43,10,38,0.9,1.0,100.0,True
T,43,10,38,0.95,1.0,100.0,True
T,43,10,39,0.8,0.9038,10.559,False
T,43,10,39,0.9,0.9038,10.559,False
T,43,10,39,0.95,0.9038,10.559,False
T,43,15,0,0.8,0.9038,10.559,False
T,43,15,0,0.9,1.0,100.0,True
T,43,15,0,0.95,1.0,100.0,True
T,43,15,1,0.8,0.8077,0.8473,False
T,43,15,1,0.9,1.0,100.0,True
T,43,15,1,0.95,1.0,100.0,True
T,43,15,2,0.8,0.8077,0.8473,False
T,43,15,2,0.9,0.8077,0.8473,False
T,43,15,2,0.95,0.8077,0.8473,False
T,43,15,3,0.8,0.9038,10.559,False
T,43,15,3,0.9,1.0,100.0,True
T,43,15,3,0.95,1.0,100.0,True
T,43,15,4,0.8,0.9038,10.559,False
T,43,15,4,0.9,0.9038,10.559,False
T,43,15,4,0.95,0.9038,10.559,False
T,43,15,5,0.8,0.9038,10.559,False
T,43,15,5,0.9,0.9038,10.559,False
T,43,15,5,0.95,0.9038,10.559,False
T,43,15,6,0.8,0.8077,0.8473,False
T,43,15,6,0.9,0.9038,10.559,False
T,43,15,6,0.95,0.9038,10.559,False
T,43,15,7,0.8,0.7115,0.103,False
T,43,15,7,0.9,0.8077,0.8473,False
T,43,15,7,0.95,0.8077,0.8473,False
T,43,15,8,0.8,0.9038,10.559,False
T,43,15,8,0.9,1.0,100.0,True
T,43,15,8,0.95,1.0,100.0,True
T,43,15,9,0.8,0.9038,10.559,False
T,43,15,9,0.9,0.9038,10.559,False
T,43,15,9,0.95,0.9038,10.559,False
T,43,15,10,0.8,0.8077,0.8473,False
T,43,15,10,0.9,0.8077,0.8473,False
T,43,15,10,0.95,0.8077,0.8473,False
T,43,15,11,0.8,0.8077,0.8473,False
T,43,15,11,0.9,0.9038,10.559,False
T,43,15,11,0.95,0.9038,10.559,False
T,43,15,12,0.8,0.8077,0.8473,False
T,43,15,12,0.9,0.9038,10.559,False
T,43,15,12,0.95,0.9038,10.559,False
T,43,15,13,0.8,0.8077,0.8473,False
T,43,15,13,0.9,1.0,100.0,True
T,43,15,13,0.95,1.0,100.0,True
T,43,15,14,0.8,0.8077,0.8473,False
T,43,15,14,0.9,0.8077,0.8473,False
T,43,15,14,0.95,0.8077,0.8473,False
T,43,15,15,0.8,1.0,100.0,True
T,43,15,15,0.9,1.0,100.0,True
T,43,15,15,0.95,1.0,100.0,True
T,43,15,16,0.8,0.9038,10.559,False
T,43,15,16,0.9,1.0,100.0,True
T,43,15,16,0.95,1.0,100.0,True
T,43,15,17,0.8,0.8077,0.8473,False
T,43,15,17,0.9,1.0,100.0,True
T,43,15,17,0.95,1.0,100.0,True
T,43,15,18,0.8,0.8077,0.8473,False
T,43,15,18,0.9,0.8077,0.8473,False
T,43,15,18,0.95,0.8077,0.8473,False
T,43,15,19,0.8,0.8077,0.8473,False
T,43,15,19,0.9,0.8077,0.8473,False
T,43,15,19,0.95,0.8077,0.8473,False
T,43,15,20,0.8,0.8077,0.8473,False
T,43,15,20,0.9,0.9038,10.559,False
T,43,15,20,0.95,0.9038,10.559,False
T,43,15,21,0.8,0.8077,0.8473,False
T,43,15,21,0.9,1.0,100.0,True
T,43,15,21,0.95,1.0,100.0,True
T,43,15,22,0.8,0.8077,0.8473,False
T,43,15,22,0.9,1.0,100.0,True
T,43,15,22,0.95,1.0,100.0,True
T,43,15,23,0.8,0.8077,0.8473,False
T,43,15,23,0.9,0.8077,0.8473,False
T,43,15,23,0.95,0.8077,0.8473,False
T,43,15,24,0.8,0.7115,0.103,False
T,43,15,24,0.9,1.0,100.0,True
T,43,15,24,0.95,1.0,100.0,True
T,43,15,25,0.8,0.8077,0.8473,False
T,43,15,25,0.9,1.0,100.0,True
T,43,15,25,0.95,1.0,100.0,True
T,43,15,26,0.8,1.0,100.0,True
T,43,15,26,0.9,1.0,100.0,True
T,43,15,26,0.95,1.0,100.0,True
T,43,15,27,0.8,1.0,100.0,True
T,43,15,27,0.9,1.0,100.0,True
T,43,15,27,0.95,1.0,100.0,True
T,43,15,28,0.8,0.9038,10.559,False
T,43,15,28,0.9,1.0,100.0,True
T,43,15,28,0.95,1.0,100.0,True
T,43,15,29,0.8,0.7115,0.103,False
T,43,15,29,0.9,1.0,100.0,True
T,43,15,29,0.95,1.0,100.0,True
T,43,15,30,0.8,0.9038,10.559,False
T,43,15,30,0.9,1.0,100.0,True
T,43,15,30,0.95,1.0,100.0,True
T,43,15,31,0.8,0.9038,10.559,False
T,43,15,31,0.9,1.0,100.0,True
T,43,15,31,0.95,1.0,100.0,True
T,43,15,32,0.8,0.8077,0.8473,False
T,43,15,32,0.9,0.8077,0.8473,False
T,43,15,32,0.95,0.8077,0.8473,False
T,43,15,33,0.8,0.9038,10.559,False
T,43,15,33,0.9,1.0,100.0,True
T,43,15,33,0.95,1.0,100.0,True
T,43,15,34,0.8,0.9038,10.559,False
T,43,15,34,0.9,1.0,100.0,True
T,43,15,34,0.95,1.0,100.0,True
T,43,15,35,0.8,0.8077,0.8473,False
T,43,15,35,0.9,0.8077,0.8473,False
T,43,15,35,0.95,0.8077,0.8473,False
T,43,15,36,0.8,0.8077,0.8473,False
T,43,15,36,0.9,1.0,100.0,True
T,43,15,36,0.95,1.0,100.0,True
T,43,15,37,0.8,0.8077,0.8473,False
T,43,15,37,0.9,0.8077,0.8473,False
T,43,15,37,0.95,0.8077,0.8473,False
T,43,15,38,0.8,0.9038,10.559,False
T,43,15,38,0.9,1.0,100.0,True
T,43,15,38,0.95,1.0,100.0,True
T,43,15,39,0.8,0.8077,0.8473,False
T,43,15,39,0.9,0.9038,10.559,False
T,43,15,39,0.95,0.9038,10.559,False
T,43,20,0,0.8,0.8077,0.8473,False
T,43,20,0,0.9,1.0,100.0,True
T,43,20,0,0.95,1.0,100.0,True
T,43,20,1,0.8,0.8077,0.8473,False
T,43,20,1,0.9,0.8077,0.8473,False
T,43,20,1,0.95,0.8077,0.8473,False
T,43,20,2,0.8,0.8077,0.8473,False
T,43,20,2,0.9,0.8077,0.8473,False
T,43,20,2,0.95,0.8077,0.8473,False
T,43,20,3,0.8,0.8077,0.8473,False
T,43,20,3,0.9,0.9038,10.559,False
T,43,20,3,0.95,0.9038,10.559,False
T,43,20,4,0.8,0.8077,0.8473,False
T,43,20,4,0.9,1.0,100.0,True
T,43,20,4,0.95,1.0,100.0,True
T,43,20,5,0.8,0.7115,0.103,False
T,43,20,5,0.9,0.8077,0.8473,False
T,43,20,5,0.95,0.8077,0.8473,False
T,43,20,6,0.8,0.9038,10.559,False
T,43,20,6,0.9,1.0,100.0,True
T,43,20,6,0.95,1.0,100.0,True
T,43,20,7,0.8,0.8077,0.8473,False
T,43,20,7,0.9,1.0,100.0,True
T,43,20,7,0.95,1.0,100.0,True
T,43,20,8,0.8,0.9038,10.559,False
T,43,20,8,0.9,1.0,100.0,True
T,43,20,8,0.95,1.0,100.0,True
T,43,20,9,0.8,0.8077,0.8473,False
T,43,20,9,0.9,1.0,100.0,True
T,43,20,9,0.95,1.0,100.0,True
T,43,20,10,0.8,0.8077,0.8473,False
T,43,20,10,0.9,0.9038,10.559,False
T,43,20,10,0.95,0.9038,10.559,False
T,43,20,11,0.8,0.8077,0.8473,False
T,43,20,11,0.9,1.0,100.0,True
T,43,20,11,0.95,1.0,100.0,True
T,43,20,12,0.8,0.8077,0.8473,False
T,43,20,12,0.9,1.0,100.0,True
T,43,20,12,0.95,1.0,100.0,True
T,43,20,13,0.8,0.8077,0.8473,False
T,43,20,13,0.9,1.0,100.0,True
T,43,20,13,0.95,1.0,100.0,True
T,43,20,14,0.8,0.7115,0.103,False
T,43,20,14,0.9,1.0,100.0,True
T,43,20,14,0.95,1.0,100.0,True
T,43,20,15,0.8,0.9038,10.559,False
T,43,20,15,0.9,1.0,100.0,True
T,43,20,15,0.95,1.0,100.0,True
T,43,20,16,0.8,0.9038,10.559,False
T,43,20,16,0.9,1.0,100.0,True
T,43,20,16,0.95,1.0,100.0,True
T,43,20,17,0.8,0.8077,0.8473,False
T,43,20,17,0.9,1.0,100.0,True
T,43,20,17,0.95,1.0,100.0,True
T,43,20,18,0.8,0.8077,0.8473,False
T,43,20,18,0.9,0.9038,10.559,False
T,43,20,18,0.95,0.9038,10.559,False
T,43,20,19,0.8,0.8077,0.8473,False
T,43,20,19,0.9,0.9038,10.559,False
T,43,20,19,0.95,0.9038,10.559,False
T,43,20,20,0.8,0.9038,10.559,False
T,43,20,20,0.9,1.0,100.0,True
T,43,20,20,0.95,1.0,100.0,True
T,43,20,21,0.8,0.8077,0.8473,False
T,43,20,21,0.9,1.0,100.0,True
T,43,20,21,0.95,1.0,100.0,True
T,43,20,22,0.8,0.8077,0.8473,False
T,43,20,22,0.9,1.0,100.0,True
T,43,20,22,0.95,1.0,100.0,True
T,43,20,23,0.8,0.8077,0.8473,False
T,43,20,23,0.9,1.0,100.0,True
T,43,20,23,0.95,1.0,100.0,True
T,43,20,24,0.8,0.8077,0.8473,False
T,43,20,24,0.9,1.0,100.0,True
T,43,20,24,0.95,1.0,100.0,True
T,43,20,25,0.8,0.8077,0.8473,False
T,43,20,25,0.9,1.0,100.0,True
T,43,20,25,0.95,1.0,100.0,True
T,43,20,26,0.8,0.8077,0.8473,False
T,43,20,26,0.9,1.0,100.0,True
T,43,20,26,0.95,1.0,100.0,True
T,43,20,27,0.8,0.8077,0.8473,False
T,43,20,27,0.9,1.0,100.0,True
T,43,20,27,0.95,1.0,100.0,True
T,43,20,28,0.8,0.8077,0.8473,False
T,43,20,28,0.9,1.0,100.0,True
T,43,20,28,0.95,1.0,100.0,True
T,43,20,29,0.8,0.8077,0.8473,False
T,43,20,29,0.9,0.9038,10.559,False
T,43,20,29,0.95,0.9038,10.559,False
T,43,20,30,0.8,0.8077,0.8473,False
T,43,20,30,0.9,0.9038,10.559,False
T,43,20,30,0.95,0.9038,10.559,False
T,43,20,31,0.8,0.9038,10.559,False
T,43,20,31,0.9,1.0,100.0,True
T,43,20,31,0.95,1.0,100.0,True
T,43,20,32,0.8,0.8077,0.8473,False
T,43,20,32,0.9,1.0,100.0,True
T,43,20,32,0.95,1.0,100.0,True
T,43,20,33,0.8,0.7115,0.103,False
T,43,20,33,0.9,1.0,100.0,True
T,43,20,33,0.95,1.0,100.0,True
T,43,20,34,0.8,0.9038,10.559,False
T,43,20,34,0.9,1.0,100.0,True
T,43,20,34,0.95,1.0,100.0,True
T,43,20,35,0.8,0.9038,10.559,False
T,43,20,35,0.9,1.0,100.0,True
T,43,20,35,0.95,1.0,100.0,True
T,43,20,36,0.8,0.7115,0.103,False
T,43,20,36,0.9,0.8077,0.8473,False
T,43,20,36,0.95,0.8077,0.8473,False
T,43,20,37,0.8,0.7115,0.103,False
T,43,20,37,0.9,0.8077,0.8473,False
T,43,20,37,0.95,0.8077,0.8473,False
T,43,20,38,0.8,0.9038,10.559,False
T,43,20,38,0.9,1.0,100.0,True
T,43,20,38,0.95,1.0,100.0,True
T,43,20,39,0.8,0.7115,0.103,False
T,43,20,39,0.9,0.8077,0.8473,False
T,43,20,39,0.95,0.8077,0.8473,False
T,43,25,0,0.8,0.9038,10.559,False
T,43,25,0,0.9,1.0,100.0,True
T,43,25,0,0.95,1.0,100.0,True
T,43,25,1,0.8,0.7115,0.103,False
T,43,25,1,0.9,1.0,100.0,True
T,43,25,1,0.95,1.0,100.0,True
T,43,25,2,0.8,0.8077,0.8473,False
T,43,25,2,0.9,1.0,100.0,True
T,43,25,2,0.95,1.0,100.0,True
T,43,25,3,0.8,0.8077,0.8473,False
T,43,25,3,0.9,1.0,100.0,True
T,43,25,3,0.95,1.0,100.0,True
T,43,25,4,0.8,0.8077,0.8473,False
T,43,25,4,0.9,1.0,100.0,True
T,43,25,4,0.95,1.0,100.0,True
T,43,25,5,0.8,0.8077,0.8473,False
T,43,25,5,0.9,1.0,100.0,True
T,43,25,5,0.95,1.0,100.0,True
T,43,25,6,0.8,0.7115,0.103,False
T,43,25,6,0.9,0.9038,10.559,False
T,43,25,6,0.95,0.9038,10.559,False
T,43,25,7,0.8,0.8077,0.8473,False
T,43,25,7,0.9,0.9038,10.559,False
T,43,25,7,0.95,0.9038,10.559,False
T,43,25,8,0.8,0.8077,0.8473,False
T,43,25,8,0.9,0.9038,10.559,False
T,43,25,8,0.95,0.9038,10.559,False
T,43,25,9,0.8,0.9038,10.559,False
T,43,25,9,0.9,1.0,100.0,True
T,43,25,9,0.95,1.0,100.0,True
T,43,25,10,0.8,0.8077,0.8473,False
T,43,25,10,0.9,1.0,100.0,True
T,43,25,10,0.95,1.0,100.0,True
T,43,25,11,0.8,0.8077,0.8473,False
T,43,25,11,0.9,0.8077,0.8473,False
T,43,25,11,0.95,0.8077,0.8473,False
T,43,25,12,0.8,0.8077,0.8473,False
T,43,25,12,0.9,1.0,100.0,True
T,43,25,12,0.95,1.0,100.0,True
T,43,25,13,0.8,0.8077,0.8473,False
T,43,25,13,0.9,1.0,100.0,True
T,43,25,13,0.95,1.0,100.0,True
T,43,25,14,0.8,0.7115,0.103,False
T,43,25,14,0.9,1.0,100.0,True
T,43,25,14,0.95,1.0,100.0,True
T,43,25,15,0.8,0.8077,0.8473,False
T,43,25,15,0.9,1.0,100.0,True
T,43,25,15,0.95,1.0,100.0,True
T,43,25,16,0.8,0.8077,0.8473,False
T,43,25,16,0.9,1.0,100.0,True
T,43,25,16,0.95,1.0,100.0,True
T,43,25,17,0.8,0.8077,0.8473,False
T,43,25,17,0.9,1.0,100.0,True
T,43,25,17,0.95,1.0,100.0,True
T,43,25,18,0.8,0.8077,0.8473,False
T,43,25,18,0.9,1.0,100.0,True
T,43,25,18,0.95,1.0,100.0,True
T,43,25,19,0.8,0.8077,0.8473,False
T,43,25,19,0.9,1.0,100.0,True
T,43,25,19,0.95,1.0,100.0,True
T,43,25,20,0.8,0.8077,0.8473,False
T,43,25,20,0.9,1.0,100.0,True
T,43,25,20,0.95,1.0,100.0,True
T,43,25,21,0.8,0.8077,0.8473,False
T,43,25,21,0.9,0.9038,10.559,False
T,43,25,21,0.95,0.9038,10.559,False
T,43,25,22,0.8,0.7115,0.103,False
T,43,25,22,0.9,0.9038,10.559,False
T,43,25,22,0.95,0.9038,10.559,False
T,43,25,23,0.8,0.8077,0.8473,False
T,43,25,23,0.9,0.9038,10.559,False
T,43,25,23,0.95,0.9038,10.559,False
T,43,25,24,0.8,0.8077,0.8473,False
T,43,25,24,0.9,0.9038,10.559,False
T,43,25,24,0.95,0.9038,10.559,False
T,43,25,25,0.8,0.8077,0.8473,False
T,43,25,25,0.9,1.0,100.0,True
T,43,25,25,0.95,1.0,100.0,True
T,43,25,26,0.8,0.8077,0.8473,False
T,43,25,26,0.9,0.9038,10.559,False
T,43,25,26,0.95,0.9038,10.559,False
T,43,25,27,0.8,0.8077,0.8473,False
T,43,25,27,0.9,1.0,100.0,True
T,43,25,27,0.95,1.0,100.0,True
T,43,25,28,0.8,0.9038,10.559,False
T,43,25,28,0.9,1.0,100.0,True
T,43,25,28,0.95,1.0,100.0,True
T,43,25,29,0.8,0.7115,0.103,False
T,43,25,29,0.9,1.0,100.0,True
T,43,25,29,0.95,1.0,100.0,True
T,43,25,30,0.8,0.8077,0.8473,False
T,43,25,30,0.9,1.0,100.0,True
T,43,25,30,0.95,1.0,100.0,True
T,43,25,31,0.8,0.8077,0.8473,False
T,43,25,31,0.9,1.0,100.0,True
T,43,25,31,0.95,1.0,100.0,True
T,43,25,32,0.8,0.8077,0.8473,False
T,43,25,32,0.9,0.9038,10.559,False
T,43,25,32,0.95,0.9038,10.559,False
T,43,25,33,0.8,0.8077,0.8473,False
T,43,25,33,0.9,0.9038,10.559,False
T,43,25,33,0.95,0.9038,10.559,False
T,43,25,34,0.8,0.7115,0.103,False
T,43,25,34,0.9,0.9038,10.559,False
T,43,25,34,0.95,0.9038,10.559,False
T,43,25,35,0.8,0.7115,0.103,False
T,43,25,35,0.9,1.0,100.0,True
T,43,25,35,0.95,1.0,100.0,True
T,43,25,36,0.8,0.8077,0.8473,False
T,43,25,36,0.9,0.9038,10.559,False
T,43,25,36,0.95,0.9038,10.559,False
T,43,25,37,0.8,0.9038,10.559,False
T,43,25,37,0.9,1.0,100.0,True
T,43,25,37,0.95,1.0,100.0,True
T,43,25,38,0.8,0.8077,0.8473,False
T,43,25,38,0.9,1.0,100.0,True
T,43,25,38,0.95,1.0,100.0,True
T,43,25,39,0.8,0.8077,0.8473,False
T,43,25,39,0.9,1.0,100.0,True
T,43,25,39,0.95,1.0,100.0,True
T,43,30,0,0.8,0.9038,10.559,False
T,43,30,0,0.9,1.0,100.0,True
T,43,30,0,0.95,1.0,100.0,True
T,43,30,1,0.8,0.8077,0.8473,False
T,43,30,1,0.9,1.0,100.0,True
T,43,30,1,0.95,1.0,100.0,True
T,43,30,2,0.8,0.8077,0.8473,False
T,43,30,2,0.9,0.9038,10.559,False
T,43,30,2,0.95,1.0,100.0,True
T,43,30,3,0.8,0.7115,0.103,False
T,43,30,3,0.9,0.9038,10.559,False
T,43,30,3,0.95,1.0,100.0,True
T,43,30,4,0.8,0.8077,0.8473,False
T,43,30,4,0.9,0.9038,10.559,False
T,43,30,4,0.95,1.0,100.0,True
T,43,30,5,0.8,0.7115,0.103,False
T,43,30,5,0.9,0.9038,10.559,False
T,43,30,5,0.95,1.0,100.0,True
T,43,30,6,0.8,0.8077,0.8473,False
T,43,30,6,0.9,0.9038,10.559,False
T,43,30,6,0.95,1.0,100.0,True
T,43,30,7,0.8,0.8077,0.8473,False
T,43,30,7,0.9,0.9038,10.559,False
T,43,30,7,0.95,1.0,100.0,True
T,43,30,8,0.8,0.8077,0.8473,False
T,43,30,8,0.9,0.9038,10.559,False
T,43,30,8,0.95,1.0,100.0,True
T,43,30,9,0.8,0.8077,0.8473,False
T,43,30,9,0.9,0.9038,10.559,False
T,43,30,9,0.95,1.0,100.0,True
T,43,30,10,0.8,0.8077,0.8473,False
T,43,30,10,0.9,1.0,100.0,True
T,43,30,10,0.95,1.0,100.0,True
T,43,30,11,0.8,0.8077,0.8473,False
T,43,30,11,0.9,0.9038,10.559,False
T,43,30,11,0.95,0.9038,10.559,False
T,43,30,12,0.8,0.8077,0.8473,False
T,43,30,12,0.9,0.9038,10.559,False
T,43,30,12,0.95,1.0,100.0,True
T,43,30,13,0.8,0.8077,0.8473,False
T,43,30,13,0.9,0.9038,10.559,False
T,43,30,13,0.95,1.0,100.0,True
T,43,30,14,0.8,0.8077,0.8473,False
T,43,30,14,0.9,0.9038,10.559,False
T,43,30,14,0.95,1.0,100.0,True
T,43,30,15,0.8,0.8077,0.8473,False
T,43,30,15,0.9,1.0,100.0,True
T,43,30,15,0.95,1.0,100.0,True
T,43,30,16,0.8,0.8077,0.8473,False
T,43,30,16,0.9,0.9038,10.559,False
T,43,30,16,0.95,1.0,100.0,True
T,43,30,17,0.8,0.8077,0.8473,False
T,43,30,17,0.9,1.0,100.0,True
T,43,30,17,0.95,1.0,100.0,True
T,43,30,18,0.8,0.8077,0.8473,False
T,43,30,18,0.9,0.9038,10.559,False
T,43,30,18,0.95,0.9038,10.559,False
T,43,30,19,0.8,0.8077,0.8473,False
T,43,30,19,0.9,0.8077,0.8473,False
T,43,30,19,0.95,0.9038,10.559,False
T,43,30,20,0.8,0.8077,0.8473,False
T,43,30,20,0.9,1.0,100.0,True
T,43,30,20,0.95,1.0,100.0,True
T,43,30,21,0.8,0.8077,0.8473,False
T,43,30,21,0.9,0.9038,10.559,False
T,43,30,21,0.95,1.0,100.0,True
T,43,30,22,0.8,0.8077,0.8473,False
T,43,30,22,0.9,0.9038,10.559,False
T,43,30,22,0.95,1.0,100.0,True
T,43,30,23,0.8,0.8077,0.8473,False
T,43,30,23,0.9,0.9038,10.559,False
T,43,30,23,0.95,1.0,100.0,True
T,43,30,24,0.8,0.8077,0.8473,False
T,43,30,24,0.9,0.9038,10.559,False
T,43,30,24,0.95,0.9038,10.559,False
T,43,30,25,0.8,0.8077,0.8473,False
T,43,30,25,0.9,0.9038,10.559,False
T,43,30,25,0.95,1.0,100.0,True
T,43,30,26,0.8,0.8077,0.8473,False
T,43,30,26,0.9,0.9038,10.559,False
T,43,30,26,0.95,1.0,100.0,True
T,43,30,27,0.8,0.8077,0.8473,False
T,43,30,27,0.9,0.9038,10.559,False
T,43,30,27,0.95,1.0,100.0,True
T,43,30,28,0.8,0.8077,0.8473,False
T,43,30,28,0.9,1.0,100.0,True
T,43,30,28,0.95,1.0,100.0,True
T,43,30,29,0.8,0.8077,0.8473,False
T,43,30,29,0.9,0.9038,10.559,False
T,43,30,29,0.95,1.0,100.0,True
T,43,30,30,0.8,0.8077,0.8473,False
T,43,30,30,0.9,0.9038,10.559,False
T,43,30,30,0.95,1.0,100.0,True
T,43,30,31,0.8,0.8077,0.8473,False
T,43,30,31,0.9,0.9038,10.559,False
T,43,30,31,0.95,1.0,100.0,True
T,43,30,32,0.8,0.8077,0.8473,False
T,43,30,32,0.9,0.9038,10.559,False
T,43,30,32,0.95,1.0,100.0,True
T,43,30,33,0.8,0.8077,0.8473,False
T,43,30,33,0.9,1.0,100.0,True
T,43,30,33,0.95,1.0,100.0,True
T,43,30,34,0.8,0.8077,0.8473,False
T,43,30,34,0.9,0.8077,0.8473,False
T,43,30,34,0.95,1.0,100.0,True
T,43,30,35,0.8,0.8077,0.8473,False
T,43,30,35,0.9,0.9038,10.559,False
T,43,30,35,0.95,0.9038,10.559,False
T,43,30,36,0.8,0.8077,0.8473,False
T,43,30,36,0.9,0.9038,10.559,False
T,43,30,36,0.95,1.0,100.0,True
T,43,30,37,0.8,0.8077,0.8473,False
T,43,30,37,0.9,1.0,100.0,True
T,43,30,37,0.95,1.0,100.0,True
T,43,30,38,0.8,0.8077,0.8473,False
T,43,30,38,0.9,0.9038,10.559,False
T,43,30,38,0.95,0.9038,10.559,False
T,43,30,39,0.8,0.8077,0.8473,False
T,43,30,39,0.9,0.9038,10.559,False
T,43,30,39,0.95,1.0,100.0,True
T,43,40,0,0.8,0.8077,0.8473,False
T,43,40,0,0.9,0.9038,10.559,False
T,43,40,0,0.95,1.0,100.0,True
T,43,40,1,0.8,0.8077,0.8473,False
T,43,40,1,0.9,0.9038,10.559,False
T,43,40,1,0.95,1.0,100.0,True
T,43,40,2,0.8,0.8077,0.8473,False
T,43,40,2,0.9,0.9038,10.559,False
T,43,40,2,0.95,1.0,100.0,True
T,43,40,3,0.8,0.8077,0.8473,False
T,43,40,3,0.9,0.9038,10.559,False
T,43,40,3,0.95,1.0,100.0,True
T,43,40,4,0.8,0.8077,0.8473,False
T,43,40,4,0.9,0.8077,0.8473,False
T,43,40,4,0.95,1.0,100.0,True
T,43,40,5,0.8,0.8077,0.8473,False
T,43,40,5,0.9,0.9038,10.559,False
T,43,40,5,0.95,1.0,100.0,True
T,43,40,6,0.8,0.8077,0.8473,False
T,43,40,6,0.9,0.9038,10.559,False
T,43,40,6,0.95,1.0,100.0,True
T,43,40,7,0.8,0.8077,0.8473,False
T,43,40,7,0.9,0.9038,10.559,False
T,43,40,7,0.95,1.0,100.0,True
T,43,40,8,0.8,0.8077,0.8473,False
T,43,40,8,0.9,0.9038,10.559,False
T,43,40,8,0.95,1.0,100.0,True
T,43,40,9,0.8,0.8077,0.8473,False
T,43,40,9,0.9,0.9038,10.559,False
T,43,40,9,0.95,1.0,100.0,True
T,43,40,10,0.8,0.8077,0.8473,False
T,43,40,10,0.9,0.9038,10.559,False
T,43,40,10,0.95,1.0,100.0,True
T,43,40,11,0.8,0.8077,0.8473,False
T,43,40,11,0.9,0.9038,10.559,False
T,43,40,11,0.95,1.0,100.0,True
T,43,40,12,0.8,0.8077,0.8473,False
T,43,40,12,0.9,0.8077,0.8473,False
T,43,40,12,0.95,1.0,100.0,True
T,43,40,13,0.8,0.8077,0.8473,False
T,43,40,13,0.9,0.9038,10.559,False
T,43,40,13,0.95,1.0,100.0,True
T,43,40,14,0.8,0.8077,0.8473,False
T,43,40,14,0.9,0.9038,10.559,False
T,43,40,14,0.95,1.0,100.0,True
T,43,40,15,0.8,0.8077,0.8473,False
T,43,40,15,0.9,0.9038,10.559,False
T,43,40,15,0.95,1.0,100.0,True
T,43,40,16,0.8,0.8077,0.8473,False
T,43,40,16,0.9,0.9038,10.559,False
T,43,40,16,0.95,1.0,100.0,True
T,43,40,17,0.8,0.8077,0.8473,False
T,43,40,17,0.9,0.9038,10.559,False
T,43,40,17,0.95,1.0,100.0,True
T,43,40,18,0.8,0.8077,0.8473,False
T,43,40,18,0.9,0.9038,10.559,False
T,43,40,18,0.95,1.0,100.0,True
T,43,40,19,0.8,0.8077,0.8473,False
T,43,40,19,0.9,0.9038,10.559,False
T,43,40,19,0.95,1.0,100.0,True
T,43,40,20,0.8,0.8077,0.8473,False
T,43,40,20,0.9,0.9038,10.559,False
T,43,40,20,0.95,1.0,100.0,True
T,43,40,21,0.8,0.7115,0.103,False
T,43,40,21,0.9,0.8077,0.8473,False
T,43,40,21,0.95,1.0,100.0,True
T,43,40,22,0.8,0.8077,0.8473,False
T,43,40,22,0.9,0.9038,10.559,False
T,43,40,22,0.95,1.0,100.0,True
T,43,40,23,0.8,0.8077,0.8473,False
T,43,40,23,0.9,0.9038,10.559,False
T,43,40,23,0.95,1.0,100.0,True
T,43,40,24,0.8,0.8077,0.8473,False
T,43,40,24,0.9,0.9038,10.559,False
T,43,40,24,0.95,1.0,100.0,True
T,43,40,25,0.8,0.8077,0.8473,False
T,43,40,25,0.9,0.9038,10.559,False
T,43,40,25,0.95,1.0,100.0,True
T,43,40,26,0.8,0.8077,0.8473,False
T,43,40,26,0.9,0.9038,10.559,False
T,43,40,26,0.95,1.0,100.0,True
T,43,40,27,0.8,0.8077,0.8473,False
T,43,40,27,0.9,0.9038,10.559,False
T,43,40,27,0.95,1.0,100.0,True
T,43,40,28,0.8,0.8077,0.8473,False
T,43,40,28,0.9,0.9038,10.559,False
T,43,40,28,0.95,1.0,100.0,True
T,43,40,29,0.8,0.8077,0.8473,False
T,43,40,29,0.9,0.9038,10.559,False
T,43,40,29,0.95,1.0,100.0,True
T,43,40,30,0.8,0.8077,0.8473,False
T,43,40,30,0.9,0.9038,10.559,False
T,43,40,30,0.95,1.0,100.0,True
T,43,40,31,0.8,0.7115,0.103,False
T,43,40,31,0.9,0.9038,10.559,False
T,43,40,31,0.95,1.0,100.0,True
T,43,40,32,0.8,0.8077,0.8473,False
T,43,40,32,0.9,0.9038,10.559,False
T,43,40,32,0.95,1.0,100.0,True
T,43,40,33,0.8,0.8077,0.8473,False
T,43,40,33,0.9,0.8077,0.8473,False
T,43,40,33,0.95,0.9038,10.559,False
T,43,40,34,0.8,0.8077,0.8473,False
T,43,40,34,0.9,0.9038,10.559,False
T,43,40,34,0.95,1.0,100.0,True
T,43,40,35,0.8,0.8077,0.8473,False
T,43,40,35,0.9,0.9038,10.559,False
T,43,40,35,0.95,1.0,100.0,True
T,43,40,36,0.8,0.8077,0.8473,False
T,43,40,36,0.9,0.8077,0.8473,False
T,43,40,36,0.95,1.0,100.0,True
T,43,40,37,0.8,0.8077,0.8473,False
T,43,40,37,0.9,0.9038,10.559,False
T,43,40,37,0.95,1.0,100.0,True
T,43,40,38,0.8,0.7115,0.103,False
T,43,40,38,0.9,0.8077,0.8473,False
T,43,40,38,0.95,1.0,100.0,True
T,43,40,39,0.8,0.8077,0.8473,False
T,43,40,39,0.9,0.9038,10.559,False
T,43,40,39,0.95,1.0,100.0,True
T,43,50,0,0.8,0.8077,0.8473,False
T,43,50,0,0.9,0.9038,10.559,False
T,43,50,0,0.95,1.0,100.0,True
T,43,50,1,0.8,0.8077,0.8473,False
T,43,50,1,0.9,0.9038,10.559,False
T,43,50,1,0.95,1.0,100.0,True
T,43,50,2,0.8,0.8077,0.8473,False
T,43,50,2,0.9,0.9038,10.559,False
T,43,50,2,0.95,1.0,100.0,True
T,43,50,3,0.8,0.8077,0.8473,False
T,43,50,3,0.9,0.9038,10.559,False
T,43,50,3,0.95,1.0,100.0,True
T,43,50,4,0.8,0.8077,0.8473,False
T,43,50,4,0.9,0.8077,0.8473,False
T,43,50,4,0.95,1.0,100.0,True
T,43,50,5,0.8,0.8077,0.8473,False
T,43,50,5,0.9,0.9038,10.559,False
T,43,50,5,0.95,1.0,100.0,True
T,43,50,6,0.8,0.8077,0.8473,False
T,43,50,6,0.9,0.9038,10.559,False
T,43,50,6,0.95,1.0,100.0,True
T,43,50,7,0.8,0.8077,0.8473,False
T,43,50,7,0.9,0.9038,10.559,False
T,43,50,7,0.95,1.0,100.0,True
T,43,50,8,0.8,0.8077,0.8473,False
T,43,50,8,0.9,0.9038,10.559,False
T,43,50,8,0.95,1.0,100.0,True
T,43,50,9,0.8,0.8077,0.8473,False
T,43,50,9,0.9,0.9038,10.559,False
T,43,50,9,0.95,1.0,100.0,True
T,43,50,10,0.8,0.8077,0.8473,False
T,43,50,10,0.9,0.9038,10.559,False
T,43,50,10,0.95,1.0,100.0,True
T,43,50,11,0.8,0.8077,0.8473,False
T,43,50,11,0.9,0.9038,10.559,False
T,43,50,11,0.95,1.0,100.0,True
T,43,50,12,0.8,0.7115,0.103,False
T,43,50,12,0.9,0.9038,10.559,False
T,43,50,12,0.95,1.0,100.0,True
T,43,50,13,0.8,0.8077,0.8473,False
T,43,50,13,0.9,0.9038,10.559,False
T,43,50,13,0.95,1.0,100.0,True
T,43,50,14,0.8,0.8077,0.8473,False
T,43,50,14,0.9,0.9038,10.559,False
T,43,50,14,0.95,1.0,100.0,True
T,43,50,15,0.8,0.8077,0.8473,False
T,43,50,15,0.9,0.9038,10.559,False
T,43,50,15,0.95,1.0,100.0,True
T,43,50,16,0.8,0.8077,0.8473,False
T,43,50,16,0.9,0.9038,10.559,False
T,43,50,16,0.95,1.0,100.0,True
T,43,50,17,0.8,0.8077,0.8473,False
T,43,50,17,0.9,0.9038,10.559,False
T,43,50,17,0.95,1.0,100.0,True
T,43,50,18,0.8,0.8077,0.8473,False
T,43,50,18,0.9,0.9038,10.559,False
T,43,50,18,0.95,1.0,100.0,True
T,43,50,19,0.8,0.8077,0.8473,False
T,43,50,19,0.9,0.9038,10.559,False
T,43,50,19,0.95,1.0,100.0,True
T,43,50,20,0.8,0.8077,0.8473,False
T,43,50,20,0.9,0.9038,10.559,False
T,43,50,20,0.95,1.0,100.0,True
T,43,50,21,0.8,0.8077,0.8473,False
T,43,50,21,0.9,0.9038,10.559,False
T,43,50,21,0.95,1.0,100.0,True
T,43,50,22,0.8,0.8077,0.8473,False
T,43,50,22,0.9,0.9038,10.559,False
T,43,50,22,0.95,1.0,100.0,True
T,43,50,23,0.8,0.8077,0.8473,False
T,43,50,23,0.9,0.9038,10.559,False
T,43,50,23,0.95,1.0,100.0,True
T,43,50,24,0.8,0.8077,0.8473,False
T,43,50,24,0.9,0.9038,10.559,False
T,43,50,24,0.95,1.0,100.0,True
T,43,50,25,0.8,0.8077,0.8473,False
T,43,50,25,0.9,0.9038,10.559,False
T,43,50,25,0.95,1.0,100.0,True
T,43,50,26,0.8,0.8077,0.8473,False
T,43,50,26,0.9,0.9038,10.559,False
T,43,50,26,0.95,1.0,100.0,True
T,43,50,27,0.8,0.8077,0.8473,False
T,43,50,27,0.9,0.9038,10.559,False
T,43,50,27,0.95,1.0,100.0,True
T,43,50,28,0.8,0.8077,0.8473,False
T,43,50,28,0.9,0.8077,0.8473,False
T,43,50,28,0.95,1.0,100.0,True
T,43,50,29,0.8,0.8077,0.8473,False
T,43,50,29,0.9,0.9038,10.559,False
T,43,50,29,0.95,1.0,100.0,True
T,43,50,30,0.8,0.8077,0.8473,False
T,43,50,30,0.9,0.9038,10.559,False
T,43,50,30,0.95,1.0,100.0,True
T,43,50,31,0.8,0.8077,0.8473,False
T,43,50,31,0.9,0.9038,10.559,False
T,43,50,31,0.95,1.0,100.0,True
T,43,50,32,0.8,0.8077,0.8473,False
T,43,50,32,0.9,0.9038,10.559,False
T,43,50,32,0.95,1.0,100.0,True
T,43,50,33,0.8,0.8077,0.8473,False
T,43,50,33,0.9,0.9038,10.559,False
T,43,50,33,0.95,1.0,100.0,True
T,43,50,34,0.8,0.8077,0.8473,False
T,43,50,34,0.9,0.9038,10.559,False
T,43,50,34,0.95,1.0,100.0,True
T,43,50,35,0.8,0.8077,0.8473,False
T,43,50,35,0.9,0.9038,10.559,False
T,43,50,35,0.95,1.0,100.0,True
T,43,50,36,0.8,0.8077,0.8473,False
T,43,50,36,0.9,0.9038,10.559,False
T,43,50,36,0.95,1.0,100.0,True
T,43,50,37,0.8,0.8077,0.8473,False
T,43,50,37,0.9,0.9038,10.559,False
T,43,50,37,0.95,1.0,100.0,True
T,43,50,38,0.8,0.8077,0.8473,False
T,43,50,38,0.9,0.9038,10.559,False
T,43,50,38,0.95,1.0,100.0,True
T,43,50,39,0.8,0.8077,0.8473,False
T,43,50,39,0.9,0.9038,10.559,False
T,43,50,39,0.95,1.0,100.0,True
T,43,56,0,0.8,0.8077,0.8473,False
T,43,56,0,0.9,0.9038,10.559,False
T,43,56,0,0.95,1.0,100.0,True
T,44,10,0,0.8,0.8846,7.5956,False
T,44,10,0,0.9,0.8846,7.5956,False
T,44,10,0,0.95,0.8846,7.5956,False
T,44,10,1,0.8,0.8846,7.5956,False
T,44,10,1,0.9,0.8846,7.5956,False
T,44,10,1,0.95,0.8846,7.5956,False
T,44,10,2,0.8,0.7115,0.1053,False
T,44,10,2,0.9,0.7115,0.1053,False
T,44,10,2,0.95,0.7115,0.1053,False
T,44,10,3,0.8,1.0,100.0,True
T,44,10,3,0.9,1.0,100.0,True
T,44,10,3,0.95,1.0,100.0,True
T,44,10,4,0.8,0.8077,0.6414,False
T,44,10,4,0.9,0.8077,0.6414,False
T,44,10,4,0.95,0.8077,0.6414,False
T,44,10,5,0.8,0.8846,7.5956,False
T,44,10,5,0.9,0.8846,7.5956,False
T,44,10,5,0.95,0.8846,7.5956,False
T,44,10,6,0.8,0.8077,0.6414,False
T,44,10,6,0.9,0.8077,0.6414,False
T,44,10,6,0.95,0.8077,0.6414,False
T,44,10,7,0.8,0.8077,0.6414,False
T,44,10,7,0.9,0.8077,0.6414,False
T,44,10,7,0.95,0.8077,0.6414,False
T,44,10,8,0.8,1.0,100.0,True
T,44,10,8,0.9,1.0,100.0,True
T,44,10,8,0.95,1.0,100.0,True
T,44,10,9,0.8,0.8846,7.5956,False
T,44,10,9,0.9,0.8846,7.5956,False
T,44,10,9,0.95,0.8846,7.5956,False
T,44,10,10,0.8,0.8077,0.6414,False
T,44,10,10,0.9,0.8077,0.6414,False
T,44,10,10,0.95,0.8077,0.6414,False
T,44,10,11,0.8,1.0,100.0,True
T,44,10,11,0.9,1.0,100.0,True
T,44,10,11,0.95,1.0,100.0,True
T,44,10,12,0.8,0.8846,7.5956,False
T,44,10,12,0.9,0.8846,7.5956,False
T,44,10,12,0.95,0.8846,7.5956,False
T,44,10,13,0.8,0.6154,0.0819,False
T,44,10,13,0.9,0.6154,0.0819,False
T,44,10,13,0.95,0.6154,0.0819,False
T,44,10,14,0.8,1.0,100.0,True
T,44,10,14,0.9,1.0,100.0,True
T,44,10,14,0.95,1.0,100.0,True
T,44,10,15,0.8,0.6154,0.0819,False
T,44,10,15,0.9,0.6154,0.0819,False
T,44,10,15,0.95,0.6154,0.0819,False
T,44,10,16,0.8,0.8077,0.6414,False
T,44,10,16,0.9,0.8077,0.6414,False
T,44,10,16,0.95,0.8077,0.6414,False
T,44,10,17,0.8,0.8846,7.5956,False
T,44,10,17,0.9,0.8846,7.5956,False
T,44,10,17,0.95,0.8846,7.5956,False
T,44,10,18,0.8,1.0,100.0,True
T,44,10,18,0.9,1.0,100.0,True
T,44,10,18,0.95,1.0,100.0,True
T,44,10,19,0.8,0.5192,0.0655,False
T,44,10,19,0.9,0.5192,0.0655,False
T,44,10,19,0.95,0.5192,0.0655,False
T,44,10,20,0.8,0.8846,7.5956,False
T,44,10,20,0.9,0.8846,7.5956,False
T,44,10,20,0.95,0.8846,7.5956,False
T,44,10,21,0.8,0.8077,0.6414,False
T,44,10,21,0.9,0.8077,0.6414,False
T,44,10,21,0.95,0.8077,0.6414,False
T,44,10,22,0.8,0.8846,7.5956,False
T,44,10,22,0.9,0.8846,7.5956,False
T,44,10,22,0.95,0.8846,7.5956,False
T,44,10,23,0.8,0.8077,0.6414,False
T,44,10,23,0.9,0.8077,0.6414,False
T,44,10,23,0.95,0.8077,0.6414,False
T,44,10,24,0.8,1.0,100.0,True
T,44,10,24,0.9,1.0,100.0,True
T,44,10,24,0.95,1.0,100.0,True
T,44,10,25,0.8,0.8846,7.5956,False
T,44,10,25,0.9,0.8846,7.5956,False
T,44,10,25,0.95,0.8846,7.5956,False
T,44,10,26,0.8,0.8846,7.5956,False
T,44,10,26,0.9,0.8846,7.5956,False
T,44,10,26,0.95,0.8846,7.5956,False
T,44,10,27,0.8,0.8077,0.6414,False
T,44,10,27,0.9,0.8077,0.6414,False
T,44,10,27,0.95,0.8077,0.6414,False
T,44,10,28,0.8,0.8077,0.6414,False
T,44,10,28,0.9,0.8077,0.6414,False
T,44,10,28,0.95,0.8077,0.6414,False
T,44,10,29,0.8,0.8846,7.5956,False
T,44,10,29,0.9,0.8846,7.5956,False
T,44,10,29,0.95,0.8846,7.5956,False
T,44,10,30,0.8,1.0,100.0,True
T,44,10,30,0.9,1.0,100.0,True
T,44,10,30,0.95,1.0,100.0,True
T,44,10,31,0.8,1.0,100.0,True
T,44,10,31,0.9,1.0,100.0,True
T,44,10,31,0.95,1.0,100.0,True
T,44,10,32,0.8,0.7115,0.1053,False
T,44,10,32,0.9,0.7115,0.1053,False
T,44,10,32,0.95,0.7115,0.1053,False
T,44,10,33,0.8,0.8846,7.5956,False
T,44,10,33,0.9,0.8846,7.5956,False
T,44,10,33,0.95,0.8846,7.5956,False
T,44,10,34,0.8,0.9231,11.3127,False
T,44,10,34,0.9,0.9231,11.3127,False
T,44,10,34,0.95,0.9231,11.3127,False
T,44,10,35,0.8,1.0,100.0,True
T,44,10,35,0.9,1.0,100.0,True
T,44,10,35,0.95,1.0,100.0,True
T,44,10,36,0.8,0.8846,7.5956,False
T,44,10,36,0.9,0.8846,7.5956,False
T,44,10,36,0.95,0.8846,7.5956,False
T,44,10,37,0.8,0.7115,0.1053,False
T,44,10,37,0.9,0.7115,0.1053,False
T,44,10,37,0.95,0.7115,0.1053,False
T,44,10,38,0.8,0.6154,0.0843,False
T,44,10,38,0.9,0.6154,0.0843,False
T,44,10,38,0.95,0.6154,0.0843,False
T,44,10,39,0.8,1.0,100.0,True
T,44,10,39,0.9,1.0,100.0,True
T,44,10,39,0.95,1.0,100.0,True
T,44,15,0,0.8,0.8846,7.5956,False
T,44,15,0,0.9,1.0,100.0,True
T,44,15,0,0.95,1.0,100.0,True
T,44,15,1,0.8,0.8077,0.6414,False
T,44,15,1,0.9,0.8077,0.6414,False
T,44,15,1,0.95,0.8077,0.6414,False
T,44,15,2,0.8,0.8846,7.5956,False
T,44,15,2,0.9,1.0,100.0,True
T,44,15,2,0.95,1.0,100.0,True
T,44,15,3,0.8,0.8077,0.6414,False
T,44,15,3,0.9,1.0,100.0,True
T,44,15,3,0.95,1.0,100.0,True
T,44,15,4,0.8,0.8846,7.5956,False
T,44,15,4,0.9,0.9231,11.3127,False
T,44,15,4,0.95,0.9231,11.3127,False
T,44,15,5,0.8,0.8846,7.5956,False
T,44,15,5,0.9,1.0,100.0,True
T,44,15,5,0.95,1.0,100.0,True
T,44,15,6,0.8,0.8846,7.5956,False
T,44,15,6,0.9,1.0,100.0,True
T,44,15,6,0.95,1.0,100.0,True
T,44,15,7,0.8,0.8077,0.6414,False
T,44,15,7,0.9,1.0,100.0,True
T,44,15,7,0.95,1.0,100.0,True
T,44,15,8,0.8,1.0,100.0,True
T,44,15,8,0.9,1.0,100.0,True
T,44,15,8,0.95,1.0,100.0,True
T,44,15,9,0.8,0.8077,0.6414,False
T,44,15,9,0.9,0.8077,0.6414,False
T,44,15,9,0.95,0.8077,0.6414,False
T,44,15,10,0.8,0.8846,7.5956,False
T,44,15,10,0.9,0.8846,7.5956,False
T,44,15,10,0.95,0.8846,7.5956,False
T,44,15,11,0.8,0.8077,0.6414,False
T,44,15,11,0.9,1.0,100.0,True
T,44,15,11,0.95,1.0,100.0,True
T,44,15,12,0.8,0.8846,7.5956,False
T,44,15,12,0.9,0.9231,11.3127,False
T,44,15,12,0.95,0.9231,11.3127,False
T,44,15,13,0.8,0.8077,0.6414,False
T,44,15,13,0.9,1.0,100.0,True
T,44,15,13,0.95,1.0,100.0,True
T,44,15,14,0.8,0.9231,11.3127,False
T,44,15,14,0.9,1.0,100.0,True
T,44,15,14,0.95,1.0,100.0,True
T,44,15,15,0.8,0.8846,7.5956,False
T,44,15,15,0.9,0.8846,7.5956,False
T,44,15,15,0.95,0.8846,7.5956,False
T,44,15,16,0.8,1.0,100.0,True
T,44,15,16,0.9,1.0,100.0,True
T,44,15,16,0.95,1.0,100.0,True
T,44,15,17,0.8,1.0,100.0,True
T,44,15,17,0.9,1.0,100.0,True
T,44,15,17,0.95,1.0,100.0,True
T,44,15,18,0.8,0.9231,11.3127,False
T,44,15,18,0.9,1.0,100.0,True
T,44,15,18,0.95,1.0,100.0,True
T,44,15,19,0.8,0.8846,7.5956,False
T,44,15,19,0.9,1.0,100.0,True
T,44,15,19,0.95,1.0,100.0,True
T,44,15,20,0.8,0.8846,7.5956,False
T,44,15,20,0.9,0.8846,7.5956,False
T,44,15,20,0.95,0.8846,7.5956,False
T,44,15,21,0.8,0.8077,0.6414,False
T,44,15,21,0.9,0.9231,11.3127,False
T,44,15,21,0.95,0.9231,11.3127,False
T,44,15,22,0.8,0.8846,7.5956,False
T,44,15,22,0.9,1.0,100.0,True
T,44,15,22,0.95,1.0,100.0,True
T,44,15,23,0.8,0.8077,0.6414,False
T,44,15,23,0.9,1.0,100.0,True
T,44,15,23,0.95,1.0,100.0,True
T,44,15,24,0.8,0.8077,0.6414,False
T,44,15,24,0.9,1.0,100.0,True
T,44,15,24,0.95,1.0,100.0,True
T,44,15,25,0.8,0.6154,0.0843,False
T,44,15,25,0.9,0.7115,0.1053,False
T,44,15,25,0.95,0.7115,0.1053,False
T,44,15,26,0.8,0.8077,0.6414,False
T,44,15,26,0.9,1.0,100.0,True
T,44,15,26,0.95,1.0,100.0,True
T,44,15,27,0.8,1.0,100.0,True
T,44,15,27,0.9,1.0,100.0,True
T,44,15,27,0.95,1.0,100.0,True
T,44,15,28,0.8,0.8077,0.6414,False
T,44,15,28,0.9,0.8846,7.5956,False
T,44,15,28,0.95,0.8846,7.5956,False
T,44,15,29,0.8,0.8846,7.5956,False
T,44,15,29,0.9,1.0,100.0,True
T,44,15,29,0.95,1.0,100.0,True
T,44,15,30,0.8,0.8846,7.5956,False
T,44,15,30,0.9,1.0,100.0,True
T,44,15,30,0.95,1.0,100.0,True
T,44,15,31,0.8,0.8846,7.5956,False
T,44,15,31,0.9,0.8846,7.5956,False
T,44,15,31,0.95,0.8846,7.5956,False
T,44,15,32,0.8,0.8846,7.5956,False
T,44,15,32,0.9,1.0,100.0,True
T,44,15,32,0.95,1.0,100.0,True
T,44,15,33,0.8,0.7115,0.1053,False
T,44,15,33,0.9,0.8846,7.5956,False
T,44,15,33,0.95,0.8846,7.5956,False
T,44,15,34,0.8,0.7115,0.1053,False
T,44,15,34,0.9,0.7115,0.1053,False
T,44,15,34,0.95,0.7115,0.1053,False
T,44,15,35,0.8,0.8077,0.6414,False
T,44,15,35,0.9,0.8077,0.6414,False
T,44,15,35,0.95,0.8077,0.6414,False
T,44,15,36,0.8,0.6731,0.0936,False
T,44,15,36,0.9,0.8077,0.6414,False
T,44,15,36,0.95,0.8077,0.6414,False
T,44,15,37,0.8,0.8846,7.5956,False
T,44,15,37,0.9,0.8846,7.5956,False
T,44,15,37,0.95,0.8846,7.5956,False
T,44,15,38,0.8,0.8077,0.6414,False
T,44,15,38,0.9,0.9231,11.3127,False
T,44,15,38,0.95,0.9231,11.3127,False
T,44,15,39,0.8,1.0,100.0,True
T,44,15,39,0.9,1.0,100.0,True
T,44,15,39,0.95,1.0,100.0,True
T,44,20,0,0.8,0.8077,0.6414,False
T,44,20,0,0.9,0.8846,7.5956,False
T,44,20,0,0.95,0.8846,7.5956,False
T,44,20,1,0.8,0.8846,7.5956,False
T,44,20,1,0.9,1.0,100.0,True
T,44,20,1,0.95,1.0,100.0,True
T,44,20,2,0.8,0.8077,0.6414,False
T,44,20,2,0.9,1.0,100.0,True
T,44,20,2,0.95,1.0,100.0,True
T,44,20,3,0.8,0.9231,11.3127,False
T,44,20,3,0.9,1.0,100.0,True
T,44,20,3,0.95,1.0,100.0,True
T,44,20,4,0.8,0.8846,7.5956,False
T,44,20,4,0.9,1.0,100.0,True
T,44,20,4,0.95,1.0,100.0,True
T,44,20,5,0.8,0.8077,0.6414,False
T,44,20,5,0.9,0.9231,11.3127,False
T,44,20,5,0.95,0.9231,11.3127,False
T,44,20,6,0.8,0.8077,0.6414,False
T,44,20,6,0.9,1.0,100.0,True
T,44,20,6,0.95,1.0,100.0,True
T,44,20,7,0.8,0.8077,0.6414,False
T,44,20,7,0.9,1.0,100.0,True
T,44,20,7,0.95,1.0,100.0,True
T,44,20,8,0.8,0.8077,0.6414,False
T,44,20,8,0.9,1.0,100.0,True
T,44,20,8,0.95,1.0,100.0,True
T,44,20,9,0.8,0.8846,7.5956,False
T,44,20,9,0.9,1.0,100.0,True
T,44,20,9,0.95,1.0,100.0,True
T,44,20,10,0.8,0.7115,0.1053,False
T,44,20,10,0.9,0.9231,11.3127,False
T,44,20,10,0.95,0.9231,11.3127,False
T,44,20,11,0.8,0.8846,7.5956,False
T,44,20,11,0.9,1.0,100.0,True
T,44,20,11,0.95,1.0,100.0,True
T,44,20,12,0.8,0.8077,0.6414,False
T,44,20,12,0.9,1.0,100.0,True
T,44,20,12,0.95,1.0,100.0,True
T,44,20,13,0.8,0.8077,0.6414,False
T,44,20,13,0.9,0.8846,7.5956,False
T,44,20,13,0.95,0.8846,7.5956,False
T,44,20,14,0.8,0.8077,0.6414,False
T,44,20,14,0.9,0.8846,7.5956,False
T,44,20,14,0.95,0.8846,7.5956,False
T,44,20,15,0.8,0.8846,7.5956,False
T,44,20,15,0.9,1.0,100.0,True
T,44,20,15,0.95,1.0,100.0,True
T,44,20,16,0.8,0.8077,0.6414,False
T,44,20,16,0.9,0.8846,7.5956,False
T,44,20,16,0.95,0.8846,7.5956,False
T,44,20,17,0.8,0.8846,7.5956,False
T,44,20,17,0.9,1.0,100.0,True
T,44,20,17,0.95,1.0,100.0,True
T,44,20,18,0.8,0.8077,0.6414,False
T,44,20,18,0.9,0.9231,11.3127,False
T,44,20,18,0.95,0.9231,11.3127,False
T,44,20,19,0.8,0.8077,0.6414,False
T,44,20,19,0.9,1.0,100.0,True
T,44,20,19,0.95,1.0,100.0,True
T,44,20,20,0.8,0.8846,7.5956,False
T,44,20,20,0.9,1.0,100.0,True
T,44,20,20,0.95,1.0,100.0,True
T,44,20,21,0.8,0.8846,7.5956,False
T,44,20,21,0.9,1.0,100.0,True
T,44,20,21,0.95,1.0,100.0,True
T,44,20,22,0.8,0.8077,0.6414,False
T,44,20,22,0.9,1.0,100.0,True
T,44,20,22,0.95,1.0,100.0,True
T,44,20,23,0.8,0.8846,7.5956,False
T,44,20,23,0.9,1.0,100.0,True
T,44,20,23,0.95,1.0,100.0,True
T,44,20,24,0.8,0.9231,11.3127,False
T,44,20,24,0.9,1.0,100.0,True
T,44,20,24,0.95,1.0,100.0,True
T,44,20,25,0.8,0.8077,0.6414,False
T,44,20,25,0.9,0.8846,7.5956,False
T,44,20,25,0.95,0.8846,7.5956,False
T,44,20,26,0.8,0.8077,0.6414,False
T,44,20,26,0.9,0.8846,7.5956,False
T,44,20,26,0.95,0.8846,7.5956,False
T,44,20,27,0.8,0.8846,7.5956,False
T,44,20,27,0.9,1.0,100.0,True
T,44,20,27,0.95,1.0,100.0,True
T,44,20,28,0.8,0.6154,0.0819,False
T,44,20,28,0.9,0.8846,7.5956,False
T,44,20,28,0.95,0.8846,7.5956,False
T,44,20,29,0.8,0.8846,7.5956,False
T,44,20,29,0.9,1.0,100.0,True
T,44,20,29,0.95,1.0,100.0,True
T,44,20,30,0.8,0.7115,0.1053,False
T,44,20,30,0.9,0.9231,11.3127,False
T,44,20,30,0.95,0.9231,11.3127,False
T,44,20,31,0.8,0.7115,0.1053,False
T,44,20,31,0.9,0.8077,0.6414,False
T,44,20,31,0.95,0.8077,0.6414,False
T,44,20,32,0.8,0.8077,0.6414,False
T,44,20,32,0.9,1.0,100.0,True
T,44,20,32,0.95,1.0,100.0,True
T,44,20,33,0.8,0.8846,7.5956,False
T,44,20,33,0.9,1.0,100.0,True
T,44,20,33,0.95,1.0,100.0,True
T,44,20,34,0.8,0.8846,7.5956,False
T,44,20,34,0.9,1.0,100.0,True
T,44,20,34,0.95,1.0,100.0,True
T,44,20,35,0.8,0.8077,0.6414,False
T,44,20,35,0.9,1.0,100.0,True
T,44,20,35,0.95,1.0,100.0,True
T,44,20,36,0.8,0.8077,0.6414,False
T,44,20,36,0.9,1.0,100.0,True
T,44,20,36,0.95,1.0,100.0,True
T,44,20,37,0.8,0.7115,0.1053,False
T,44,20,37,0.9,0.8077,0.6414,False
T,44,20,37,0.95,0.8077,0.6414,False
T,44,20,38,0.8,0.8077,0.6414,False
T,44,20,38,0.9,0.8846,7.5956,False
T,44,20,38,0.95,0.8846,7.5956,False
T,44,20,39,0.8,0.8846,7.5956,False
T,44,20,39,0.9,1.0,100.0,True
T,44,20,39,0.95,1.0,100.0,True
T,44,25,0,0.8,0.8077,0.6414,False
T,44,25,0,0.9,1.0,100.0,True
T,44,25,0,0.95,1.0,100.0,True
T,44,25,1,0.8,0.8077,0.6414,False
T,44,25,1,0.9,1.0,100.0,True
T,44,25,1,0.95,1.0,100.0,True
T,44,25,2,0.8,0.8077,0.6414,False
T,44,25,2,0.9,1.0,100.0,True
T,44,25,2,0.95,1.0,100.0,True
T,44,25,3,0.8,0.8846,7.5956,False
T,44,25,3,0.9,1.0,100.0,True
T,44,25,3,0.95,1.0,100.0,True
T,44,25,4,0.8,0.7115,0.1053,False
T,44,25,4,0.9,0.8077,0.6414,False
T,44,25,4,0.95,0.8077,0.6414,False
T,44,25,5,0.8,0.7115,0.1053,False
T,44,25,5,0.9,0.8846,7.5956,False
T,44,25,5,0.95,0.8846,7.5956,False
T,44,25,6,0.8,0.8077,0.6414,False
T,44,25,6,0.9,1.0,100.0,True
T,44,25,6,0.95,1.0,100.0,True
T,44,25,7,0.8,0.7115,0.1053,False
T,44,25,7,0.9,0.9231,11.3127,False
T,44,25,7,0.95,0.9231,11.3127,False
T,44,25,8,0.8,0.8846,7.5956,False
T,44,25,8,0.9,1.0,100.0,True
T,44,25,8,0.95,1.0,100.0,True
T,44,25,9,0.8,0.8846,7.5956,False
T,44,25,9,0.9,1.0,100.0,True
T,44,25,9,0.95,1.0,100.0,True
T,44,25,10,0.8,0.8077,0.6414,False
T,44,25,10,0.9,0.9231,11.3127,False
T,44,25,10,0.95,0.9231,11.3127,False
T,44,25,11,0.8,0.8077,0.6414,False
T,44,25,11,0.9,0.8846,7.5956,False
T,44,25,11,0.95,0.8846,7.5956,False
T,44,25,12,0.8,0.8077,0.6414,False
T,44,25,12,0.9,1.0,100.0,True
T,44,25,12,0.95,1.0,100.0,True
T,44,25,13,0.8,0.8077,0.6414,False
T,44,25,13,0.9,1.0,100.0,True
T,44,25,13,0.95,1.0,100.0,True
T,44,25,14,0.8,0.7115,0.1053,False
T,44,25,14,0.9,1.0,100.0,True
T,44,25,14,0.95,1.0,100.0,True
T,44,25,15,0.8,0.8077,0.6414,False
T,44,25,15,0.9,0.9231,11.3127,False
T,44,25,15,0.95,0.9231,11.3127,False
T,44,25,16,0.8,0.8077,0.6414,False
T,44,25,16,0.9,0.8846,7.5956,False
T,44,25,16,0.95,0.8846,7.5956,False
T,44,25,17,0.8,0.8846,7.5956,False
T,44,25,17,0.9,1.0,100.0,True
T,44,25,17,0.95,1.0,100.0,True
T,44,25,18,0.8,0.8077,0.6414,False
T,44,25,18,0.9,1.0,100.0,True
T,44,25,18,0.95,1.0,100.0,True
T,44,25,19,0.8,0.8846,7.5956,False
T,44,25,19,0.9,1.0,100.0,True
T,44,25,19,0.95,1.0,100.0,True
T,44,25,20,0.8,0.8077,0.6414,False
T,44,25,20,0.9,1.0,100.0,True
T,44,25,20,0.95,1.0,100.0,True
T,44,25,21,0.8,0.8077,0.6414,False
T,44,25,21,0.9,0.8077,0.6414,False
T,44,25,21,0.95,0.8077,0.6414,False
T,44,25,22,0.8,0.8077,0.6414,False
T,44,25,22,0.9,1.0,100.0,True
T,44,25,22,0.95,1.0,100.0,True
T,44,25,23,0.8,0.8846,7.5956,False
T,44,25,23,0.9,1.0,100.0,True
T,44,25,23,0.95,1.0,100.0,True
T,44,25,24,0.8,0.8077,0.6414,False
T,44,25,24,0.9,1.0,100.0,True
T,44,25,24,0.95,1.0,100.0,True
T,44,25,25,0.8,0.8846,7.5956,False
T,44,25,25,0.9,1.0,100.0,True
T,44,25,25,0.95,1.0,100.0,True
T,44,25,26,0.8,0.7115,0.1053,False
T,44,25,26,0.9,1.0,100.0,True
T,44,25,26,0.95,1.0,100.0,True
T,44,25,27,0.8,0.8077,0.6414,False
T,44,25,27,0.9,0.8846,7.5956,False
T,44,25,27,0.95,0.8846,7.5956,False
T,44,25,28,0.8,0.8077,0.6414,False
T,44,25,28,0.9,1.0,100.0,True
T,44,25,28,0.95,1.0,100.0,True
T,44,25,29,0.8,0.8077,0.6414,False
T,44,25,29,0.9,1.0,100.0,True
T,44,25,29,0.95,1.0,100.0,True
T,44,25,30,0.8,0.8077,0.6414,False
T,44,25,30,0.9,1.0,100.0,True
T,44,25,30,0.95,1.0,100.0,True
T,44,25,31,0.8,0.8077,0.6414,False
T,44,25,31,0.9,1.0,100.0,True
T,44,25,31,0.95,1.0,100.0,True
T,44,25,32,0.8,0.8846,7.5956,False
T,44,25,32,0.9,1.0,100.0,True
T,44,25,32,0.95,1.0,100.0,True
T,44,25,33,0.8,0.8077,0.6414,False
T,44,25,33,0.9,1.0,100.0,True
T,44,25,33,0.95,1.0,100.0,True
T,44,25,34,0.8,0.6731,0.0936,False
T,44,25,34,0.9,1.0,100.0,True
T,44,25,34,0.95,1.0,100.0,True
T,44,25,35,0.8,0.8077,0.6414,False
T,44,25,35,0.9,1.0,100.0,True
T,44,25,35,0.95,1.0,100.0,True
T,44,25,36,0.8,0.8077,0.6414,False
T,44,25,36,0.9,1.0,100.0,True
T,44,25,36,0.95,1.0,100.0,True
T,44,25,37,0.8,0.7115,0.1053,False
T,44,25,37,0.9,0.8077,0.6414,False
T,44,25,37,0.95,0.8077,0.6414,False
T,44,25,38,0.8,0.8077,0.6414,False
T,44,25,38,0.9,1.0,100.0,True
T,44,25,38,0.95,1.0,100.0,True
T,44,25,39,0.8,0.7115,0.1053,False
T,44,25,39,0.9,1.0,100.0,True
T,44,25,39,0.95,1.0,100.0,True
T,44,30,0,0.8,0.8077,0.6414,False
T,44,30,0,0.9,0.8846,7.5956,False
T,44,30,0,0.95,1.0,100.0,True
T,44,30,1,0.8,0.8846,7.5956,False
T,44,30,1,0.9,1.0,100.0,True
T,44,30,1,0.95,1.0,100.0,True
T,44,30,2,0.8,0.8077,0.6414,False
T,44,30,2,0.9,0.9231,11.3127,False
T,44,30,2,0.95,1.0,100.0,True
T,44,30,3,0.8,0.8077,0.6414,False
T,44,30,3,0.9,1.0,100.0,True
T,44,30,3,0.95,1.0,100.0,True
T,44,30,4,0.8,0.8077,0.6414,False
T,44,30,4,0.9,0.9231,11.3127,False
T,44,30,4,0.95,1.0,100.0,True
T,44,30,5,0.8,0.8077,0.6414,False
T,44,30,5,0.9,0.8846,7.5956,False
T,44,30,5,0.95,1.0,100.0,True
T,44,30,6,0.8,0.8846,7.5956,False
T,44,30,6,0.9,0.9231,11.3127,False
T,44,30,6,0.95,1.0,100.0,True
T,44,30,7,0.8,0.8077,0.6414,False
T,44,30,7,0.9,0.8846,7.5956,False
T,44,30,7,0.95,1.0,100.0,True
T,44,30,8,0.8,0.8077,0.6414,False
T,44,30,8,0.9,0.8846,7.5956,False
T,44,30,8,0.95,1.0,100.0,True
T,44,30,9,0.8,0.8077,0.6414,False
T,44,30,9,0.9,1.0,100.0,True
T,44,30,9,0.95,1.0,100.0,True
T,44,30,10,0.8,0.8077,0.6414,False
T,44,30,10,0.9,0.9231,11.3127,False
T,44,30,10,0.95,1.0,100.0,True
T,44,30,11,0.8,0.7115,0.1053,False
T,44,30,11,0.9,0.8846,7.5956,False
T,44,30,11,0.95,1.0,100.0,True
T,44,30,12,0.8,0.7115,0.1053,False
T,44,30,12,0.9,0.8846,7.5956,False
T,44,30,12,0.95,0.9231,11.3127,False
T,44,30,13,0.8,0.7115,0.1053,False
T,44,30,13,0.9,0.8846,7.5956,False
T,44,30,13,0.95,1.0,100.0,True
T,44,30,14,0.8,0.8846,7.5956,False
T,44,30,14,0.9,1.0,100.0,True
T,44,30,14,0.95,1.0,100.0,True
T,44,30,15,0.8,0.8077,0.6414,False
T,44,30,15,0.9,0.9231,11.3127,False
T,44,30,15,0.95,1.0,100.0,True
T,44,30,16,0.8,0.8077,0.6414,False
T,44,30,16,0.9,0.9231,11.3127,False
T,44,30,16,0.95,1.0,100.0,True
T,44,30,17,0.8,0.8077,0.6414,False
T,44,30,17,0.9,0.8846,7.5956,False
T,44,30,17,0.95,1.0,100.0,True
T,44,30,18,0.8,0.8077,0.6414,False
T,44,30,18,0.9,1.0,100.0,True
T,44,30,18,0.95,1.0,100.0,True
T,44,30,19,0.8,0.7115,0.1053,False
T,44,30,19,0.9,0.9231,11.3127,False
T,44,30,19,0.95,1.0,100.0,True
T,44,30,20,0.8,0.8077,0.6414,False
T,44,30,20,0.9,0.9231,11.3127,False
T,44,30,20,0.95,1.0,100.0,True
T,44,30,21,0.8,0.8077,0.6414,False
T,44,30,21,0.9,0.8846,7.5956,False
T,44,30,21,0.95,0.9231,11.3127,False
T,44,30,22,0.8,0.6154,0.0843,False
T,44,30,22,0.9,0.8846,7.5956,False
T,44,30,22,0.95,0.8846,7.5956,False
T,44,30,23,0.8,0.7115,0.1053,False
T,44,30,23,0.9,0.9231,11.3127,False
T,44,30,23,0.95,1.0,100.0,True
T,44,30,24,0.8,0.8077,0.6414,False
T,44,30,24,0.9,0.9231,11.3127,False
T,44,30,24,0.95,1.0,100.0,True
T,44,30,25,0.8,0.8077,0.6414,False
T,44,30,25,0.9,0.8846,7.5956,False
T,44,30,25,0.95,0.8846,7.5956,False
T,44,30,26,0.8,0.6154,0.0843,False
T,44,30,26,0.9,0.8077,0.6414,False
T,44,30,26,0.95,1.0,100.0,True
T,44,30,27,0.8,0.7115,0.1053,False
T,44,30,27,0.9,1.0,100.0,True
T,44,30,27,0.95,1.0,100.0,True
T,44,30,28,0.8,0.8077,0.6414,False
T,44,30,28,0.9,0.8846,7.5956,False
T,44,30,28,0.95,0.8846,7.5956,False
T,44,30,29,0.8,0.8077,0.6414,False
T,44,30,29,0.9,0.8846,7.5956,False
T,44,30,29,0.95,1.0,100.0,True
T,44,30,30,0.8,0.8846,7.5956,False
T,44,30,30,0.9,1.0,100.0,True
T,44,30,30,0.95,1.0,100.0,True
T,44,30,31,0.8,0.8077,0.6414,False
T,44,30,31,0.9,0.9231,11.3127,False
T,44,30,31,0.95,1.0,100.0,True
T,44,30,32,0.8,0.8077,0.6414,False
T,44,30,32,0.9,0.9231,11.3127,False
T,44,30,32,0.95,1.0,100.0,True
T,44,30,33,0.8,0.7115,0.1053,False
T,44,30,33,0.9,0.8077,0.6414,False
T,44,30,33,0.95,1.0,100.0,True
T,44,30,34,0.8,0.8077,0.6414,False
T,44,30,34,0.9,0.9231,11.3127,False
T,44,30,34,0.95,1.0,100.0,True
T,44,30,35,0.8,0.7115,0.1053,False
T,44,30,35,0.9,0.8077,0.6414,False
T,44,30,35,0.95,0.8846,7.5956,False
T,44,30,36,0.8,0.8077,0.6414,False
T,44,30,36,0.9,0.9231,11.3127,False
T,44,30,36,0.95,1.0,100.0,True
T,44,30,37,0.8,0.8077,0.6414,False
T,44,30,37,0.9,0.8846,7.5956,False
T,44,30,37,0.95,1.0,100.0,True
T,44,30,38,0.8,0.6731,0.0936,False
T,44,30,38,0.9,0.8077,0.6414,False
T,44,30,38,0.95,0.8077,0.6414,False
T,44,30,39,0.8,0.7115,0.1053,False
T,44,30,39,0.9,0.8846,7.5956,False
T,44,30,39,0.95,0.8846,7.5956,False
T,44,40,0,0.8,0.7115,0.1053,False
T,44,40,0,0.9,0.9231,11.3127,False
T,44,40,0,0.95,1.0,100.0,True
T,44,40,1,0.8,0.8077,0.6414,False
T,44,40,1,0.9,0.9231,11.3127,False
T,44,40,1,0.95,1.0,100.0,True
T,44,40,2,0.8,0.8077,0.6414,False
T,44,40,2,0.9,0.8846,7.5956,False
T,44,40,2,0.95,1.0,100.0,True
T,44,40,3,0.8,0.8077,0.6414,False
T,44,40,3,0.9,0.9231,11.3127,False
T,44,40,3,0.95,1.0,100.0,True
T,44,40,4,0.8,0.7115,0.1053,False
T,44,40,4,0.9,0.8077,0.6414,False
T,44,40,4,0.95,0.8846,7.5956,False
T,44,40,5,0.8,0.8077,0.6414,False
T,44,40,5,0.9,0.8846,7.5956,False
T,44,40,5,0.95,0.8846,7.5956,False
T,44,40,6,0.8,0.8077,0.6414,False
T,44,40,6,0.9,0.8846,7.5956,False
T,44,40,6,0.95,1.0,100.0,True
T,44,40,7,0.8,0.8077,0.6414,False
T,44,40,7,0.9,0.9231,11.3127,False
T,44,40,7,0.95,1.0,100.0,True
T,44,40,8,0.8,0.7115,0.1053,False
T,44,40,8,0.9,0.8846,7.5956,False
T,44,40,8,0.95,1.0,100.0,True
T,44,40,9,0.8,0.8077,0.6414,False
T,44,40,9,0.9,0.9231,11.3127,False
T,44,40,9,0.95,1.0,100.0,True
T,44,40,10,0.8,0.8077,0.6414,False
T,44,40,10,0.9,0.8846,7.5956,False
T,44,40,10,0.95,1.0,100.0,True
T,44,40,11,0.8,0.8077,0.6414,False
T,44,40,11,0.9,0.9231,11.3127,False
T,44,40,11,0.95,1.0,100.0,True
T,44,40,12,0.8,0.7115,0.1053,False
T,44,40,12,0.9,0.8846,7.5956,False
T,44,40,12,0.95,1.0,100.0,True
T,44,40,13,0.8,0.8077,0.6414,False
T,44,40,13,0.9,0.9231,11.3127,False
T,44,40,13,0.95,1.0,100.0,True
T,44,40,14,0.8,0.8077,0.6414,False
T,44,40,14,0.9,0.9231,11.3127,False
T,44,40,14,0.95,1.0,100.0,True
T,44,40,15,0.8,0.7115,0.1053,False
T,44,40,15,0.9,0.8846,7.5956,False
T,44,40,15,0.95,1.0,100.0,True
T,44,40,16,0.8,0.7115,0.1053,False
T,44,40,16,0.9,0.8846,7.5956,False
T,44,40,16,0.95,1.0,100.0,True
T,44,40,17,0.8,0.8077,0.6414,False
T,44,40,17,0.9,0.8846,7.5956,False
T,44,40,17,0.95,1.0,100.0,True
T,44,40,18,0.8,0.8077,0.6414,False
T,44,40,18,0.9,0.8846,7.5956,False
T,44,40,18,0.95,1.0,100.0,True
T,44,40,19,0.8,0.8077,0.6414,False
T,44,40,19,0.9,0.8846,7.5956,False
T,44,40,19,0.95,1.0,100.0,True
T,44,40,20,0.8,0.8077,0.6414,False
T,44,40,20,0.9,0.8846,7.5956,False
T,44,40,20,0.95,1.0,100.0,True
T,44,40,21,0.8,0.8077,0.6414,False
T,44,40,21,0.9,0.8846,7.5956,False
T,44,40,21,0.95,1.0,100.0,True
T,44,40,22,0.8,0.8077,0.6414,False
T,44,40,22,0.9,0.9231,11.3127,False
T,44,40,22,0.95,1.0,100.0,True
T,44,40,23,0.8,0.7115,0.1053,False
T,44,40,23,0.9,0.8846,7.5956,False
T,44,40,23,0.95,1.0,100.0,True
T,44,40,24,0.8,0.8077,0.6414,False
T,44,40,24,0.9,0.8846,7.5956,False
T,44,40,24,0.95,1.0,100.0,True
T,44,40,25,0.8,0.8077,0.6414,False
T,44,40,25,0.9,0.8846,7.5956,False
T,44,40,25,0.95,1.0,100.0,True
T,44,40,26,0.8,0.8077,0.6414,False
T,44,40,26,0.9,0.9231,11.3127,False
T,44,40,26,0.95,1.0,100.0,True
T,44,40,27,0.8,0.8077,0.6414,False
T,44,40,27,0.9,0.8846,7.5956,False
T,44,40,27,0.95,1.0,100.0,True
T,44,40,28,0.8,0.8077,0.6414,False
T,44,40,28,0.9,0.8846,7.5956,False
T,44,40,28,0.95,0.9231,11.3127,False
T,44,40,29,0.8,0.8077,0.6414,False
T,44,40,29,0.9,0.9231,11.3127,False
T,44,40,29,0.95,1.0,100.0,True
T,44,40,30,0.8,0.8077,0.6414,False
T,44,40,30,0.9,0.9231,11.3127,False
T,44,40,30,0.95,1.0,100.0,True
T,44,40,31,0.8,0.8077,0.6414,False
T,44,40,31,0.9,0.9231,11.3127,False
T,44,40,31,0.95,1.0,100.0,True
T,44,40,32,0.8,0.8077,0.6414,False
T,44,40,32,0.9,0.9231,11.3127,False
T,44,40,32,0.95,1.0,100.0,True
T,44,40,33,0.8,0.8077,0.6414,False
T,44,40,33,0.9,0.8846,7.5956,False
T,44,40,33,0.95,1.0,100.0,True
T,44,40,34,0.8,0.8077,0.6414,False
T,44,40,34,0.9,0.8846,7.5956,False
T,44,40,34,0.95,1.0,100.0,True
T,44,40,35,0.8,0.8077,0.6414,False
T,44,40,35,0.9,0.8846,7.5956,False
T,44,40,35,0.95,1.0,100.0,True
T,44,40,36,0.8,0.6154,0.0843,False
T,44,40,36,0.9,0.8077,0.6414,False
T,44,40,36,0.95,1.0,100.0,True
T,44,40,37,0.8,0.8077,0.6414,False
T,44,40,37,0.9,0.8846,7.5956,False
T,44,40,37,0.95,1.0,100.0,True
T,44,40,38,0.8,0.7115,0.1053,False
T,44,40,38,0.9,0.8077,0.6414,False
T,44,40,38,0.95,1.0,100.0,True
T,44,40,39,0.8,0.7115,0.1053,False
T,44,40,39,0.9,0.8077,0.6414,False
T,44,40,39,0.95,1.0,100.0,True
T,44,50,0,0.8,0.8077,0.6414,False
T,44,50,0,0.9,0.8846,7.5956,False
T,44,50,0,0.95,1.0,100.0,True
T,44,50,1,0.8,0.8077,0.6414,False
T,44,50,1,0.9,0.8846,7.5956,False
T,44,50,1,0.95,1.0,100.0,True
T,44,50,2,0.8,0.8077,0.6414,False
T,44,50,2,0.9,0.8846,7.5956,False
T,44,50,2,0.95,1.0,100.0,True
T,44,50,3,0.8,0.8077,0.6414,False
T,44,50,3,0.9,0.8846,7.5956,False
T,44,50,3,0.95,1.0,100.0,True
T,44,50,4,0.8,0.8077,0.6414,False
T,44,50,4,0.9,0.8846,7.5956,False
T,44,50,4,0.95,1.0,100.0,True
T,44,50,5,0.8,0.8077,0.6414,False
T,44,50,5,0.9,0.8846,7.5956,False
T,44,50,5,0.95,1.0,100.0,True
T,44,50,6,0.8,0.8077,0.6414,False
T,44,50,6,0.9,0.8846,7.5956,False
T,44,50,6,0.95,1.0,100.0,True
T,44,50,7,0.8,0.8077,0.6414,False
T,44,50,7,0.9,0.8846,7.5956,False
T,44,50,7,0.95,1.0,100.0,True
T,44,50,8,0.8,0.7115,0.1053,False
T,44,50,8,0.9,0.8846,7.5956,False
T,44,50,8,0.95,1.0,100.0,True
T,44,50,9,0.8,0.8077,0.6414,False
T,44,50,9,0.9,0.8846,7.5956,False
T,44,50,9,0.95,1.0,100.0,True
T,44,50,10,0.8,0.8077,0.6414,False
T,44,50,10,0.9,0.8846,7.5956,False
T,44,50,10,0.95,1.0,100.0,True
T,44,50,11,0.8,0.8077,0.6414,False
T,44,50,11,0.9,0.8846,7.5956,False
T,44,50,11,0.95,1.0,100.0,True
T,44,50,12,0.8,0.7115,0.1053,False
T,44,50,12,0.9,0.8077,0.6414,False
T,44,50,12,0.95,1.0,100.0,True
T,44,50,13,0.8,0.8077,0.6414,False
T,44,50,13,0.9,0.8846,7.5956,False
T,44,50,13,0.95,1.0,100.0,True
T,44,50,14,0.8,0.8077,0.6414,False
T,44,50,14,0.9,0.8846,7.5956,False
T,44,50,14,0.95,1.0,100.0,True
T,44,50,15,0.8,0.8077,0.6414,False
T,44,50,15,0.9,0.8846,7.5956,False
T,44,50,15,0.95,1.0,100.0,True
T,44,50,16,0.8,0.8077,0.6414,False
T,44,50,16,0.9,0.8846,7.5956,False
T,44,50,16,0.95,1.0,100.0,True
T,44,50,17,0.8,0.8077,0.6414,False
T,44,50,17,0.9,0.8846,7.5956,False
T,44,50,17,0.95,1.0,100.0,True
T,44,50,18,0.8,0.8077,0.6414,False
T,44,50,18,0.9,0.8846,7.5956,False
T,44,50,18,0.95,1.0,100.0,True
T,44,50,19,0.8,0.8077,0.6414,False
T,44,50,19,0.9,0.8846,7.5956,False
T,44,50,19,0.95,1.0,100.0,True
T,44,50,20,0.8,0.8077,0.6414,False
T,44,50,20,0.9,0.8846,7.5956,False
T,44,50,20,0.95,1.0,100.0,True
T,44,50,21,0.8,0.8077,0.6414,False
T,44,50,21,0.9,0.8846,7.5956,False
T,44,50,21,0.95,1.0,100.0,True
T,44,50,22,0.8,0.8077,0.6414,False
T,44,50,22,0.9,0.8846,7.5956,False
T,44,50,22,0.95,1.0,100.0,True
T,44,50,23,0.8,0.8077,0.6414,False
T,44,50,23,0.9,0.8846,7.5956,False
T,44,50,23,0.95,1.0,100.0,True
T,44,50,24,0.8,0.8077,0.6414,False
T,44,50,24,0.9,0.8846,7.5956,False
T,44,50,24,0.95,1.0,100.0,True
T,44,50,25,0.8,0.8077,0.6414,False
T,44,50,25,0.9,0.8846,7.5956,False
T,44,50,25,0.95,1.0,100.0,True
T,44,50,26,0.8,0.8077,0.6414,False
T,44,50,26,0.9,0.8846,7.5956,False
T,44,50,26,0.95,1.0,100.0,True
T,44,50,27,0.8,0.8077,0.6414,False
T,44,50,27,0.9,0.8846,7.5956,False
T,44,50,27,0.95,1.0,100.0,True
T,44,50,28,0.8,0.8077,0.6414,False
T,44,50,28,0.9,0.8846,7.5956,False
T,44,50,28,0.95,1.0,100.0,True
T,44,50,29,0.8,0.8077,0.6414,False
T,44,50,29,0.9,0.8846,7.5956,False
T,44,50,29,0.95,1.0,100.0,True
T,44,50,30,0.8,0.7115,0.1053,False
T,44,50,30,0.9,0.8846,7.5956,False
T,44,50,30,0.95,1.0,100.0,True
T,44,50,31,0.8,0.7115,0.1053,False
T,44,50,31,0.9,0.8846,7.5956,False
T,44,50,31,0.95,1.0,100.0,True
T,44,50,32,0.8,0.8077,0.6414,False
T,44,50,32,0.9,0.8846,7.5956,False
T,44,50,32,0.95,1.0,100.0,True
T,44,50,33,0.8,0.8077,0.6414,False
T,44,50,33,0.9,0.8846,7.5956,False
T,44,50,33,0.95,1.0,100.0,True
T,44,50,34,0.8,0.8077,0.6414,False
T,44,50,34,0.9,0.8846,7.5956,False
T,44,50,34,0.95,1.0,100.0,True
T,44,50,35,0.8,0.8077,0.6414,False
T,44,50,35,0.9,0.8846,7.5956,False
T,44,50,35,0.95,1.0,100.0,True
T,44,50,36,0.8,0.8077,0.6414,False
T,44,50,36,0.9,0.8846,7.5956,False
T,44,50,36,0.95,1.0,100.0,True
T,44,50,37,0.8,0.8077,0.6414,False
T,44,50,37,0.9,0.8846,7.5956,False
T,44,50,37,0.95,1.0,100.0,True
T,44,50,38,0.8,0.8077,0.6414,False
T,44,50,38,0.9,0.8846,7.5956,False
T,44,50,38,0.95,1.0,100.0,True
T,44,50,39,0.8,0.8077,0.6414,False
T,44,50,39,0.9,0.8846,7.5956,False
T,44,50,39,0.95,1.0,100.0,True
T,44,56,0,0.8,0.8077,0.6414,False
T,44,56,0,0.9,0.8846,7.5956,False
T,44,56,0,0.95,1.0,100.0,True
T,45,10,0,0.8,1.0,100.0,True
T,45,10,0,0.9,1.0,100.0,True
T,45,10,0,0.95,1.0,100.0,True
T,45,10,1,0.8,0.8077,0.8005,False
T,45,10,1,0.9,0.8077,0.8005,False
T,45,10,1,0.95,0.8077,0.8005,False
T,45,10,2,0.8,1.0,100.0,True
T,45,10,2,0.9,1.0,100.0,True
T,45,10,2,0.95,1.0,100.0,True
T,45,10,3,0.8,0.9231,11.0248,False
T,45,10,3,0.9,0.9231,11.0248,False
T,45,10,3,0.95,0.9231,11.0248,False
T,45,10,4,0.8,0.9231,11.0248,False
T,45,10,4,0.9,0.9231,11.0248,False
T,45,10,4,0.95,0.9231,11.0248,False
T,45,10,5,0.8,0.9231,11.0248,False
T,45,10,5,0.9,0.9231,11.0248,False
T,45,10,5,0.95,0.9231,11.0248,False
T,45,10,6,0.8,1.0,100.0,True
T,45,10,6,0.9,1.0,100.0,True
T,45,10,6,0.95,1.0,100.0,True
T,45,10,7,0.8,0.9231,11.0248,False
T,45,10,7,0.9,0.9231,11.0248,False
T,45,10,7,0.95,0.9231,11.0248,False
T,45,10,8,0.8,0.9231,11.0248,False
T,45,10,8,0.9,0.9231,11.0248,False
T,45,10,8,0.95,0.9231,11.0248,False
T,45,10,9,0.8,1.0,100.0,True
T,45,10,9,0.9,1.0,100.0,True
T,45,10,9,0.95,1.0,100.0,True
T,45,10,10,0.8,0.7885,0.302,False
T,45,10,10,0.9,0.7885,0.302,False
T,45,10,10,0.95,0.7885,0.302,False
T,45,10,11,0.8,1.0,100.0,True
T,45,10,11,0.9,1.0,100.0,True
T,45,10,11,0.95,1.0,100.0,True
T,45,10,12,0.8,0.9231,11.0248,False
T,45,10,12,0.9,0.9231,11.0248,False
T,45,10,12,0.95,0.9231,11.0248,False
T,45,10,13,0.8,1.0,100.0,True
T,45,10,13,0.9,1.0,100.0,True
T,45,10,13,0.95,1.0,100.0,True
T,45,10,14,0.8,0.7885,0.302,False
T,45,10,14,0.9,0.7885,0.302,False
T,45,10,14,0.95,0.7885,0.302,False
T,45,10,15,0.8,0.7885,0.302,False
T,45,10,15,0.9,0.7885,0.302,False
T,45,10,15,0.95,0.7885,0.302,False
T,45,10,16,0.8,1.0,100.0,True
T,45,10,16,0.9,1.0,100.0,True
T,45,10,16,0.95,1.0,100.0,True
T,45,10,17,0.8,0.7885,0.302,False
T,45,10,17,0.9,0.7885,0.302,False
T,45,10,17,0.95,0.7885,0.302,False
T,45,10,18,0.8,0.7885,0.302,False
T,45,10,18,0.9,0.7885,0.302,False
T,45,10,18,0.95,0.7885,0.302,False
T,45,10,19,0.8,0.7885,0.302,False
T,45,10,19,0.9,0.7885,0.302,False
T,45,10,19,0.95,0.7885,0.302,False
T,45,10,20,0.8,0.7885,0.302,False
T,45,10,20,0.9,0.7885,0.302,False
T,45,10,20,0.95,0.7885,0.302,False
T,45,10,21,0.8,1.0,100.0,True
T,45,10,21,0.9,1.0,100.0,True
T,45,10,21,0.95,1.0,100.0,True
T,45,10,22,0.8,0.9231,11.0248,False
T,45,10,22,0.9,0.9231,11.0248,False
T,45,10,22,0.95,0.9231,11.0248,False
T,45,10,23,0.8,1.0,100.0,True
T,45,10,23,0.9,1.0,100.0,True
T,45,10,23,0.95,1.0,100.0,True
T,45,10,24,0.8,0.9231,11.0248,False
T,45,10,24,0.9,0.9231,11.0248,False
T,45,10,24,0.95,0.9231,11.0248,False
T,45,10,25,0.8,0.7885,0.302,False
T,45,10,25,0.9,0.7885,0.302,False
T,45,10,25,0.95,0.7885,0.302,False
T,45,10,26,0.8,1.0,100.0,True
T,45,10,26,0.9,1.0,100.0,True
T,45,10,26,0.95,1.0,100.0,True
T,45,10,27,0.8,0.9231,11.0248,False
T,45,10,27,0.9,0.9231,11.0248,False
T,45,10,27,0.95,0.9231,11.0248,False
T,45,10,28,0.8,0.7885,0.302,False
T,45,10,28,0.9,0.7885,0.302,False
T,45,10,28,0.95,0.7885,0.302,False
T,45,10,29,0.8,0.9231,11.0248,False
T,45,10,29,0.9,0.9231,11.0248,False
T,45,10,29,0.95,0.9231,11.0248,False
T,45,10,30,0.8,1.0,100.0,True
T,45,10,30,0.9,1.0,100.0,True
T,45,10,30,0.95,1.0,100.0,True
T,45,10,31,0.8,0.9231,11.0248,False
T,45,10,31,0.9,0.9231,11.0248,False
T,45,10,31,0.95,0.9231,11.0248,False
T,45,10,32,0.8,0.7885,0.302,False
T,45,10,32,0.9,0.7885,0.302,False
T,45,10,32,0.95,0.7885,0.302,False
T,45,10,33,0.8,0.9231,11.0248,False
T,45,10,33,0.9,0.9231,11.0248,False
T,45,10,33,0.95,0.9231,11.0248,False
T,45,10,34,0.8,1.0,100.0,True
T,45,10,34,0.9,1.0,100.0,True
T,45,10,34,0.95,1.0,100.0,True
T,45,10,35,0.8,1.0,100.0,True
T,45,10,35,0.9,1.0,100.0,True
T,45,10,35,0.95,1.0,100.0,True
T,45,10,36,0.8,0.9231,11.0248,False
T,45,10,36,0.9,0.9231,11.0248,False
T,45,10,36,0.95,0.9231,11.0248,False
T,45,10,37,0.8,0.8077,0.8005,False
T,45,10,37,0.9,0.8077,0.8005,False
T,45,10,37,0.95,0.8077,0.8005,False
T,45,10,38,0.8,1.0,100.0,True
T,45,10,38,0.9,1.0,100.0,True
T,45,10,38,0.95,1.0,100.0,True
T,45,10,39,0.8,0.7308,0.1077,False
T,45,10,39,0.9,0.7308,0.1077,False
T,45,10,39,0.95,0.7308,0.1077,False
T,45,15,0,0.8,0.7885,0.302,False
T,45,15,0,0.9,1.0,100.0,True
T,45,15,0,0.95,1.0,100.0,True
T,45,15,1,0.8,1.0,100.0,True
T,45,15,1,0.9,1.0,100.0,True
T,45,15,1,0.95,1.0,100.0,True
T,45,15,2,0.8,0.7308,0.1077,False
T,45,15,2,0.9,0.9231,11.0248,False
T,45,15,2,0.95,0.9231,11.0248,False
T,45,15,3,0.8,1.0,100.0,True
T,45,15,3,0.9,1.0,100.0,True
T,45,15,3,0.95,1.0,100.0,True
T,45,15,4,0.8,0.8077,0.8005,False
T,45,15,4,0.9,0.9231,11.0248,False
T,45,15,4,0.95,0.9231,11.0248,False
T,45,15,5,0.8,0.9231,11.0248,False
T,45,15,5,0.9,1.0,100.0,True
T,45,15,5,0.95,1.0,100.0,True
T,45,15,6,0.8,0.7308,0.1077,False
T,45,15,6,0.9,0.7885,0.302,False
T,45,15,6,0.95,0.7885,0.302,False
T,45,15,7,0.8,0.9231,11.0248,False
T,45,15,7,0.9,1.0,100.0,True
T,45,15,7,0.95,1.0,100.0,True
T,45,15,8,0.8,0.7885,0.302,False
T,45,15,8,0.9,1.0,100.0,True
T,45,15,8,0.95,1.0,100.0,True
T,45,15,9,0.8,0.7885,0.302,False
T,45,15,9,0.9,1.0,100.0,True
T,45,15,9,0.95,1.0,100.0,True
T,45,15,10,0.8,0.8077,0.8005,False
T,45,15,10,0.9,0.9231,11.0248,False
T,45,15,10,0.95,0.9231,11.0248,False
T,45,15,11,0.8,0.7308,0.1077,False
T,45,15,11,0.9,0.8077,0.8005,False
T,45,15,11,0.95,0.8077,0.8005,False
T,45,15,12,0.8,0.9231,11.0248,False
T,45,15,12,0.9,1.0,100.0,True
T,45,15,12,0.95,1.0,100.0,True
T,45,15,13,0.8,0.7885,0.302,False
T,45,15,13,0.9,0.9231,11.0248,False
T,45,15,13,0.95,0.9231,11.0248,False
T,45,15,14,0.8,0.9231,11.0248,False
T,45,15,14,0.9,1.0,100.0,True
T,45,15,14,0.95,1.0,100.0,True
T,45,15,15,0.8,0.9231,11.0248,False
T,45,15,15,0.9,1.0,100.0,True
T,45,15,15,0.95,1.0,100.0,True
T,45,15,16,0.8,0.5769,0.0726,False
T,45,15,16,0.9,0.9231,11.0248,False
T,45,15,16,0.95,0.9231,11.0248,False
T,45,15,17,0.8,0.9231,11.0248,False
T,45,15,17,0.9,1.0,100.0,True
T,45,15,17,0.95,1.0,100.0,True
T,45,15,18,0.8,0.7885,0.302,False
T,45,15,18,0.9,1.0,100.0,True
T,45,15,18,0.95,1.0,100.0,True
T,45,15,19,0.8,0.8077,0.8005,False
T,45,15,19,0.9,1.0,100.0,True
T,45,15,19,0.95,1.0,100.0,True
T,45,15,20,0.8,1.0,100.0,True
T,45,15,20,0.9,1.0,100.0,True
T,45,15,20,0.95,1.0,100.0,True
T,45,15,21,0.8,0.7885,0.302,False
T,45,15,21,0.9,0.8077,0.8005,False
T,45,15,21,0.95,0.8077,0.8005,False
T,45,15,22,0.8,0.7885,0.302,False
T,45,15,22,0.9,0.7885,0.302,False
T,45,15,22,0.95,0.7885,0.302,False
T,45,15,23,0.8,0.9231,11.0248,False
T,45,15,23,0.9,1.0,100.0,True
T,45,15,23,0.95,1.0,100.0,True
T,45,15,24,0.8,0.8077,0.8005,False
T,45,15,24,0.9,1.0,100.0,True
T,45,15,24,0.95,1.0,100.0,True
T,45,15,25,0.8,0.8077,0.8005,False
T,45,15,25,0.9,0.9231,11.0248,False
T,45,15,25,0.95,0.9231,11.0248,False
T,45,15,26,0.8,0.7308,0.1077,False
T,45,15,26,0.9,0.7885,0.302,False
T,45,15,26,0.95,0.7885,0.302,False
T,45,15,27,0.8,0.8077,0.8005,False
T,45,15,27,0.9,0.9231,11.0248,False
T,45,15,27,0.95,0.9231,11.0248,False
T,45,15,28,0.8,0.9231,11.0248,False
T,45,15,28,0.9,1.0,100.0,True
T,45,15,28,0.95,1.0,100.0,True
T,45,15,29,0.8,0.9231,11.0248,False
T,45,15,29,0.9,1.0,100.0,True
T,45,15,29,0.95,1.0,100.0,True
T,45,15,30,0.8,0.8077,0.8005,False
T,45,15,30,0.9,0.9231,11.0248,False
T,45,15,30,0.95,0.9231,11.0248,False
T,45,15,31,0.8,0.9231,11.0248,False
T,45,15,31,0.9,1.0,100.0,True
T,45,15,31,0.95,1.0,100.0,True
T,45,15,32,0.8,0.7308,0.1077,False
T,45,15,32,0.9,0.7885,0.302,False
T,45,15,32,0.95,0.7885,0.302,False
T,45,15,33,0.8,0.7885,0.302,False
T,45,15,33,0.9,0.9231,11.0248,False
T,45,15,33,0.95,0.9231,11.0248,False
T,45,15,34,0.8,0.5769,0.0702,False
T,45,15,34,0.9,0.9231,11.0248,False
T,45,15,34,0.95,0.9231,11.0248,False
T,45,15,35,0.8,0.9231,11.0248,False
T,45,15,35,0.9,1.0,100.0,True
T,45,15,35,0.95,1.0,100.0,True
T,45,15,36,0.8,1.0,100.0,True
T,45,15,36,0.9,1.0,100.0,True
T,45,15,36,0.95,1.0,100.0,True
T,45,15,37,0.8,0.7885,0.302,False
T,45,15,37,0.9,1.0,100.0,True
T,45,15,37,0.95,1.0,100.0,True
T,45,15,38,0.8,0.9231,11.0248,False
T,45,15,38,0.9,1.0,100.0,True
T,45,15,38,0.95,1.0,100.0,True
T,45,15,39,0.8,0.9231,11.0248,False
T,45,15,39,0.9,1.0,100.0,True
T,45,15,39,0.95,1.0,100.0,True
T,45,20,0,0.8,0.7885,0.302,False
T,45,20,0,0.9,0.9231,11.0248,False
T,45,20,0,0.95,0.9231,11.0248,False
T,45,20,1,0.8,0.9231,11.0248,False
T,45,20,1,0.9,1.0,100.0,True
T,45,20,1,0.95,1.0,100.0,True
T,45,20,2,0.8,0.5769,0.0726,False
T,45,20,2,0.9,1.0,100.0,True
T,45,20,2,0.95,1.0,100.0,True
T,45,20,3,0.8,0.7885,0.302,False
T,45,20,3,0.9,0.9231,11.0248,False
T,45,20,3,0.95,0.9231,11.0248,False
T,45,20,4,0.8,0.9231,11.0248,False
T,45,20,4,0.9,1.0,100.0,True
T,45,20,4,0.95,1.0,100.0,True
T,45,20,5,0.8,0.9231,11.0248,False
T,45,20,5,0.9,1.0,100.0,True
T,45,20,5,0.95,1.0,100.0,True
T,45,20,6,0.8,0.7885,0.302,False
T,45,20,6,0.9,0.7885,0.302,False
T,45,20,6,0.95,0.7885,0.302,False
T,45,20,7,0.8,0.7885,0.302,False
T,45,20,7,0.9,1.0,100.0,True
T,45,20,7,0.95,1.0,100.0,True
T,45,20,8,0.8,0.8077,0.8005,False
T,45,20,8,0.9,1.0,100.0,True
T,45,20,8,0.95,1.0,100.0,True
T,45,20,9,0.8,0.7885,0.302,False
T,45,20,9,0.9,0.9231,11.0248,False
T,45,20,9,0.95,0.9231,11.0248,False
T,45,20,10,0.8,0.7885,0.302,False
T,45,20,10,0.9,0.7885,0.302,False
T,45,20,10,0.95,0.7885,0.302,False
T,45,20,11,0.8,0.7885,0.302,False
T,45,20,11,0.9,0.9231,11.0248,False
T,45,20,11,0.95,0.9231,11.0248,False
T,45,20,12,0.8,0.8077,0.8005,False
T,45,20,12,0.9,1.0,100.0,True
T,45,20,12,0.95,1.0,100.0,True
T,45,20,13,0.8,0.8077,0.8005,False
T,45,20,13,0.9,1.0,100.0,True
T,45,20,13,0.95,1.0,100.0,True
T,45,20,14,0.8,0.7885,0.302,False
T,45,20,14,0.9,0.9231,11.0248,False
T,45,20,14,0.95,0.9231,11.0248,False
T,45,20,15,0.8,0.8077,0.8005,False
T,45,20,15,0.9,0.9231,11.0248,False
T,45,20,15,0.95,0.9231,11.0248,False
T,45,20,16,0.8,0.7885,0.302,False
T,45,20,16,0.9,1.0,100.0,True
T,45,20,16,0.95,1.0,100.0,True
T,45,20,17,0.8,0.7308,0.1077,False
T,45,20,17,0.9,0.7885,0.302,False
T,45,20,17,0.95,0.7885,0.302,False
T,45,20,18,0.8,0.9231,11.0248,False
T,45,20,18,0.9,1.0,100.0,True
T,45,20,18,0.95,1.0,100.0,True
T,45,20,19,0.8,0.7885,0.302,False
T,45,20,19,0.9,1.0,100.0,True
T,45,20,19,0.95,1.0,100.0,True
T,45,20,20,0.8,0.9231,11.0248,False
T,45,20,20,0.9,1.0,100.0,True
T,45,20,20,0.95,1.0,100.0,True
T,45,20,21,0.8,0.9231,11.0248,False
T,45,20,21,0.9,1.0,100.0,True
T,45,20,21,0.95,1.0,100.0,True
T,45,20,22,0.8,0.7308,0.1077,False
T,45,20,22,0.9,0.7885,0.302,False
T,45,20,22,0.95,0.7885,0.302,False
T,45,20,23,0.8,0.7885,0.302,False
T,45,20,23,0.9,1.0,100.0,True
T,45,20,23,0.95,1.0,100.0,True
T,45,20,24,0.8,0.9231,11.0248,False
T,45,20,24,0.9,1.0,100.0,True
T,45,20,24,0.95,1.0,100.0,True
T,45,20,25,0.8,0.7885,0.302,False
T,45,20,25,0.9,0.9231,11.0248,False
T,45,20,25,0.95,0.9231,11.0248,False
T,45,20,26,0.8,0.9231,11.0248,False
T,45,20,26,0.9,1.0,100.0,True
T,45,20,26,0.95,1.0,100.0,True
T,45,20,27,0.8,0.8077,0.8005,False
T,45,20,27,0.9,1.0,100.0,True
T,45,20,27,0.95,1.0,100.0,True
T,45,20,28,0.8,0.7885,0.302,False
T,45,20,28,0.9,1.0,100.0,True
T,45,20,28,0.95,1.0,100.0,True
T,45,20,29,0.8,0.9231,11.0248,False
T,45,20,29,0.9,1.0,100.0,True
T,45,20,29,0.95,1.0,100.0,True
T,45,20,30,0.8,0.9231,11.0248,False
T,45,20,30,0.9,1.0,100.0,True
T,45,20,30,0.95,1.0,100.0,True
T,45,20,31,0.8,0.7885,0.302,False
T,45,20,31,0.9,0.9231,11.0248,False
T,45,20,31,0.95,0.9231,11.0248,False
T,45,20,32,0.8,0.7885,0.302,False
T,45,20,32,0.9,0.9231,11.0248,False
T,45,20,32,0.95,0.9231,11.0248,False
T,45,20,33,0.8,0.8077,0.8005,False
T,45,20,33,0.9,1.0,100.0,True
T,45,20,33,0.95,1.0,100.0,True
T,45,20,34,0.8,0.7885,0.302,False
T,45,20,34,0.9,1.0,100.0,True
T,45,20,34,0.95,1.0,100.0,True
T,45,20,35,0.8,0.7885,0.302,False
T,45,20,35,0.9,1.0,100.0,True
T,45,20,35,0.95,1.0,100.0,True
T,45,20,36,0.8,0.7885,0.302,False
T,45,20,36,0.9,1.0,100.0,True
T,45,20,36,0.95,1.0,100.0,True
T,45,20,37,0.8,0.8077,0.8005,False
T,45,20,37,0.9,1.0,100.0,True
T,45,20,37,0.95,1.0,100.0,True
T,45,20,38,0.8,0.7885,0.302,False
T,45,20,38,0.9,1.0,100.0,True
T,45,20,38,0.95,1.0,100.0,True
T,45,20,39,0.8,0.7885,0.302,False
T,45,20,39,0.9,1.0,100.0,True
T,45,20,39,0.95,1.0,100.0,True
T,45,25,0,0.8,0.7885,0.302,False
T,45,25,0,0.9,1.0,100.0,True
T,45,25,0,0.95,1.0,100.0,True
T,45,25,1,0.8,0.7885,0.302,False
T,45,25,1,0.9,1.0,100.0,True
T,45,25,1,0.95,1.0,100.0,True
T,45,25,2,0.8,0.9231,11.0248,False
T,45,25,2,0.9,1.0,100.0,True
T,45,25,2,0.95,1.0,100.0,True
T,45,25,3,0.8,0.7885,0.302,False
T,45,25,3,0.9,1.0,100.0,True
T,45,25,3,0.95,1.0,100.0,True
T,45,25,4,0.8,0.8077,0.8005,False
T,45,25,4,0.9,1.0,100.0,True
T,45,25,4,0.95,1.0,100.0,True
T,45,25,5,0.8,0.7885,0.302,False
T,45,25,5,0.9,1.0,100.0,True
T,45,25,5,0.95,1.0,100.0,True
T,45,25,6,0.8,0.7885,0.302,False
T,45,25,6,0.9,1.0,100.0,True
T,45,25,6,0.95,1.0,100.0,True
T,45,25,7,0.8,0.7885,0.302,False
T,45,25,7,0.9,0.9231,11.0248,False
T,45,25,7,0.95,0.9231,11.0248,False
T,45,25,8,0.8,0.9231,11.0248,False
T,45,25,8,0.9,1.0,100.0,True
T,45,25,8,0.95,1.0,100.0,True
T,45,25,9,0.8,0.7885,0.302,False
T,45,25,9,0.9,1.0,100.0,True
T,45,25,9,0.95,1.0,100.0,True
T,45,25,10,0.8,0.9231,11.0248,False
T,45,25,10,0.9,1.0,100.0,True
T,45,25,10,0.95,1.0,100.0,True
T,45,25,11,0.8,0.7885,0.302,False
T,45,25,11,0.9,1.0,100.0,True
T,45,25,11,0.95,1.0,100.0,True
T,45,25,12,0.8,0.7885,0.302,False
T,45,25,12,0.9,1.0,100.0,True
T,45,25,12,0.95,1.0,100.0,True
T,45,25,13,0.8,0.7885,0.302,False
T,45,25,13,0.9,1.0,100.0,True
T,45,25,13,0.95,1.0,100.0,True
T,45,25,14,0.8,0.9231,11.0248,False
T,45,25,14,0.9,1.0,100.0,True
T,45,25,14,0.95,1.0,100.0,True
T,45,25,15,0.8,0.8077,0.8005,False
T,45,25,15,0.9,1.0,100.0,True
T,45,25,15,0.95,1.0,100.0,True
T,45,25,16,0.8,0.7308,0.1077,False
T,45,25,16,0.9,0.9231,11.0248,False
T,45,25,16,0.95,0.9231,11.0248,False
T,45,25,17,0.8,0.7308,0.1077,False
T,45,25,17,0.9,0.9231,11.0248,False
T,45,25,17,0.95,0.9231,11.0248,False
T,45,25,18,0.8,0.7885,0.302,False
T,45,25,18,0.9,1.0,100.0,True
T,45,25,18,0.95,1.0,100.0,True
T,45,25,19,0.8,0.7885,0.302,False
T,45,25,19,0.9,0.9231,11.0248,False
T,45,25,19,0.95,0.9231,11.0248,False
T,45,25,20,0.8,0.7885,0.302,False
T,45,25,20,0.9,0.9231,11.0248,False
T,45,25,20,0.95,0.9231,11.0248,False
T,45,25,21,0.8,0.7885,0.302,False
T,45,25,21,0.9,0.9231,11.0248,False
T,45,25,21,0.95,0.9231,11.0248,False
T,45,25,22,0.8,0.7308,0.1077,False
T,45,25,22,0.9,0.8077,0.8005,False
T,45,25,22,0.95,0.8077,0.8005,False
T,45,25,23,0.8,0.7885,0.302,False
T,45,25,23,0.9,0.9231,11.0248,False
T,45,25,23,0.95,0.9231,11.0248,False
T,45,25,24,0.8,0.7885,0.302,False
T,45,25,24,0.9,0.7885,0.302,False
T,45,25,24,0.95,0.7885,0.302,False
T,45,25,25,0.8,0.8077,0.8005,False
T,45,25,25,0.9,1.0,100.0,True
T,45,25,25,0.95,1.0,100.0,True
T,45,25,26,0.8,0.7885,0.302,False
T,45,25,26,0.9,1.0,100.0,True
T,45,25,26,0.95,1.0,100.0,True
T,45,25,27,0.8,0.7308,0.1077,False
T,45,25,27,0.9,1.0,100.0,True
T,45,25,27,0.95,1.0,100.0,True
T,45,25,28,0.8,0.7885,0.302,False
T,45,25,28,0.9,1.0,100.0,True
T,45,25,28,0.95,1.0,100.0,True
T,45,25,29,0.8,0.7308,0.1077,False
T,45,25,29,0.9,1.0,100.0,True
T,45,25,29,0.95,1.0,100.0,True
T,45,25,30,0.8,0.7885,0.302,False
T,45,25,30,0.9,1.0,100.0,True
T,45,25,30,0.95,1.0,100.0,True
T,45,25,31,0.8,0.7885,0.302,False
T,45,25,31,0.9,0.9231,11.0248,False
T,45,25,31,0.95,0.9231,11.0248,False
T,45,25,32,0.8,0.7885,0.302,False
T,45,25,32,0.9,1.0,100.0,True
T,45,25,32,0.95,1.0,100.0,True
T,45,25,33,0.8,0.7885,0.302,False
T,45,25,33,0.9,1.0,100.0,True
T,45,25,33,0.95,1.0,100.0,True
T,45,25,34,0.8,0.7885,0.302,False
T,45,25,34,0.9,0.9231,11.0248,False
T,45,25,34,0.95,0.9231,11.0248,False
T,45,25,35,0.8,0.7885,0.302,False
T,45,25,35,0.9,0.9231,11.0248,False
T,45,25,35,0.95,0.9231,11.0248,False
T,45,25,36,0.8,0.7885,0.302,False
T,45,25,36,0.9,1.0,100.0,True
T,45,25,36,0.95,1.0,100.0,True
T,45,25,37,0.8,0.9231,11.0248,False
T,45,25,37,0.9,1.0,100.0,True
T,45,25,37,0.95,1.0,100.0,True
T,45,25,38,0.8,0.7885,0.302,False
T,45,25,38,0.9,1.0,100.0,True
T,45,25,38,0.95,1.0,100.0,True
T,45,25,39,0.8,0.7885,0.302,False
T,45,25,39,0.9,0.9231,11.0248,False
T,45,25,39,0.95,0.9231,11.0248,False
T,45,30,0,0.8,0.7885,0.302,False
T,45,30,0,0.9,0.9231,11.0248,False
T,45,30,0,0.95,1.0,100.0,True
T,45,30,1,0.8,0.7885,0.302,False
T,45,30,1,0.9,1.0,100.0,True
T,45,30,1,0.95,1.0,100.0,True
T,45,30,2,0.8,0.7885,0.302,False
T,45,30,2,0.9,0.7885,0.302,False
T,45,30,2,0.95,1.0,100.0,True
T,45,30,3,0.8,0.8077,0.8005,False
T,45,30,3,0.9,1.0,100.0,True
T,45,30,3,0.95,1.0,100.0,True
T,45,30,4,0.8,0.7885,0.302,False
T,45,30,4,0.9,1.0,100.0,True
T,45,30,4,0.95,1.0,100.0,True
T,45,30,5,0.8,0.7885,0.302,False
T,45,30,5,0.9,0.9231,11.0248,False
T,45,30,5,0.95,0.9231,11.0248,False
T,45,30,6,0.8,0.7885,0.302,False
T,45,30,6,0.9,0.8077,0.8005,False
T,45,30,6,0.95,0.9231,11.0248,False
T,45,30,7,0.8,0.7885,0.302,False
T,45,30,7,0.9,0.9231,11.0248,False
T,45,30,7,0.95,1.0,100.0,True
T,45,30,8,0.8,0.7885,0.302,False
T,45,30,8,0.9,1.0,100.0,True
T,45,30,8,0.95,1.0,100.0,True
T,45,30,9,0.8,0.5769,0.0726,False
T,45,30,9,0.9,0.9231,11.0248,False
T,45,30,9,0.95,1.0,100.0,True
T,45,30,10,0.8,0.7885,0.302,False
T,45,30,10,0.9,1.0,100.0,True
T,45,30,10,0.95,1.0,100.0,True
T,45,30,11,0.8,0.7885,0.302,False
T,45,30,11,0.9,1.0,100.0,True
T,45,30,11,0.95,1.0,100.0,True
T,45,30,12,0.8,0.7885,0.302,False
T,45,30,12,0.9,0.9231,11.0248,False
T,45,30,12,0.95,1.0,100.0,True
T,45,30,13,0.8,0.7308,0.1077,False
T,45,30,13,0.9,0.9231,11.0248,False
T,45,30,13,0.95,1.0,100.0,True
T,45,30,14,0.8,0.7885,0.302,False
T,45,30,14,0.9,1.0,100.0,True
T,45,30,14,0.95,1.0,100.0,True
T,45,30,15,0.8,0.7885,0.302,False
T,45,30,15,0.9,0.9231,11.0248,False
T,45,30,15,0.95,0.9231,11.0248,False
T,45,30,16,0.8,0.7885,0.302,False
T,45,30,16,0.9,0.9231,11.0248,False
T,45,30,16,0.95,0.9231,11.0248,False
T,45,30,17,0.8,0.7885,0.302,False
T,45,30,17,0.9,0.9231,11.0248,False
T,45,30,17,0.95,1.0,100.0,True
T,45,30,18,0.8,0.7885,0.302,False
T,45,30,18,0.9,1.0,100.0,True
T,45,30,18,0.95,1.0,100.0,True
T,45,30,19,0.8,0.7885,0.302,False
T,45,30,19,0.9,1.0,100.0,True
T,45,30,19,0.95,1.0,100.0,True
T,45,30,20,0.8,0.7885,0.302,False
T,45,30,20,0.9,0.9231,11.0248,False
T,45,30,20,0.95,1.0,100.0,True
T,45,30,21,0.8,0.7885,0.302,False
T,45,30,21,0.9,0.9231,11.0248,False
T,45,30,21,0.95,1.0,100.0,True
T,45,30,22,0.8,0.7885,0.302,False
T,45,30,22,0.9,0.9231,11.0248,False
T,45,30,22,0.95,1.0,100.0,True
T,45,30,23,0.8,0.7885,0.302,False
T,45,30,23,0.9,0.9231,11.0248,False
T,45,30,23,0.95,1.0,100.0,True
T,45,30,24,0.8,0.7885,0.302,False
T,45,30,24,0.9,1.0,100.0,True
T,45,30,24,0.95,1.0,100.0,True
T,45,30,25,0.8,0.7885,0.302,False
T,45,30,25,0.9,0.9231,11.0248,False
T,45,30,25,0.95,1.0,100.0,True
T,45,30,26,0.8,0.7885,0.302,False
T,45,30,26,0.9,0.9231,11.0248,False
T,45,30,26,0.95,1.0,100.0,True
T,45,30,27,0.8,0.7885,0.302,False
T,45,30,27,0.9,0.9231,11.0248,False
T,45,30,27,0.95,1.0,100.0,True
T,45,30,28,0.8,0.7885,0.302,False
T,45,30,28,0.9,0.9231,11.0248,False
T,45,30,28,0.95,1.0,100.0,True
T,45,30,29,0.8,0.7885,0.302,False
T,45,30,29,0.9,0.9231,11.0248,False
T,45,30,29,0.95,0.9231,11.0248,False
T,45,30,30,0.8,0.7885,0.302,False
T,45,30,30,0.9,0.9231,11.0248,False
T,45,30,30,0.95,0.9231,11.0248,False
T,45,30,31,0.8,0.7885,0.302,False
T,45,30,31,0.9,0.7885,0.302,False
T,45,30,31,0.95,0.9231,11.0248,False
T,45,30,32,0.8,0.7885,0.302,False
T,45,30,32,0.9,0.9231,11.0248,False
T,45,30,32,0.95,1.0,100.0,True
T,45,30,33,0.8,0.7885,0.302,False
T,45,30,33,0.9,0.9231,11.0248,False
T,45,30,33,0.95,0.9231,11.0248,False
T,45,30,34,0.8,0.7885,0.302,False
T,45,30,34,0.9,0.9231,11.0248,False
T,45,30,34,0.95,1.0,100.0,True
T,45,30,35,0.8,0.7885,0.302,False
T,45,30,35,0.9,1.0,100.0,True
T,45,30,35,0.95,1.0,100.0,True
T,45,30,36,0.8,0.7885,0.302,False
T,45,30,36,0.9,0.9231,11.0248,False
T,45,30,36,0.95,1.0,100.0,True
T,45,30,37,0.8,0.7885,0.302,False
T,45,30,37,0.9,1.0,100.0,True
T,45,30,37,0.95,1.0,100.0,True
T,45,30,38,0.8,0.7885,0.302,False
T,45,30,38,0.9,1.0,100.0,True
T,45,30,38,0.95,1.0,100.0,True
T,45,30,39,0.8,0.7885,0.302,False
T,45,30,39,0.9,0.9231,11.0248,False
T,45,30,39,0.95,1.0,100.0,True
T,45,40,0,0.8,0.7885,0.302,False
T,45,40,0,0.9,0.9231,11.0248,False
T,45,40,0,0.95,1.0,100.0,True
T,45,40,1,0.8,0.7885,0.302,False
T,45,40,1,0.9,0.9231,11.0248,False
T,45,40,1,0.95,1.0,100.0,True
T,45,40,2,0.8,0.7885,0.302,False
T,45,40,2,0.9,0.9231,11.0248,False
T,45,40,2,0.95,1.0,100.0,True
T,45,40,3,0.8,0.7885,0.302,False
T,45,40,3,0.9,0.9231,11.0248,False
T,45,40,3,0.95,1.0,100.0,True
T,45,40,4,0.8,0.7885,0.302,False
T,45,40,4,0.9,0.9231,11.0248,False
T,45,40,4,0.95,1.0,100.0,True
T,45,40,5,0.8,0.7885,0.302,False
T,45,40,5,0.9,0.9231,11.0248,False
T,45,40,5,0.95,1.0,100.0,True
T,45,40,6,0.8,0.7885,0.302,False
T,45,40,6,0.9,0.9231,11.0248,False
T,45,40,6,0.95,1.0,100.0,True
T,45,40,7,0.8,0.7308,0.1077,False
T,45,40,7,0.9,0.7885,0.302,False
T,45,40,7,0.95,1.0,100.0,True
T,45,40,8,0.8,0.7885,0.302,False
T,45,40,8,0.9,0.9231,11.0248,False
T,45,40,8,0.95,1.0,100.0,True
T,45,40,9,0.8,0.7885,0.302,False
T,45,40,9,0.9,0.9231,11.0248,False
T,45,40,9,0.95,1.0,100.0,True
T,45,40,10,0.8,0.7885,0.302,False
T,45,40,10,0.9,0.9231,11.0248,False
T,45,40,10,0.95,1.0,100.0,True
T,45,40,11,0.8,0.7885,0.302,False
T,45,40,11,0.9,0.9231,11.0248,False
T,45,40,11,0.95,1.0,100.0,True
T,45,40,12,0.8,0.7885,0.302,False
T,45,40,12,0.9,0.9231,11.0248,False
T,45,40,12,0.95,1.0,100.0,True
T,45,40,13,0.8,0.7885,0.302,False
T,45,40,13,0.9,0.9231,11.0248,False
T,45,40,13,0.95,1.0,100.0,True
T,45,40,14,0.8,0.7885,0.302,False
T,45,40,14,0.9,0.8077,0.8005,False
T,45,40,14,0.95,0.9231,11.0248,False
T,45,40,15,0.8,0.7885,0.302,False
T,45,40,15,0.9,0.9231,11.0248,False
T,45,40,15,0.95,1.0,100.0,True
T,45,40,16,0.8,0.7885,0.302,False
T,45,40,16,0.9,0.9231,11.0248,False
T,45,40,16,0.95,1.0,100.0,True
T,45,40,17,0.8,0.7885,0.302,False
T,45,40,17,0.9,0.9231,11.0248,False
T,45,40,17,0.95,1.0,100.0,True
T,45,40,18,0.8,0.7885,0.302,False
T,45,40,18,0.9,0.9231,11.0248,False
T,45,40,18,0.95,1.0,100.0,True
T,45,40,19,0.8,0.7885,0.302,False
T,45,40,19,0.9,0.9231,11.0248,False
T,45,40,19,0.95,1.0,100.0,True
T,45,40,20,0.8,0.7885,0.302,False
T,45,40,20,0.9,0.9231,11.0248,False
T,45,40,20,0.95,1.0,100.0,True
T,45,40,21,0.8,0.7885,0.302,False
T,45,40,21,0.9,0.9231,11.0248,False
T,45,40,21,0.95,1.0,100.0,True
T,45,40,22,0.8,0.7885,0.302,False
T,45,40,22,0.9,0.8077,0.8005,False
T,45,40,22,0.95,1.0,100.0,True
T,45,40,23,0.8,0.7885,0.302,False
T,45,40,23,0.9,0.9231,11.0248,False
T,45,40,23,0.95,1.0,100.0,True
T,45,40,24,0.8,0.7885,0.302,False
T,45,40,24,0.9,0.9231,11.0248,False
T,45,40,24,0.95,1.0,100.0,True
T,45,40,25,0.8,0.7885,0.302,False
T,45,40,25,0.9,0.9231,11.0248,False
T,45,40,25,0.95,1.0,100.0,True
T,45,40,26,0.8,0.7885,0.302,False
T,45,40,26,0.9,0.9231,11.0248,False
T,45,40,26,0.95,1.0,100.0,True
T,45,40,27,0.8,0.7885,0.302,False
T,45,40,27,0.9,0.9231,11.0248,False
T,45,40,27,0.95,1.0,100.0,True
T,45,40,28,0.8,0.7885,0.302,False
T,45,40,28,0.9,0.9231,11.0248,False
T,45,40,28,0.95,1.0,100.0,True
T,45,40,29,0.8,0.7885,0.302,False
T,45,40,29,0.9,0.9231,11.0248,False
T,45,40,29,0.95,1.0,100.0,True
T,45,40,30,0.8,0.7885,0.302,False
T,45,40,30,0.9,0.9231,11.0248,False
T,45,40,30,0.95,1.0,100.0,True
T,45,40,31,0.8,0.7885,0.302,False
T,45,40,31,0.9,0.9231,11.0248,False
T,45,40,31,0.95,1.0,100.0,True
T,45,40,32,0.8,0.7885,0.302,False
T,45,40,32,0.9,0.9231,11.0248,False
T,45,40,32,0.95,1.0,100.0,True
T,45,40,33,0.8,0.7885,0.302,False
T,45,40,33,0.9,0.9231,11.0248,False
T,45,40,33,0.95,1.0,100.0,True
T,45,40,34,0.8,0.7885,0.302,False
T,45,40,34,0.9,0.9231,11.0248,False
T,45,40,34,0.95,1.0,100.0,True
T,45,40,35,0.8,0.7885,0.302,False
T,45,40,35,0.9,0.9231,11.0248,False
T,45,40,35,0.95,1.0,100.0,True
T,45,40,36,0.8,0.7885,0.302,False
T,45,40,36,0.9,0.9231,11.0248,False
T,45,40,36,0.95,1.0,100.0,True
T,45,40,37,0.8,0.7885,0.302,False
T,45,40,37,0.9,0.9231,11.0248,False
T,45,40,37,0.95,1.0,100.0,True
T,45,40,38,0.8,0.7885,0.302,False
T,45,40,38,0.9,0.9231,11.0248,False
T,45,40,38,0.95,1.0,100.0,True
T,45,40,39,0.8,0.7885,0.302,False
T,45,40,39,0.9,0.9231,11.0248,False
T,45,40,39,0.95,1.0,100.0,True
T,45,50,0,0.8,0.7885,0.302,False
T,45,50,0,0.9,0.9231,11.0248,False
T,45,50,0,0.95,1.0,100.0,True
T,45,50,1,0.8,0.7885,0.302,False
T,45,50,1,0.9,0.9231,11.0248,False
T,45,50,1,0.95,1.0,100.0,True
T,45,50,2,0.8,0.7885,0.302,False
T,45,50,2,0.9,0.9231,11.0248,False
T,45,50,2,0.95,1.0,100.0,True
T,45,50,3,0.8,0.7885,0.302,False
T,45,50,3,0.9,0.9231,11.0248,False
T,45,50,3,0.95,1.0,100.0,True
T,45,50,4,0.8,0.7885,0.302,False
T,45,50,4,0.9,0.9231,11.0248,False
T,45,50,4,0.95,1.0,100.0,True
T,45,50,5,0.8,0.7885,0.302,False
T,45,50,5,0.9,0.9231,11.0248,False
T,45,50,5,0.95,1.0,100.0,True
T,45,50,6,0.8,0.7885,0.302,False
T,45,50,6,0.9,0.9231,11.0248,False
T,45,50,6,0.95,1.0,100.0,True
T,45,50,7,0.8,0.7885,0.302,False
T,45,50,7,0.9,0.9231,11.0248,False
T,45,50,7,0.95,1.0,100.0,True
T,45,50,8,0.8,0.7885,0.302,False
T,45,50,8,0.9,0.9231,11.0248,False
T,45,50,8,0.95,1.0,100.0,True
T,45,50,9,0.8,0.7885,0.302,False
T,45,50,9,0.9,0.9231,11.0248,False
T,45,50,9,0.95,1.0,100.0,True
T,45,50,10,0.8,0.7885,0.302,False
T,45,50,10,0.9,0.9231,11.0248,False
T,45,50,10,0.95,1.0,100.0,True
T,45,50,11,0.8,0.7885,0.302,False
T,45,50,11,0.9,0.9231,11.0248,False
T,45,50,11,0.95,1.0,100.0,True
T,45,50,12,0.8,0.7885,0.302,False
T,45,50,12,0.9,0.9231,11.0248,False
T,45,50,12,0.95,1.0,100.0,True
T,45,50,13,0.8,0.7885,0.302,False
T,45,50,13,0.9,0.9231,11.0248,False
T,45,50,13,0.95,1.0,100.0,True
T,45,50,14,0.8,0.7885,0.302,False
T,45,50,14,0.9,0.9231,11.0248,False
T,45,50,14,0.95,1.0,100.0,True
T,45,50,15,0.8,0.7885,0.302,False
T,45,50,15,0.9,0.9231,11.0248,False
T,45,50,15,0.95,1.0,100.0,True
T,45,50,16,0.8,0.7885,0.302,False
T,45,50,16,0.9,0.9231,11.0248,False
T,45,50,16,0.95,1.0,100.0,True
T,45,50,17,0.8,0.7885,0.302,False
T,45,50,17,0.9,0.9231,11.0248,False
T,45,50,17,0.95,1.0,100.0,True
T,45,50,18,0.8,0.7885,0.302,False
T,45,50,18,0.9,0.9231,11.0248,False
T,45,50,18,0.95,1.0,100.0,True
T,45,50,19,0.8,0.7885,0.302,False
T,45,50,19,0.9,0.9231,11.0248,False
T,45,50,19,0.95,1.0,100.0,True
T,45,50,20,0.8,0.7885,0.302,False
T,45,50,20,0.9,0.9231,11.0248,False
T,45,50,20,0.95,1.0,100.0,True
T,45,50,21,0.8,0.7885,0.302,False
T,45,50,21,0.9,0.9231,11.0248,False
T,45,50,21,0.95,1.0,100.0,True
T,45,50,22,0.8,0.7885,0.302,False
T,45,50,22,0.9,0.9231,11.0248,False
T,45,50,22,0.95,1.0,100.0,True
T,45,50,23,0.8,0.7885,0.302,False
T,45,50,23,0.9,0.9231,11.0248,False
T,45,50,23,0.95,1.0,100.0,True
T,45,50,24,0.8,0.7885,0.302,False
T,45,50,24,0.9,0.9231,11.0248,False
T,45,50,24,0.95,1.0,100.0,True
T,45,50,25,0.8,0.7885,0.302,False
T,45,50,25,0.9,0.9231,11.0248,False
T,45,50,25,0.95,1.0,100.0,True
T,45,50,26,0.8,0.7885,0.302,False
T,45,50,26,0.9,0.9231,11.0248,False
T,45,50,26,0.95,1.0,100.0,True
T,45,50,27,0.8,0.7885,0.302,False
T,45,50,27,0.9,0.9231,11.0248,False
T,45,50,27,0.95,1.0,100.0,True
T,45,50,28,0.8,0.7885,0.302,False
T,45,50,28,0.9,0.9231,11.0248,False
T,45,50,28,0.95,1.0,100.0,True
T,45,50,29,0.8,0.7885,0.302,False
T,45,50,29,0.9,0.9231,11.0248,False
T,45,50,29,0.95,1.0,100.0,True
T,45,50,30,0.8,0.7885,0.302,False
T,45,50,30,0.9,0.9231,11.0248,False
T,45,50,30,0.95,1.0,100.0,True
T,45,50,31,0.8,0.7885,0.302,False
T,45,50,31,0.9,0.9231,11.0248,False
T,45,50,31,0.95,1.0,100.0,True
T,45,50,32,0.8,0.7885,0.302,False
T,45,50,32,0.9,0.9231,11.0248,False
T,45,50,32,0.95,1.0,100.0,True
T,45,50,33,0.8,0.7885,0.302,False
T,45,50,33,0.9,0.9231,11.0248,False
T,45,50,33,0.95,1.0,100.0,True
T,45,50,34,0.8,0.7885,0.302,False
T,45,50,34,0.9,0.9231,11.0248,False
T,45,50,34,0.95,1.0,100.0,True
T,45,50,35,0.8,0.7885,0.302,False
T,45,50,35,0.9,0.9231,11.0248,False
T,45,50,35,0.95,1.0,100.0,True
T,45,50,36,0.8,0.7885,0.302,False
T,45,50,36,0.9,0.9231,11.0248,False
T,45,50,36,0.95,1.0,100.0,True
T,45,50,37,0.8,0.7885,0.302,False
T,45,50,37,0.9,0.9231,11.0248,False
T,45,50,37,0.95,1.0,100.0,True
T,45,50,38,0.8,0.7885,0.302,False
T,45,50,38,0.9,0.9231,11.0248,False
T,45,50,38,0.95,1.0,100.0,True
T,45,50,39,0.8,0.7885,0.302,False
T,45,50,39,0.9,0.9231,11.0248,False
T,45,50,39,0.95,1.0,100.0,True
T,45,56,0,0.8,0.7885,0.302,False
T,45,56,0,0.9,0.9231,11.0248,False
T,45,56,0,0.95,1.0,100.0,True
T,46,10,0,0.8,0.9231,13.9811,False
T,46,10,0,0.9,0.9231,13.9811,False
T,46,10,0,0.95,0.9231,13.9811,False
T,46,10,1,0.8,1.0,100.0,True
T,46,10,1,0.9,1.0,100.0,True
T,46,10,1,0.95,1.0,100.0,True
T,46,10,2,0.8,1.0,100.0,True
T,46,10,2,0.9,1.0,100.0,True
T,46,10,2,0.95,1.0,100.0,True
T,46,10,3,0.8,1.0,100.0,True
T,46,10,3,0.9,1.0,100.0,True
T,46,10,3,0.95,1.0,100.0,True
T,46,10,4,0.8,0.6923,0.0936,False
T,46,10,4,0.9,0.6923,0.0936,False
T,46,10,4,0.95,0.6923,0.0936,False
T,46,10,5,0.8,0.8269,5.077,False
T,46,10,5,0.9,0.8269,5.077,False
T,46,10,5,0.95,0.8269,5.077,False
T,46,10,6,0.8,0.9231,13.9811,False
T,46,10,6,0.9,0.9231,13.9811,False
T,46,10,6,0.95,0.9231,13.9811,False
T,46,10,7,0.8,0.5769,0.0796,False
T,46,10,7,0.9,0.5769,0.0796,False
T,46,10,7,0.95,0.5769,0.0796,False
T,46,10,8,0.8,1.0,100.0,True
T,46,10,8,0.9,1.0,100.0,True
T,46,10,8,0.95,1.0,100.0,True
T,46,10,9,0.8,0.8077,0.3441,False
T,46,10,9,0.9,0.8077,0.3441,False
T,46,10,9,0.95,0.8077,0.3441,False
T,46,10,10,0.8,0.8269,5.077,False
T,46,10,10,0.9,0.8269,5.077,False
T,46,10,10,0.95,0.8269,5.077,False
T,46,10,11,0.8,1.0,100.0,True
T,46,10,11,0.9,1.0,100.0,True
T,46,10,11,0.95,1.0,100.0,True
T,46,10,12,0.8,0.9231,13.9811,False
T,46,10,12,0.9,0.9231,13.9811,False
T,46,10,12,0.95,0.9231,13.9811,False
T,46,10,13,0.8,1.0,100.0,True
T,46,10,13,0.9,1.0,100.0,True
T,46,10,13,0.95,1.0,100.0,True
T,46,10,14,0.8,0.8269,5.077,False
T,46,10,14,0.9,0.8269,5.077,False
T,46,10,14,0.95,0.8269,5.077,False
T,46,10,15,0.8,0.7308,0.1217,False
T,46,10,15,0.9,0.7308,0.1217,False
T,46,10,15,0.95,0.7308,0.1217,False
T,46,10,16,0.8,0.8077,0.3441,False
T,46,10,16,0.9,0.8077,0.3441,False
T,46,10,16,0.95,0.8077,0.3441,False
T,46,10,17,0.8,1.0,100.0,True
T,46,10,17,0.9,1.0,100.0,True
T,46,10,17,0.95,1.0,100.0,True
T,46,10,18,0.8,1.0,100.0,True
T,46,10,18,0.9,1.0,100.0,True
T,46,10,18,0.95,1.0,100.0,True
T,46,10,19,0.8,1.0,100.0,True
T,46,10,19,0.9,1.0,100.0,True
T,46,10,19,0.95,1.0,100.0,True
T,46,10,20,0.8,1.0,100.0,True
T,46,10,20,0.9,1.0,100.0,True
T,46,10,20,0.95,1.0,100.0,True
T,46,10,21,0.8,0.7308,0.1217,False
T,46,10,21,0.9,0.7308,0.1217,False
T,46,10,21,0.95,0.7308,0.1217,False
T,46,10,22,0.8,1.0,100.0,True
T,46,10,22,0.9,1.0,100.0,True
T,46,10,22,0.95,1.0,100.0,True
T,46,10,23,0.8,0.9231,13.9811,False
T,46,10,23,0.9,0.9231,13.9811,False
T,46,10,23,0.95,0.9231,13.9811,False
T,46,10,24,0.8,0.8077,0.3441,False
T,46,10,24,0.9,0.8077,0.3441,False
T,46,10,24,0.95,0.8077,0.3441,False
T,46,10,25,0.8,0.9231,13.9811,False
T,46,10,25,0.9,0.9231,13.9811,False
T,46,10,25,0.95,0.9231,13.9811,False
T,46,10,26,0.8,0.8077,1.6151,False
T,46,10,26,0.9,0.8077,1.6151,False
T,46,10,26,0.95,0.8077,1.6151,False
T,46,10,27,0.8,1.0,100.0,True
T,46,10,27,0.9,1.0,100.0,True
T,46,10,27,0.95,1.0,100.0,True
T,46,10,28,0.8,1.0,100.0,True
T,46,10,28,0.9,1.0,100.0,True
T,46,10,28,0.95,1.0,100.0,True
T,46,10,29,0.8,1.0,100.0,True
T,46,10,29,0.9,1.0,100.0,True
T,46,10,29,0.95,1.0,100.0,True
T,46,10,30,0.8,1.0,100.0,True
T,46,10,30,0.9,1.0,100.0,True
T,46,10,30,0.95,1.0,100.0,True
T,46,10,31,0.8,1.0,100.0,True
T,46,10,31,0.9,1.0,100.0,True
T,46,10,31,0.95,1.0,100.0,True
T,46,10,32,0.8,0.8077,1.6151,False
T,46,10,32,0.9,0.8077,1.6151,False
T,46,10,32,0.95,0.8077,1.6151,False
T,46,10,33,0.8,0.8077,0.3441,False
T,46,10,33,0.9,0.8077,0.3441,False
T,46,10,33,0.95,0.8077,0.3441,False
T,46,10,34,0.8,1.0,100.0,True
T,46,10,34,0.9,1.0,100.0,True
T,46,10,34,0.95,1.0,100.0,True
T,46,10,35,0.8,0.8269,5.077,False
T,46,10,35,0.9,0.8269,5.077,False
T,46,10,35,0.95,0.8269,5.077,False
T,46,10,36,0.8,0.9231,13.9811,False
T,46,10,36,0.9,0.9231,13.9811,False
T,46,10,36,0.95,0.9231,13.9811,False
T,46,10,37,0.8,1.0,100.0,True
T,46,10,37,0.9,1.0,100.0,True
T,46,10,37,0.95,1.0,100.0,True
T,46,10,38,0.8,1.0,100.0,True
T,46,10,38,0.9,1.0,100.0,True
T,46,10,38,0.95,1.0,100.0,True
T,46,10,39,0.8,1.0,100.0,True
T,46,10,39,0.9,1.0,100.0,True
T,46,10,39,0.95,1.0,100.0,True
T,46,15,0,0.8,0.9231,13.9811,False
T,46,15,0,0.9,1.0,100.0,True
T,46,15,0,0.95,1.0,100.0,True
T,46,15,1,0.8,0.8077,1.6151,False
T,46,15,1,0.9,1.0,100.0,True
T,46,15,1,0.95,1.0,100.0,True
T,46,15,2,0.8,0.8077,0.3441,False
T,46,15,2,0.9,0.9231,13.9811,False
T,46,15,2,0.95,0.9231,13.9811,False
T,46,15,3,0.8,0.8269,5.077,False
T,46,15,3,0.9,0.9231,13.9811,False
T,46,15,3,0.95,0.9231,13.9811,False
T,46,15,4,0.8,0.8077,0.3441,False
T,46,15,4,0.9,0.9231,13.9811,False
T,46,15,4,0.95,0.9231,13.9811,False
T,46,15,5,0.8,0.8077,1.6151,False
T,46,15,5,0.9,1.0,100.0,True
T,46,15,5,0.95,1.0,100.0,True
T,46,15,6,0.8,0.9231,13.9811,False
T,46,15,6,0.9,1.0,100.0,True
T,46,15,6,0.95,1.0,100.0,True
T,46,15,7,0.8,0.8269,5.077,False
T,46,15,7,0.9,0.9231,13.9811,False
T,46,15,7,0.95,0.9231,13.9811,False
T,46,15,8,0.8,0.8077,0.3441,False
T,46,15,8,0.9,0.8077,1.6151,False
T,46,15,8,0.95,0.8077,1.6151,False
T,46,15,9,0.8,0.8077,0.3441,False
T,46,15,9,0.9,0.8269,5.077,False
T,46,15,9,0.95,0.8269,5.077,False
T,46,15,10,0.8,0.8269,5.077,False
T,46,15,10,0.9,0.9231,13.9811,False
T,46,15,10,0.95,0.9231,13.9811,False
T,46,15,11,0.8,0.6923,0.0936,False
T,46,15,11,0.9,0.6923,0.0936,False
T,46,15,11,0.95,0.6923,0.0936,False
T,46,15,12,0.8,0.8077,0.3441,False
T,46,15,12,0.9,0.8077,1.6151,False
T,46,15,12,0.95,0.8077,1.6151,False
T,46,15,13,0.8,0.8077,0.3441,False
T,46,15,13,0.9,0.8269,5.077,False
T,46,15,13,0.95,0.8269,5.077,False
T,46,15,14,0.8,0.9231,13.9811,False
T,46,15,14,0.9,1.0,100.0,True
T,46,15,14,0.95,1.0,100.0,True
T,46,15,15,0.8,0.8269,5.077,False
T,46,15,15,0.9,0.9231,13.9811,False
T,46,15,15,0.95,0.9231,13.9811,False
T,46,15,16,0.8,0.7308,0.1217,False
T,46,15,16,0.9,0.9231,13.9811,False
T,46,15,16,0.95,0.9231,13.9811,False
T,46,15,17,0.8,1.0,100.0,True
T,46,15,17,0.9,1.0,100.0,True
T,46,15,17,0.95,1.0,100.0,True
T,46,15,18,0.8,1.0,100.0,True
T,46,15,18,0.9,1.0,100.0,True
T,46,15,18,0.95,1.0,100.0,True
T,46,15,19,0.8,0.8077,0.3441,False
T,46,15,19,0.9,0.9231,13.9811,False
T,46,15,19,0.95,0.9231,13.9811,False
T,46,15,20,0.8,0.9231,13.9811,False
T,46,15,20,0.9,1.0,100.0,True
T,46,15,20,0.95,1.0,100.0,True
T,46,15,21,0.8,0.8077,0.3441,False
T,46,15,21,0.9,0.9231,13.9811,False
T,46,15,21,0.95,0.9231,13.9811,False
T,46,15,22,0.8,0.8269,5.077,False
T,46,15,22,0.9,0.9231,13.9811,False
T,46,15,22,0.95,0.9231,13.9811,False
T,46,15,23,0.8,0.8077,0.3441,False
T,46,15,23,0.9,1.0,100.0,True
T,46,15,23,0.95,1.0,100.0,True
T,46,15,24,0.8,0.9231,13.9811,False
T,46,15,24,0.9,1.0,100.0,True
T,46,15,24,0.95,1.0,100.0,True
T,46,15,25,0.8,1.0,100.0,True
T,46,15,25,0.9,1.0,100.0,True
T,46,15,25,0.95,1.0,100.0,True
T,46,15,26,0.8,0.8077,0.3441,False
T,46,15,26,0.9,1.0,100.0,True
T,46,15,26,0.95,1.0,100.0,True
T,46,15,27,0.8,0.9231,13.9811,False
T,46,15,27,0.9,1.0,100.0,True
T,46,15,27,0.95,1.0,100.0,True
T,46,15,28,0.8,0.8077,1.6151,False
T,46,15,28,0.9,0.9231,13.9811,False
T,46,15,28,0.95,0.9231,13.9811,False
T,46,15,29,0.8,0.8269,5.077,False
T,46,15,29,0.9,1.0,100.0,True
T,46,15,29,0.95,1.0,100.0,True
T,46,15,30,0.8,0.6923,0.0936,False
T,46,15,30,0.9,0.8077,0.3441,False
T,46,15,30,0.95,0.8077,0.3441,False
T,46,15,31,0.8,0.8077,0.3441,False
T,46,15,31,0.9,1.0,100.0,True
T,46,15,31,0.95,1.0,100.0,True
T,46,15,32,0.8,0.9231,13.9811,False
T,46,15,32,0.9,1.0,100.0,True
T,46,15,32,0.95,1.0,100.0,True
T,46,15,33,0.8,0.8077,0.3441,False
T,46,15,33,0.9,0.8269,5.077,False
T,46,15,33,0.95,0.8269,5.077,False
T,46,15,34,0.8,0.9231,13.9811,False
T,46,15,34,0.9,1.0,100.0,True
T,46,15,34,0.95,1.0,100.0,True
T,46,15,35,0.8,0.8269,5.077,False
T,46,15,35,0.9,0.9231,13.9811,False
T,46,15,35,0.95,0.9231,13.9811,False
T,46,15,36,0.8,0.8077,0.3441,False
T,46,15,36,0.9,0.8077,1.6151,False
T,46,15,36,0.95,0.8077,1.6151,False
T,46,15,37,0.8,0.8077,0.3441,False
T,46,15,37,0.9,0.8077,0.3441,False
T,46,15,37,0.95,0.8077,0.3441,False
T,46,15,38,0.8,0.9231,13.9811,False
T,46,15,38,0.9,1.0,100.0,True
T,46,15,38,0.95,1.0,100.0,True
T,46,15,39,0.8,0.8269,5.077,False
T,46,15,39,0.9,0.9231,13.9811,False
T,46,15,39,0.95,0.9231,13.9811,False
T,46,20,0,0.8,0.8077,0.3441,False
T,46,20,0,0.9,0.9231,13.9811,False
T,46,20,0,0.95,0.9231,13.9811,False
T,46,20,1,0.8,0.8077,0.3441,False
T,46,20,1,0.9,0.8269,5.077,False
T,46,20,1,0.95,0.8269,5.077,False
T,46,20,2,0.8,0.8077,0.3441,False
T,46,20,2,0.9,1.0,100.0,True
T,46,20,2,0.95,1.0,100.0,True
T,46,20,3,0.8,0.6923,0.0936,False
T,46,20,3,0.9,1.0,100.0,True
T,46,20,3,0.95,1.0,100.0,True
T,46,20,4,0.8,0.8077,0.3441,False
T,46,20,4,0.9,1.0,100.0,True
T,46,20,4,0.95,1.0,100.0,True
T,46,20,5,0.8,0.6923,0.0936,False
T,46,20,5,0.9,1.0,100.0,True
T,46,20,5,0.95,1.0,100.0,True
T,46,20,6,0.8,0.8077,0.3441,False
T,46,20,6,0.9,0.9231,13.9811,False
T,46,20,6,0.95,0.9231,13.9811,False
T,46,20,7,0.8,0.8269,5.077,False
T,46,20,7,0.9,1.0,100.0,True
T,46,20,7,0.95,1.0,100.0,True
T,46,20,8,0.8,0.9231,13.9811,False
T,46,20,8,0.9,1.0,100.0,True
T,46,20,8,0.95,1.0,100.0,True
T,46,20,9,0.8,0.8077,0.3441,False
T,46,20,9,0.9,0.9231,13.9811,False
T,46,20,9,0.95,0.9231,13.9811,False
T,46,20,10,0.8,0.8077,0.3441,False
T,46,20,10,0.9,0.9231,13.9811,False
T,46,20,10,0.95,0.9231,13.9811,False
T,46,20,11,0.8,0.6923,0.0936,False
T,46,20,11,0.9,0.8077,0.3441,False
T,46,20,11,0.95,0.8077,0.3441,False
T,46,20,12,0.8,0.8269,5.077,False
T,46,20,12,0.9,1.0,100.0,True
T,46,20,12,0.95,1.0,100.0,True
T,46,20,13,0.8,0.8269,5.077,False
T,46,20,13,0.9,1.0,100.0,True
T,46,20,13,0.95,1.0,100.0,True
T,46,20,14,0.8,0.6923,0.0936,False
T,46,20,14,0.9,1.0,100.0,True
T,46,20,14,0.95,1.0,100.0,True
T,46,20,15,0.8,0.8077,1.6151,False
T,46,20,15,0.9,1.0,100.0,True
T,46,20,15,0.95,1.0,100.0,True
T,46,20,16,0.8,0.9231,13.9811,False
T,46,20,16,0.9,1.0,100.0,True
T,46,20,16,0.95,1.0,100.0,True
T,46,20,17,0.8,0.9231,13.9811,False
T,46,20,17,0.9,1.0,100.0,True
T,46,20,17,0.95,1.0,100.0,True
T,46,20,18,0.8,0.8077,0.3441,False
T,46,20,18,0.9,1.0,100.0,True
T,46,20,18,0.95,1.0,100.0,True
T,46,20,19,0.8,0.8077,0.3441,False
T,46,20,19,0.9,0.8269,5.077,False
T,46,20,19,0.95,0.8269,5.077,False
T,46,20,20,0.8,0.8269,5.077,False
T,46,20,20,0.9,1.0,100.0,True
T,46,20,20,0.95,1.0,100.0,True
T,46,20,21,0.8,0.8077,0.3441,False
T,46,20,21,0.9,1.0,100.0,True
T,46,20,21,0.95,1.0,100.0,True
T,46,20,22,0.8,0.8269,5.077,False
T,46,20,22,0.9,1.0,100.0,True
T,46,20,22,0.95,1.0,100.0,True
T,46,20,23,0.8,0.8077,1.6151,False
T,46,20,23,0.9,0.9231,13.9811,False
T,46,20,23,0.95,0.9231,13.9811,False
T,46,20,24,0.8,0.8077,0.3441,False
T,46,20,24,0.9,0.8269,5.077,False
T,46,20,24,0.95,0.8269,5.077,False
T,46,20,25,0.8,0.8077,0.3441,False
T,46,20,25,0.9,0.9231,13.9811,False
T,46,20,25,0.95,0.9231,13.9811,False
T,46,20,26,0.8,0.6923,0.0936,False
T,46,20,26,0.9,1.0,100.0,True
T,46,20,26,0.95,1.0,100.0,True
T,46,20,27,0.8,0.8269,5.077,False
T,46,20,27,0.9,1.0,100.0,True
T,46,20,27,0.95,1.0,100.0,True
T,46,20,28,0.8,0.8077,0.3441,False
T,46,20,28,0.9,0.8077,1.6151,False
T,46,20,28,0.95,0.8077,1.6151,False
T,46,20,29,0.8,0.7308,0.1217,False
T,46,20,29,0.9,1.0,100.0,True
T,46,20,29,0.95,1.0,100.0,True
T,46,20,30,0.8,0.8077,0.3441,False
T,46,20,30,0.9,1.0,100.0,True
T,46,20,30,0.95,1.0,100.0,True
T,46,20,31,0.8,0.9231,13.9811,False
T,46,20,31,0.9,1.0,100.0,True
T,46,20,31,0.95,1.0,100.0,True
T,46,20,32,0.8,0.8077,0.3441,False
T,46,20,32,0.9,1.0,100.0,True
T,46,20,32,0.95,1.0,100.0,True
T,46,20,33,0.8,0.8077,1.6151,False
T,46,20,33,0.9,0.9231,13.9811,False
T,46,20,33,0.95,0.9231,13.9811,False
T,46,20,34,0.8,0.8077,1.6151,False
T,46,20,34,0.9,1.0,100.0,True
T,46,20,34,0.95,1.0,100.0,True
T,46,20,35,0.8,0.8077,0.3441,False
T,46,20,35,0.9,1.0,100.0,True
T,46,20,35,0.95,1.0,100.0,True
T,46,20,36,0.8,0.8077,0.3441,False
T,46,20,36,0.9,0.9231,13.9811,False
T,46,20,36,0.95,0.9231,13.9811,False
T,46,20,37,0.8,0.8077,0.3441,False
T,46,20,37,0.9,0.9231,13.9811,False
T,46,20,37,0.95,0.9231,13.9811,False
T,46,20,38,0.8,0.8269,5.077,False
T,46,20,38,0.9,0.9231,13.9811,False
T,46,20,38,0.95,0.9231,13.9811,False
T,46,20,39,0.8,0.8077,0.3441,False
T,46,20,39,0.9,0.9231,13.9811,False
T,46,20,39,0.95,0.9231,13.9811,False
T,46,25,0,0.8,0.8077,1.6151,False
T,46,25,0,0.9,1.0,100.0,True
T,46,25,0,0.95,1.0,100.0,True
T,46,25,1,0.8,0.8077,0.3441,False
T,46,25,1,0.9,1.0,100.0,True
T,46,25,1,0.95,1.0,100.0,True
T,46,25,2,0.8,0.8077,0.3441,False
T,46,25,2,0.9,1.0,100.0,True
T,46,25,2,0.95,1.0,100.0,True
T,46,25,3,0.8,0.8077,0.3441,False
T,46,25,3,0.9,0.9231,13.9811,False
T,46,25,3,0.95,0.9231,13.9811,False
T,46,25,4,0.8,0.8077,1.6151,False
T,46,25,4,0.9,1.0,100.0,True
T,46,25,4,0.95,1.0,100.0,True
T,46,25,5,0.8,0.8269,5.077,False
T,46,25,5,0.9,1.0,100.0,True
T,46,25,5,0.95,1.0,100.0,True
T,46,25,6,0.8,0.8077,1.6151,False
T,46,25,6,0.9,1.0,100.0,True
T,46,25,6,0.95,1.0,100.0,True
T,46,25,7,0.8,0.8077,1.6151,False
T,46,25,7,0.9,0.9231,13.9811,False
T,46,25,7,0.95,0.9231,13.9811,False
T,46,25,8,0.8,0.8077,1.6151,False
T,46,25,8,0.9,1.0,100.0,True
T,46,25,8,0.95,1.0,100.0,True
T,46,25,9,0.8,0.8269,5.077,False
T,46,25,9,0.9,1.0,100.0,True
T,46,25,9,0.95,1.0,100.0,True
T,46,25,10,0.8,0.8077,0.3441,False
T,46,25,10,0.9,1.0,100.0,True
T,46,25,10,0.95,1.0,100.0,True
T,46,25,11,0.8,0.6923,0.0936,False
T,46,25,11,0.9,0.9231,13.9811,False
T,46,25,11,0.95,0.9231,13.9811,False
T,46,25,12,0.8,0.8077,0.3441,False
T,46,25,12,0.9,1.0,100.0,True
T,46,25,12,0.95,1.0,100.0,True
T,46,25,13,0.8,0.8077,0.3441,False
T,46,25,13,0.9,1.0,100.0,True
T,46,25,13,0.95,1.0,100.0,True
T,46,25,14,0.8,0.8077,0.3441,False
T,46,25,14,0.9,0.9231,13.9811,False
T,46,25,14,0.95,0.9231,13.9811,False
T,46,25,15,0.8,0.8077,0.3441,False
T,46,25,15,0.9,1.0,100.0,True
T,46,25,15,0.95,1.0,100.0,True
T,46,25,16,0.8,0.8077,0.3441,False
T,46,25,16,0.9,1.0,100.0,True
T,46,25,16,0.95,1.0,100.0,True
T,46,25,17,0.8,0.8077,0.3441,False
T,46,25,17,0.9,1.0,100.0,True
T,46,25,17,0.95,1.0,100.0,True
T,46,25,18,0.8,0.6923,0.0936,False
T,46,25,18,0.9,0.8077,0.3441,False
T,46,25,18,0.95,0.8077,0.3441,False
T,46,25,19,0.8,0.7308,0.1217,False
T,46,25,19,0.9,1.0,100.0,True
T,46,25,19,0.95,1.0,100.0,True
T,46,25,20,0.8,0.8077,0.3441,False
T,46,25,20,0.9,0.9231,13.9811,False
T,46,25,20,0.95,0.9231,13.9811,False
T,46,25,21,0.8,0.8077,0.3441,False
T,46,25,21,0.9,1.0,100.0,True
T,46,25,21,0.95,1.0,100.0,True
T,46,25,22,0.8,0.8077,0.3441,False
T,46,25,22,0.9,1.0,100.0,True
T,46,25,22,0.95,1.0,100.0,True
T,46,25,23,0.8,0.8077,0.3441,False
T,46,25,23,0.9,1.0,100.0,True
T,46,25,23,0.95,1.0,100.0,True
T,46,25,24,0.8,0.8077,0.3441,False
T,46,25,24,0.9,1.0,100.0,True
T,46,25,24,0.95,1.0,100.0,True
T,46,25,25,0.8,0.8077,0.3441,False
T,46,25,25,0.9,0.8269,5.077,False
T,46,25,25,0.95,0.8269,5.077,False
T,46,25,26,0.8,0.8269,5.077,False
T,46,25,26,0.9,1.0,100.0,True
T,46,25,26,0.95,1.0,100.0,True
T,46,25,27,0.8,0.8077,0.3441,False
T,46,25,27,0.9,0.9231,13.9811,False
T,46,25,27,0.95,0.9231,13.9811,False
T,46,25,28,0.8,0.8077,0.3441,False
T,46,25,28,0.9,0.8077,1.6151,False
T,46,25,28,0.95,0.8077,1.6151,False
T,46,25,29,0.8,0.8077,0.3441,False
T,46,25,29,0.9,1.0,100.0,True
T,46,25,29,0.95,1.0,100.0,True
T,46,25,30,0.8,0.7308,0.1217,False
T,46,25,30,0.9,1.0,100.0,True
T,46,25,30,0.95,1.0,100.0,True
T,46,25,31,0.8,0.6923,0.0936,False
T,46,25,31,0.9,1.0,100.0,True
T,46,25,31,0.95,1.0,100.0,True
T,46,25,32,0.8,0.8077,0.3441,False
T,46,25,32,0.9,1.0,100.0,True
T,46,25,32,0.95,1.0,100.0,True
T,46,25,33,0.8,0.8077,0.3441,False
T,46,25,33,0.9,1.0,100.0,True
T,46,25,33,0.95,1.0,100.0,True
T,46,25,34,0.8,0.8077,0.3441,False
T,46,25,34,0.9,0.9231,13.9811,False
T,46,25,34,0.95,0.9231,13.9811,False
T,46,25,35,0.8,0.7308,0.1217,False
T,46,25,35,0.9,1.0,100.0,True
T,46,25,35,0.95,1.0,100.0,True
T,46,25,36,0.8,0.6923,0.0936,False
T,46,25,36,0.9,0.9231,13.9811,False
T,46,25,36,0.95,0.9231,13.9811,False
T,46,25,37,0.8,0.8077,0.3441,False
T,46,25,37,0.9,1.0,100.0,True
T,46,25,37,0.95,1.0,100.0,True
T,46,25,38,0.8,0.8077,1.6151,False
T,46,25,38,0.9,1.0,100.0,True
T,46,25,38,0.95,1.0,100.0,True
T,46,25,39,0.8,0.8077,1.6151,False
T,46,25,39,0.9,1.0,100.0,True
T,46,25,39,0.95,1.0,100.0,True
T,46,30,0,0.8,0.8077,0.3441,False
T,46,30,0,0.9,0.8077,1.6151,False
T,46,30,0,0.95,1.0,100.0,True
T,46,30,1,0.8,0.8077,1.6151,False
T,46,30,1,0.9,1.0,100.0,True
T,46,30,1,0.95,1.0,100.0,True
T,46,30,2,0.8,0.8077,0.3441,False
T,46,30,2,0.9,0.9231,13.9811,False
T,46,30,2,0.95,1.0,100.0,True
T,46,30,3,0.8,0.6923,0.0936,False
T,46,30,3,0.9,0.8077,0.3441,False
T,46,30,3,0.95,1.0,100.0,True
T,46,30,4,0.8,0.8077,0.3441,False
T,46,30,4,0.9,0.9231,13.9811,False
T,46,30,4,0.95,1.0,100.0,True
T,46,30,5,0.8,0.8077,0.3441,False
T,46,30,5,0.9,0.9231,13.9811,False
T,46,30,5,0.95,1.0,100.0,True
T,46,30,6,0.8,0.8077,0.3441,False
T,46,30,6,0.9,0.8269,5.077,False
T,46,30,6,0.95,1.0,100.0,True
T,46,30,7,0.8,0.7308,0.1217,False
T,46,30,7,0.9,1.0,100.0,True
T,46,30,7,0.95,1.0,100.0,True
T,46,30,8,0.8,0.7308,0.1217,False
T,46,30,8,0.9,0.9231,13.9811,False
T,46,30,8,0.95,1.0,100.0,True
T,46,30,9,0.8,0.8077,0.3441,False
T,46,30,9,0.9,0.8269,5.077,False
T,46,30,9,0.95,1.0,100.0,True
T,46,30,10,0.8,0.8077,0.3441,False
T,46,30,10,0.9,0.9231,13.9811,False
T,46,30,10,0.95,0.9231,13.9811,False
T,46,30,11,0.8,0.8077,0.3441,False
T,46,30,11,0.9,0.9231,13.9811,False
T,46,30,11,0.95,1.0,100.0,True
T,46,30,12,0.8,0.6923,0.0936,False
T,46,30,12,0.9,0.8077,0.3441,False
T,46,30,12,0.95,0.9231,13.9811,False
T,46,30,13,0.8,0.8077,0.3441,False
T,46,30,13,0.9,0.8269,5.077,False
T,46,30,13,0.95,1.0,100.0,True
T,46,30,14,0.8,0.6923,0.0936,False
T,46,30,14,0.9,0.8269,5.077,False
T,46,30,14,0.95,0.9231,13.9811,False
T,46,30,15,0.8,0.8077,0.3441,False
T,46,30,15,0.9,0.8269,5.077,False
T,46,30,15,0.95,1.0,100.0,True
T,46,30,16,0.8,0.8077,1.6151,False
T,46,30,16,0.9,1.0,100.0,True
T,46,30,16,0.95,1.0,100.0,True
T,46,30,17,0.8,0.8077,0.3441,False
T,46,30,17,0.9,1.0,100.0,True
T,46,30,17,0.95,1.0,100.0,True
T,46,30,18,0.8,0.8077,0.3441,False
T,46,30,18,0.9,0.8077,0.3441,False
T,46,30,18,0.95,0.9231,13.9811,False
T,46,30,19,0.8,0.8077,0.3441,False
T,46,30,19,0.9,0.8077,0.3441,False
T,46,30,19,0.95,0.9231,13.9811,False
T,46,30,20,0.8,0.8077,0.3441,False
T,46,30,20,0.9,0.8269,5.077,False
T,46,30,20,0.95,1.0,100.0,True
T,46,30,21,0.8,0.6923,0.0936,False
T,46,30,21,0.9,0.8077,0.3441,False
T,46,30,21,0.95,0.9231,13.9811,False
T,46,30,22,0.8,0.8077,0.3441,False
T,46,30,22,0.9,1.0,100.0,True
T,46,30,22,0.95,1.0,100.0,True
T,46,30,23,0.8,0.8077,0.3441,False
T,46,30,23,0.9,0.9231,13.9811,False
T,46,30,23,0.95,0.9231,13.9811,False
T,46,30,24,0.8,0.8077,0.3441,False
T,46,30,24,0.9,0.8077,1.6151,False
T,46,30,24,0.95,1.0,100.0,True
T,46,30,25,0.8,0.6923,0.0936,False
T,46,30,25,0.9,0.8077,0.3441,False
T,46,30,25,0.95,1.0,100.0,True
T,46,30,26,0.8,0.8077,0.3441,False
T,46,30,26,0.9,0.9231,13.9811,False
T,46,30,26,0.95,1.0,100.0,True
T,46,30,27,0.8,0.8077,0.3441,False
T,46,30,27,0.9,0.9231,13.9811,False
T,46,30,27,0.95,1.0,100.0,True
T,46,30,28,0.8,0.7308,0.1217,False
T,46,30,28,0.9,0.8077,1.6151,False
T,46,30,28,0.95,1.0,100.0,True
T,46,30,29,0.8,0.8077,0.3441,False
T,46,30,29,0.9,0.9231,13.9811,False
T,46,30,29,0.95,1.0,100.0,True
T,46,30,30,0.8,0.8077,0.3441,False
T,46,30,30,0.9,1.0,100.0,True
T,46,30,30,0.95,1.0,100.0,True
T,46,30,31,0.8,0.8077,0.3441,False
T,46,30,31,0.9,0.8077,1.6151,False
T,46,30,31,0.95,0.9231,13.9811,False
T,46,30,32,0.8,0.8269,5.077,False
T,46,30,32,0.9,1.0,100.0,True
T,46,30,32,0.95,1.0,100.0,True
T,46,30,33,0.8,0.8077,0.3441,False
T,46,30,33,0.9,0.8077,1.6151,False
T,46,30,33,0.95,0.9231,13.9811,False
T,46,30,34,0.8,0.8077,0.3441,False
T,46,30,34,0.9,1.0,100.0,True
T,46,30,34,0.95,1.0,100.0,True
T,46,30,35,0.8,0.8077,1.6151,False
T,46,30,35,0.9,1.0,100.0,True
T,46,30,35,0.95,1.0,100.0,True
T,46,30,36,0.8,0.6923,0.0936,False
T,46,30,36,0.9,0.8077,0.3441,False
T,46,30,36,0.95,0.8077,0.3441,False
T,46,30,37,0.8,0.8077,1.6151,False
T,46,30,37,0.9,1.0,100.0,True
T,46,30,37,0.95,1.0,100.0,True
T,46,30,38,0.8,0.8077,0.3441,False
T,46,30,38,0.9,0.8269,5.077,False
T,46,30,38,0.95,0.9231,13.9811,False
T,46,30,39,0.8,0.8077,0.3441,False
T,46,30,39,0.9,0.9231,13.9811,False
T,46,30,39,0.95,1.0,100.0,True
T,46,40,0,0.8,0.8077,0.3441,False
T,46,40,0,0.9,0.9231,13.9811,False
T,46,40,0,0.95,1.0,100.0,True
T,46,40,1,0.8,0.8077,0.3441,False
T,46,40,1,0.9,0.9231,13.9811,False
T,46,40,1,0.95,1.0,100.0,True
T,46,40,2,0.8,0.8077,0.3441,False
T,46,40,2,0.9,0.9231,13.9811,False
T,46,40,2,0.95,1.0,100.0,True
T,46,40,3,0.8,0.8077,0.3441,False
T,46,40,3,0.9,0.9231,13.9811,False
T,46,40,3,0.95,1.0,100.0,True
T,46,40,4,0.8,0.8077,0.3441,False
T,46,40,4,0.9,0.8269,5.077,False
T,46,40,4,0.95,1.0,100.0,True
T,46,40,5,0.8,0.6923,0.0936,False
T,46,40,5,0.9,0.8077,1.6151,False
T,46,40,5,0.95,1.0,100.0,True
T,46,40,6,0.8,0.8077,0.3441,False
T,46,40,6,0.9,0.8269,5.077,False
T,46,40,6,0.95,1.0,100.0,True
T,46,40,7,0.8,0.8077,0.3441,False
T,46,40,7,0.9,0.9231,13.9811,False
T,46,40,7,0.95,1.0,100.0,True
T,46,40,8,0.8,0.8077,0.3441,False
T,46,40,8,0.9,0.9231,13.9811,False
T,46,40,8,0.95,1.0,100.0,True
T,46,40,9,0.8,0.8077,0.3441,False
T,46,40,9,0.9,0.9231,13.9811,False
T,46,40,9,0.95,1.0,100.0,True
T,46,40,10,0.8,0.8077,0.3441,False
T,46,40,10,0.9,0.9231,13.9811,False
T,46,40,10,0.95,1.0,100.0,True
T,46,40,11,0.8,0.8077,0.3441,False
T,46,40,11,0.9,0.9231,13.9811,False
T,46,40,11,0.95,1.0,100.0,True
T,46,40,12,0.8,0.8077,0.3441,False
T,46,40,12,0.9,0.9231,13.9811,False
T,46,40,12,0.95,1.0,100.0,True
T,46,40,13,0.8,0.8077,0.3441,False
T,46,40,13,0.9,0.8269,5.077,False
T,46,40,13,0.95,0.9231,13.9811,False
T,46,40,14,0.8,0.8077,0.3441,False
T,46,40,14,0.9,0.9231,13.9811,False
T,46,40,14,0.95,1.0,100.0,True
T,46,40,15,0.8,0.8077,0.3441,False
T,46,40,15,0.9,0.9231,13.9811,False
T,46,40,15,0.95,1.0,100.0,True
T,46,40,16,0.8,0.8077,0.3441,False
T,46,40,16,0.9,0.9231,13.9811,False
T,46,40,16,0.95,1.0,100.0,True
T,46,40,17,0.8,0.8077,0.3441,False
T,46,40,17,0.9,0.9231,13.9811,False
T,46,40,17,0.95,1.0,100.0,True
T,46,40,18,0.8,0.8077,0.3441,False
T,46,40,18,0.9,0.9231,13.9811,False
T,46,40,18,0.95,1.0,100.0,True
T,46,40,19,0.8,0.8077,0.3441,False
T,46,40,19,0.9,0.9231,13.9811,False
T,46,40,19,0.95,1.0,100.0,True
T,46,40,20,0.8,0.8077,0.3441,False
T,46,40,20,0.9,0.8269,5.077,False
T,46,40,20,0.95,1.0,100.0,True
T,46,40,21,0.8,0.8077,0.3441,False
T,46,40,21,0.9,0.9231,13.9811,False
T,46,40,21,0.95,1.0,100.0,True
T,46,40,22,0.8,0.8077,0.3441,False
T,46,40,22,0.9,0.9231,13.9811,False
T,46,40,22,0.95,1.0,100.0,True
T,46,40,23,0.8,0.7308,0.1217,False
T,46,40,23,0.9,0.9231,13.9811,False
T,46,40,23,0.95,1.0,100.0,True
T,46,40,24,0.8,0.7308,0.1217,False
T,46,40,24,0.9,0.8269,5.077,False
T,46,40,24,0.95,1.0,100.0,True
T,46,40,25,0.8,0.6923,0.0936,False
T,46,40,25,0.9,0.8077,0.3441,False
T,46,40,25,0.95,0.9231,13.9811,False
T,46,40,26,0.8,0.8077,0.3441,False
T,46,40,26,0.9,0.9231,13.9811,False
T,46,40,26,0.95,1.0,100.0,True
T,46,40,27,0.8,0.8077,0.3441,False
T,46,40,27,0.9,0.8269,5.077,False
T,46,40,27,0.95,0.9231,13.9811,False
T,46,40,28,0.8,0.8077,0.3441,False
T,46,40,28,0.9,0.8077,1.6151,False
T,46,40,28,0.95,0.9231,13.9811,False
T,46,40,29,0.8,0.8077,0.3441,False
T,46,40,29,0.9,0.9231,13.9811,False
T,46,40,29,0.95,1.0,100.0,True
T,46,40,30,0.8,0.6923,0.0936,False
T,46,40,30,0.9,0.8077,0.3441,False
T,46,40,30,0.95,1.0,100.0,True
T,46,40,31,0.8,0.8077,0.3441,False
T,46,40,31,0.9,0.8077,1.6151,False
T,46,40,31,0.95,0.9231,13.9811,False
T,46,40,32,0.8,0.8077,0.3441,False
T,46,40,32,0.9,0.9231,13.9811,False
T,46,40,32,0.95,1.0,100.0,True
T,46,40,33,0.8,0.8077,0.3441,False
T,46,40,33,0.9,0.9231,13.9811,False
T,46,40,33,0.95,1.0,100.0,True
T,46,40,34,0.8,0.7308,0.1217,False
T,46,40,34,0.9,0.9231,13.9811,False
T,46,40,34,0.95,1.0,100.0,True
T,46,40,35,0.8,0.8077,0.3441,False
T,46,40,35,0.9,0.8077,1.6151,False
T,46,40,35,0.95,1.0,100.0,True
T,46,40,36,0.8,0.6923,0.0936,False
T,46,40,36,0.9,0.8269,5.077,False
T,46,40,36,0.95,1.0,100.0,True
T,46,40,37,0.8,0.8077,0.3441,False
T,46,40,37,0.9,0.9231,13.9811,False
T,46,40,37,0.95,1.0,100.0,True
T,46,40,38,0.8,0.8077,0.3441,False
T,46,40,38,0.9,0.9231,13.9811,False
T,46,40,38,0.95,1.0,100.0,True
T,46,40,39,0.8,0.8077,0.3441,False
T,46,40,39,0.9,0.8269,5.077,False
T,46,40,39,0.95,0.9231,13.9811,False
T,46,50,0,0.8,0.8077,0.3441,False
T,46,50,0,0.9,0.9231,13.9811,False
T,46,50,0,0.95,1.0,100.0,True
T,46,50,1,0.8,0.7308,0.1217,False
T,46,50,1,0.9,0.8269,5.077,False
T,46,50,1,0.95,1.0,100.0,True
T,46,50,2,0.8,0.8077,0.3441,False
T,46,50,2,0.9,0.8269,5.077,False
T,46,50,2,0.95,1.0,100.0,True
T,46,50,3,0.8,0.8077,0.3441,False
T,46,50,3,0.9,0.8077,1.6151,False
T,46,50,3,0.95,1.0,100.0,True
T,46,50,4,0.8,0.8077,0.3441,False
T,46,50,4,0.9,0.9231,13.9811,False
T,46,50,4,0.95,1.0,100.0,True
T,46,50,5,0.8,0.8077,0.3441,False
T,46,50,5,0.9,0.8269,5.077,False
T,46,50,5,0.95,1.0,100.0,True
T,46,50,6,0.8,0.8077,0.3441,False
T,46,50,6,0.9,0.9231,13.9811,False
T,46,50,6,0.95,1.0,100.0,True
T,46,50,7,0.8,0.8077,0.3441,False
T,46,50,7,0.9,0.9231,13.9811,False
T,46,50,7,0.95,1.0,100.0,True
T,46,50,8,0.8,0.8077,0.3441,False
T,46,50,8,0.9,0.9231,13.9811,False
T,46,50,8,0.95,1.0,100.0,True
T,46,50,9,0.8,0.8077,0.3441,False
T,46,50,9,0.9,0.8077,1.6151,False
T,46,50,9,0.95,1.0,100.0,True
T,46,50,10,0.8,0.8077,0.3441,False
T,46,50,10,0.9,0.8269,5.077,False
T,46,50,10,0.95,1.0,100.0,True
T,46,50,11,0.8,0.8077,0.3441,False
T,46,50,11,0.9,0.8077,1.6151,False
T,46,50,11,0.95,1.0,100.0,True
T,46,50,12,0.8,0.8077,0.3441,False
T,46,50,12,0.9,0.8077,1.6151,False
T,46,50,12,0.95,1.0,100.0,True
T,46,50,13,0.8,0.8077,0.3441,False
T,46,50,13,0.9,0.9231,13.9811,False
T,46,50,13,0.95,1.0,100.0,True
T,46,50,14,0.8,0.8077,0.3441,False
T,46,50,14,0.9,0.8269,5.077,False
T,46,50,14,0.95,1.0,100.0,True
T,46,50,15,0.8,0.8077,0.3441,False
T,46,50,15,0.9,0.9231,13.9811,False
T,46,50,15,0.95,1.0,100.0,True
T,46,50,16,0.8,0.8077,0.3441,False
T,46,50,16,0.9,0.8269,5.077,False
T,46,50,16,0.95,1.0,100.0,True
T,46,50,17,0.8,0.8077,0.3441,False
T,46,50,17,0.9,0.8269,5.077,False
T,46,50,17,0.95,1.0,100.0,True
T,46,50,18,0.8,0.8077,0.3441,False
T,46,50,18,0.9,0.8077,1.6151,False
T,46,50,18,0.95,1.0,100.0,True
T,46,50,19,0.8,0.8077,0.3441,False
T,46,50,19,0.9,0.8269,5.077,False
T,46,50,19,0.95,1.0,100.0,True
T,46,50,20,0.8,0.8077,0.3441,False
T,46,50,20,0.9,0.8269,5.077,False
T,46,50,20,0.95,1.0,100.0,True
T,46,50,21,0.8,0.8077,0.3441,False
T,46,50,21,0.9,0.9231,13.9811,False
T,46,50,21,0.95,1.0,100.0,True
T,46,50,22,0.8,0.8077,0.3441,False
T,46,50,22,0.9,0.8269,5.077,False
T,46,50,22,0.95,1.0,100.0,True
T,46,50,23,0.8,0.8077,0.3441,False
T,46,50,23,0.9,0.9231,13.9811,False
T,46,50,23,0.95,1.0,100.0,True
T,46,50,24,0.8,0.8077,0.3441,False
T,46,50,24,0.9,0.9231,13.9811,False
T,46,50,24,0.95,1.0,100.0,True
T,46,50,25,0.8,0.8077,0.3441,False
T,46,50,25,0.9,0.9231,13.9811,False
T,46,50,25,0.95,1.0,100.0,True
T,46,50,26,0.8,0.8077,0.3441,False
T,46,50,26,0.9,0.8269,5.077,False
T,46,50,26,0.95,1.0,100.0,True
T,46,50,27,0.8,0.8077,0.3441,False
T,46,50,27,0.9,0.8269,5.077,False
T,46,50,27,0.95,1.0,100.0,True
T,46,50,28,0.8,0.8077,0.3441,False
T,46,50,28,0.9,0.9231,13.9811,False
T,46,50,28,0.95,1.0,100.0,True
T,46,50,29,0.8,0.8077,0.3441,False
T,46,50,29,0.9,0.9231,13.9811,False
T,46,50,29,0.95,1.0,100.0,True
T,46,50,30,0.8,0.8077,0.3441,False
T,46,50,30,0.9,0.9231,13.9811,False
T,46,50,30,0.95,1.0,100.0,True
T,46,50,31,0.8,0.8077,0.3441,False
T,46,50,31,0.9,0.9231,13.9811,False
T,46,50,31,0.95,1.0,100.0,True
T,46,50,32,0.8,0.8077,0.3441,False
T,46,50,32,0.9,0.9231,13.9811,False
T,46,50,32,0.95,1.0,100.0,True
T,46,50,33,0.8,0.8077,0.3441,False
T,46,50,33,0.9,0.9231,13.9811,False
T,46,50,33,0.95,1.0,100.0,True
T,46,50,34,0.8,0.7308,0.1217,False
T,46,50,34,0.9,0.9231,13.9811,False
T,46,50,34,0.95,1.0,100.0,True
T,46,50,35,0.8,0.8077,0.3441,False
T,46,50,35,0.9,0.9231,13.9811,False
T,46,50,35,0.95,1.0,100.0,True
T,46,50,36,0.8,0.8077,0.3441,False
T,46,50,36,0.9,0.9231,13.9811,False
T,46,50,36,0.95,1.0,100.0,True
T,46,50,37,0.8,0.8077,0.3441,False
T,46,50,37,0.9,0.9231,13.9811,False
T,46,50,37,0.95,1.0,100.0,True
T,46,50,38,0.8,0.8077,0.3441,False
T,46,50,38,0.9,0.9231,13.9811,False
T,46,50,38,0.95,1.0,100.0,True
T,46,50,39,0.8,0.8077,0.3441,False
T,46,50,39,0.9,0.8269,5.077,False
T,46,50,39,0.95,1.0,100.0,True
T,46,56,0,0.8,0.8077,0.3441,False
T,46,56,0,0.9,0.9231,13.9811,False
T,46,56,0,0.95,1.0,100.0,True
